example,IUPAC,SMILES
1,"(1R,5R,6R)-3-(2-((1-((dimethylamino)methyl)cyclopropyl)methoxy)-7-(8-ethyl-7-fluoro-3- hydroxynaphthalen-1-yl)-8-fluoroquinazolin-4-yl)-3-azabicyclo[3.2.1]octan-6-ol  ",CN(C)CC1(CC1)COC1=NC2=C(C(=CC=C2C(=N1)N1C[C@H]2C[C@H]([C@@H](C1)C2)O)C2=CC(=CC1=CC=C(C(=C21)CC)F)O)F
2,"(R)-1-(7-(8-ethyl-7-fluoro-3-hydroxynaphthalen-1-yl)-8-fluoro-2-(((2R,7aS)-2-fluorotetrahydro- 1H-pyrrolizin-7a(5H)-yl)methoxy)quinazolin-4-yl)-3-methylpiperidin-3-ol",C(C)C=1C(=CC=C2C=C(C=C(C12)C1=CC=C2C(=NC(=NC2=C1F)OC[C@]12CCCN2C[C@@H](C1)F)N1C[C@@](CCC1)(O)C)O)F
3,"5-(7-(8-ethyl-7-fluoro-3-hydroxynaphthalen-1-yl)-8-fluoro-2-(((2R,7aS)-2-fluorotetrahydro- 1H-pyrrolizin-7a(5H)-yl)methoxy)quinazolin-4-yl)tetrahydropyrrolo[3,4-c]pyrrole- 1,3(2H,3aH)-dione",C(C)C=1C(=CC=C2C=C(C=C(C12)C1=CC=C2C(=NC(=NC2=C1F)OC[C@]12CCCN2C[C@@H](C1)F)N1CC2C(C1)C(NC2=O)=O)O)F
4,"6-(7-(8-ethyl-7-fluoro-3-hydroxynaphthalen-1-yl)-8-fluoro-2-(((2R,7aS)-2-fluorotetrahydro-1H- pyrrolizin-7a(5H)-yl)methoxy)quinazolin-4-yl)-6-azaspiro[3.5]nonan-2-ol",C(C)C=1C(=CC=C2C=C(C=C(C12)C1=CC=C2C(=NC(=NC2=C1F)OC[C@]12CCCN2C[C@@H](C1)F)N1CC2(CC(C2)O)CCC1)O)F
5,"7-(7-(8-ethyl-7-fluoro-3-hydroxynaphthalen-1-yl)-8-fluoro-2-(((2R,7aS)-2-fluorotetrahydro-1H- pyrrolizin-7a(5H)-yl)methoxy)quinazolin-4-yl)-1,3,7-triazaspiro[4.5]decan-2-one",C(C)C=1C(=CC=C2C=C(C=C(C12)C1=CC=C2C(=NC(=NC2=C1F)OC[C@]12CCCN2C[C@@H](C1)F)N1CC2(CNC(N2)=O)CCC1)O)F
6,"7-(7-(8-ethyl-7-fluoro-3-hydroxynaphthalen-1-yl)-8-fluoro-2-(((2R,7aS)-2-fluorotetrahydro-1H- pyrrolizin-7a(5H)-yl)methoxy)quinazolin-4-yl)-2,7-diazaspiro[4.5]decane-1,3-dione",C(C)C=1C(=CC=C2C=C(C=C(C12)C1=CC=C2C(=NC(=NC2=C1F)OC[C@]12CCCN2C[C@@H](C1)F)N1CC2(CC(NC2=O)=O)CCC1)O)F
7,"7-(7-(8-ethyl-7-fluoro-3-hydroxynaphthalen-1-yl)-8-fluoro-2-(((2R,7aS)-2-fluorotetrahydro-1H- pyrrolizin-7a(5H)-yl)methoxy)quinazolin-4-yl)-1,3,7-triazaspiro[4.5]decane-2,4-dione",C(C)C=1C(=CC=C2C=C(C=C(C12)C1=CC=C2C(=NC(=NC2=C1F)OC[C@]12CCCN2C[C@@H](C1)F)N1CC2(C(NC(N2)=O)=O)CCC1)O)F
8,"7-(7-(8-ethyl-7-fluoro-3-hydroxynaphthalen-1-yl)-8-fluoro-2-(((2R,7aS)-2-fluorohexahydro-1H- pyrrolizin-7a-yl)methoxy)quinazolin-4-yl)-2-thia-1,3,7-triazaspiro[4.5]decane 2,2-dioxide",C(C)C=1C(=CC=C2C=C(C=C(C12)C1=CC=C2C(=NC(=NC2=C1F)OC[C@]12CCCN2C[C@@H](C1)F)N1CC2(CNS(N2)(=O)=O)CCC1)O)F
9,"5-(7-(8-ethyl-7-fluoro-3-hydroxynaphthalen-1-yl)-8-fluoro-2-(((2R,7aS)-2-fluorotetrahydro-1H- pyrrolizin-7a(5H)-yl)methoxy)quinazolin-4-yl)-N,N-dimethyl-5,6,7,8-tetrahydro-4H- pyrazolo[1,5-a][1,4]diazepine-2-carboxamide",C(C)C=1C(=CC=C2C=C(C=C(C12)C1=CC=C2C(=NC(=NC2=C1F)OC[C@]12CCCN2C[C@@H](C1)F)N1CC=2N(CCC1)N=C(C2)C(=O)N(C)C)O)F
10,"(3R)-1-(2-((1-((dimethylamino)methyl)cyclopropyl)methoxy)-7-(8-ethyl-7-fluoro-3- hydroxynaphthalen-1-yl)-6,8-difluoroquinazolin-4-yl)-3-methylpiperidin-3-ol",CN(C)CC1(CC1)COC1=NC2=C(C(=C(C=C2C(=N1)N1C[C@@](CCC1)(O)C)F)C1=CC(=CC2=CC=C(C(=C12)CC)F)O)F
11,"(R)-1-(2-((1-((dimethylamino)methyl)cyclopropyl)methoxy)-7-((R)-8-ethyl-7-fluoro-3- hydroxynaphthalen-1-yl)-6,8-difluoroquinazolin-4-yl)-3-methylpiperidin-3-ol",Did not work
12,"(R)-1-(2-((1-((dimethylamino)methyl)cyclopropyl)methoxy)-7-((S)-8-ethyl-7-fluoro-3- hydroxynaphthalen-1-yl)-6,8-difluoroquinazolin-4-yl)-3-methylpiperidin-3-ol",Did not work
13,"(3R)-1-(7-(8-ethyl-7-fluoro-3-hydroxynaphthalen-1-yl)-6,8-difluoro-2-(((2R,7aS)-2- fluorohexahydro-1H-pyrrolizin-7a-yl)methoxy)quinazolin-4-yl)-3-methylpiperidin-3-ol",C(C)C=1C(=CC=C2C=C(C=C(C12)C1=C(C=C2C(=NC(=NC2=C1F)OC[C@]12CCCN2C[C@@H](C1)F)N1C[C@@](CCC1)(O)C)F)O)F
14,"(1R,5R,6R)-3-(7-(8-ethyl-7-fluoro-3-hydroxynaphthalen-1-yl)-6,8-difluoro-2-(((2R,7aS)-2- fluorohexahydro-1H-pyrrolizin-7a-yl)methoxy)quinazolin-4-yl)-3-azabicyclo[3.2.1]octan-6-ol",C(C)C=1C(=CC=C2C=C(C=C(C12)C1=C(C=C2C(=NC(=NC2=C1F)OC[C@]12CCCN2C[C@@H](C1)F)N1C[C@H]2C[C@H]([C@@H](C1)C2)O)F)O)F
15,"(6S)-4-(7-(8-ethyl-7-fluoro-3-hydroxynaphthalen-1-yl)-6,8-difluoro-2-(((2R,7aS)-2- fluorohexahydro-1H-pyrrolizin-7a-yl)methoxy)quinazolin-4-yl)-6-methyl-1,4-oxazepan-6-ol",C(C)C=1C(=CC=C2C=C(C=C(C12)C1=C(C=C2C(=NC(=NC2=C1F)OC[C@]12CCCN2C[C@@H](C1)F)N1CCOC[C@](C1)(O)C)F)O)F
16,"5-(7-(8-ethyl-7-fluoro-3-hydroxynaphthalen-1-yl)-6,8-difluoro-2-(((2R,7aS)-2-fluorohexahydro- 1H-pyrrolizin-7a-yl)methoxy)quinazolin-4-yl)tetrahydropyrrolo[3,4-c]pyrrole-1,3(2H,3aH)- dione",C(C)C=1C(=CC=C2C=C(C=C(C12)C1=C(C=C2C(=NC(=NC2=C1F)OC[C@]12CCCN2C[C@@H](C1)F)N1CC2C(C1)C(NC2=O)=O)F)O)F
17,"6-(7-(8-ethyl-7-fluoro-3-hydroxynaphthalen-1-yl)-6,8-difluoro-2-(((2R,7aS)-2-fluorohexahydro- 1H-pyrrolizin-7a-yl)methoxy)quinazolin-4-yl)-1,6-diazaspiro[3.5]nonan-2-one",C(C)C=1C(=CC=C2C=C(C=C(C12)C1=C(C=C2C(=NC(=NC2=C1F)OC[C@]12CCCN2C[C@@H](C1)F)N1CC2(CC(N2)=O)CCC1)F)O)F
18,"(2S,4s)-6-(7-(8-ethyl-7-fluoro-3-hydroxynaphthalen-1-yl)-6,8-difluoro-2-(((2R,7aS)-2- fluorohexahydro-1H-pyrrolizin-7a-yl)methoxy)quinazolin-4-yl)-6-azaspiro[3.5]nonan-2-ol",Did not work
19,"(2R,4r)-6-(7-(8-ethyl-7-fluoro-3-hydroxynaphthalen-1-yl)-6,8-difluoro-2-(((2R,7aS)-2- fluorohexahydro-1H-pyrrolizin-7a-yl)methoxy)quinazolin-4-yl)-6-azaspiro[3.5]nonan-2-ol  ",Did not work
20,"7-(7-(8-ethyl-7-fluoro-3-hydroxynaphthalen-1-yl)-6,8-difluoro-2-(((2R,7aS)-2-fluorohexahydro- 1H-pyrrolizin-7a-yl)methoxy)quinazolin-4-yl)-1,3,7-triazaspiro[4.5]decan-2-one",C(C)C=1C(=CC=C2C=C(C=C(C12)C1=C(C=C2C(=NC(=NC2=C1F)OC[C@]12CCCN2C[C@@H](C1)F)N1CC2(CNC(N2)=O)CCC1)F)O)F
21,"7-(7-(8-ethyl-7-fluoro-3-hydroxynaphthalen-1-yl)-6,8-difluoro-2-(((2R,7aS)-2-fluorohexahydro- 1H-pyrrolizin-7a-yl)methoxy)quinazolin-4-yl)-1,3,7-triazaspiro[4.5]decane-2,4-dione  ",C(C)C=1C(=CC=C2C=C(C=C(C12)C1=C(C=C2C(=NC(=NC2=C1F)OC[C@]12CCCN2C[C@@H](C1)F)N1CC2(C(NC(N2)=O)=O)CCC1)F)O)F
22,"7-(7-(8-ethyl-7-fluoro-3-hydroxynaphthalen-1-yl)-6,8-difluoro-2-(((2R,7aS)-2-fluorohexahydro- 1H-pyrrolizin-7a-yl)methoxy)quinazolin-4-yl)-2-thia-1,3,7-triazaspiro[4.5]decane 2,2-dioxide",C(C)C=1C(=CC=C2C=C(C=C(C12)C1=C(C=C2C(=NC(=NC2=C1F)OC[C@]12CCCN2C[C@@H](C1)F)N1CC2(CNS(N2)(=O)=O)CCC1)F)O)F
23,"5-(7-(8-ethyl-7-fluoro-3-hydroxynaphthalen-1-yl)-6,8-difluoro-2-(((2R,7aS)-2-fluorohexahydro- 1H-pyrrolizin-7a-yl)methoxy)quinazolin-4-yl)-N,N-dimethyl-5,6,7,8-tetrahydro-4H- pyrazolo[1,5-a][1,4]diazepine-2-carboxamide",C(C)C=1C(=CC=C2C=C(C=C(C12)C1=C(C=C2C(=NC(=NC2=C1F)OC[C@]12CCCN2C[C@@H](C1)F)N1CC=2N(CCC1)N=C(C2)C(=O)N(C)C)F)O)F
24,"(3R)-1-(6-chloro-7-(8-ethyl-7-fluoro-3-hydroxynaphthalen-1-yl)-8-fluoro-2-(((2R,7aS)-2- fluorohexahydro-1H-pyrrolizin-7a-yl)methoxy)quinazolin-4-yl)-3-methylpiperidin-3-ol",ClC=1C=C2C(=NC(=NC2=C(C1C1=CC(=CC2=CC=C(C(=C12)CC)F)O)F)OC[C@]12CCCN2C[C@@H](C1)F)N1C[C@@](CCC1)(O)C
25,"5-(6-chloro-7-(8-ethyl-7-fluoro-3-hydroxynaphthalen-1-yl)-8-fluoro-2-(((2R,7aS)-2- fluorotetrahydro-1H-pyrrolizin-7a(5H)-yl)methoxy)quinazolin-4-yl)-N,N-dimethyl-5,6,7,8- tetrahydro-4H-pyrazolo[1,5-a][1,4]diazepine-2-carboxamide",ClC=1C=C2C(=NC(=NC2=C(C1C1=CC(=CC2=CC=C(C(=C12)CC)F)O)F)OC[C@]12CCCN2C[C@@H](C1)F)N1CC=2N(CCC1)N=C(C2)C(=O)N(C)C
26,(R)-1-(2-((1-((dimethylamino)methyl)cyclopropyl)methoxy)-7-(8-ethyl-7-fluoro-3- hydroxynaphthalen-1-yl)-8-fluoroquinazolin-4-yl)-3-methylpiperidin-3-ol,CN(C)CC1(CC1)COC1=NC2=C(C(=CC=C2C(=N1)N1C[C@@](CCC1)(O)C)C1=CC(=CC2=CC=C(C(=C12)CC)F)O)F
27,"4-(4-(dimethylamino)-8-fluoro-2-(((2R,7aS)-2-fluorotetrahydro-1H-pyrrolizin-7a(5H)- yl)methoxy)-6-vinylquinazolin-7-yl)-5-ethyl-6-fluoronaphthalen-2-ol",CN(C1=NC(=NC2=C(C(=C(C=C12)C=C)C1=CC(=CC2=CC=C(C(=C12)CC)F)O)F)OC[C@]12CCCN2C[C@@H](C1)F)C
28,"4-(dimethylamino)-7-(8-ethyl-7-fluoro-3-hydroxynaphthalen-1-yl)-8-fluoro-2-(((2R,7aS)-2- fluorotetrahydro-1H-pyrrolizin-7a(5H)-yl)methoxy)quinazolin-6-ol",CN(C1=NC(=NC2=C(C(=C(C=C12)O)C1=CC(=CC2=CC=C(C(=C12)CC)F)O)F)OC[C@]12CCCN2C[C@@H](C1)F)C
29,"4-(6-cyclopropyl-4-(dimethylamino)-8-fluoro-2-(((2R,7aS)-2-fluorotetrahydro-1H-pyrrolizin- 7a(5H)-yl)methoxy)quinazolin-7-yl)-5-ethyl-6-fluoronaphthalen-2-ol",C1(CC1)C=1C=C2C(=NC(=NC2=C(C1C1=CC(=CC2=CC=C(C(=C12)CC)F)O)F)OC[C@]12CCCN2C[C@@H](C1)F)N(C)C
30,"4-(4-(dimethylamino)-6-ethyl-8-fluoro-2-(((2R,7aS)-2-fluorotetrahydro-1H-pyrrolizin-7a(5H)- yl)methoxy)quinazolin-7-yl)-5-ethyl-6-fluoronaphthalen-2-ol",CN(C1=NC(=NC2=C(C(=C(C=C12)CC)C1=CC(=CC2=CC=C(C(=C12)CC)F)O)F)OC[C@]12CCCN2C[C@@H](C1)F)C
31,"4-(4-(dimethylamino)-8-fluoro-2-(((2R,7aS)-2-fluorotetrahydro-1H-pyrrolizin-7a(5H)- yl)methoxy)-6-methylquinazolin-7-yl)-5-ethyl-6-fluoronaphthalen-2-ol",CN(C1=NC(=NC2=C(C(=C(C=C12)C)C1=CC(=CC2=CC=C(C(=C12)CC)F)O)F)OC[C@]12CCCN2C[C@@H](C1)F)C
32,"(5R)-7-(6-chloro-7-(5,6-dimethyl-1H-indazol-4-yl)-8-fluoro-2-((tetrahydro-1H-pyrrolizin- 7a(5H)-yl)methoxy)quinazolin-4-yl)-1,3,7-triazaspiro[4.5]decane-2,4-dione",ClC=1C=C2C(=NC(=NC2=C(C1C1=C2C=NNC2=CC(=C1C)C)F)OCC12CCCN2CCC1)N1C[C@@]2(C(NC(N2)=O)=O)CCC1
33,"(5R)-7-(6-chloro-7-(5,6-dimethyl-1H-indazol-4-yl)-8-fluoro-2-(((2R,7aS)-2-fluorotetrahydro- 1H-pyrrolizin-7a(5H)-yl)methoxy)quinazolin-4-yl)-1,3,7-triazaspiro[4.5]decane-2,4-dione",ClC=1C=C2C(=NC(=NC2=C(C1C1=C2C=NNC2=CC(=C1C)C)F)OC[C@]12CCCN2C[C@@H](C1)F)N1C[C@@]2(C(NC(N2)=O)=O)CCC1
34,"4-(6-chloro-4-(dimethylamino)-8-fluoro-2-(((2R,7aS)-2-fluorotetrahydro-1H-pyrrolizin-7a(5H)- yl)methoxy)quinazolin-7-yl)-5-ethyl-6-fluoronaphthalen-2-ol",ClC=1C=C2C(=NC(=NC2=C(C1C1=CC(=CC2=CC=C(C(=C12)CC)F)O)F)OC[C@]12CCCN2C[C@@H](C1)F)N(C)C
35,"(5R)-7-(7-(5,6-dimethyl-1H-indazol-4-yl)-8-fluoro-2-(((2R,7aS)-2-fluorotetrahydro-1H- pyrrolizin-7a(5H)-yl)methoxy)quinazolin-4-yl)-1,3,7-triazaspiro[4.5]decane-2,4-dione  ",CC=1C(=C2C=NNC2=CC1C)C1=CC=C2C(=NC(=NC2=C1F)OC[C@]12CCCN2C[C@@H](C1)F)N1C[C@@]2(C(NC(N2)=O)=O)CCC1
36,"7-(2-((1-((dimethylamino)methyl)cyclopropyl)methoxy)-7-(8-ethyl-7-fluoro-3- hydroxynaphthalen-1-yl)-8-fluoroquinazolin-4-yl)-1,3,7-triazaspiro[4.5]decan-2-one  ",CN(C)CC1(CC1)COC1=NC2=C(C(=CC=C2C(=N1)N1CC2(CNC(N2)=O)CCC1)C1=CC(=CC2=CC=C(C(=C12)CC)F)O)F
37,"7-(2-((1-((dimethylamino)methyl)cyclopropyl)methoxy)-7-(8-ethyl-7-fluoro-3- hydroxynaphthalen-1-yl)-8-fluoroquinazolin-4-yl)-2-thia-1,3,7-triazaspiro[4.5]decane 2,2- dioxide",CN(C)CC1(CC1)COC1=NC2=C(C(=CC=C2C(=N1)N1CC2(CNS(N2)(=O)=O)CCC1)C1=CC(=CC2=CC=C(C(=C12)CC)F)O)F
38,"6-(2-((1-((dimethylamino)methyl)cyclopropyl)methoxy)-7-(8-ethyl-7-fluoro-3- hydroxynaphthalen-1-yl)-8-fluoroquinazolin-4-yl)-1,6-diazaspiro[3.5]nonan-2-one",CN(C)CC1(CC1)COC1=NC2=C(C(=CC=C2C(=N1)N1CC2(CC(N2)=O)CCC1)C1=CC(=CC2=CC=C(C(=C12)CC)F)O)F
39,"5-(2-((1-((dimethylamino)methyl)cyclopropyl)methoxy)-7-(8-ethyl-7-fluoro-3- hydroxynaphthalen-1-yl)-8-fluoroquinazolin-4-yl)tetrahydropyrrolo[3,4-c]pyrrole-1,3(2H,3aH)- dione",CN(C)CC1(CC1)COC1=NC2=C(C(=CC=C2C(=N1)N1CC2C(C1)C(NC2=O)=O)C2=CC(=CC1=CC=C(C(=C21)CC)F)O)F
40,"7-(2-((1-((dimethylamino)methyl)cyclopropyl)methoxy)-7-(8-ethyl-7-fluoro-3- hydroxynaphthalen-1-yl)-8-fluoroquinazolin-4-yl)-1,3,7-triazaspiro[4.5]decane-2,4-dione",CN(C)CC1(CC1)COC1=NC2=C(C(=CC=C2C(=N1)N1CC2(C(NC(N2)=O)=O)CCC1)C1=CC(=CC2=CC=C(C(=C12)CC)F)O)F
41,"5-(2-((1-((dimethylamino)methyl)cyclopropyl)methoxy)-7-(8-ethyl-7-fluoro-3- hydroxynaphthalen-1-yl)-8-fluoroquinazolin-4-yl)-N,N-dimethyl-5,6,7,8-tetrahydro-4H- pyrazolo[1,5-a][1,4]diazepine-2-carboxamide",CN(C)CC1(CC1)COC1=NC2=C(C(=CC=C2C(=N1)N1CC=2N(CCC1)N=C(C2)C(=O)N(C)C)C2=CC(=CC1=CC=C(C(=C21)CC)F)O)F
42,"4-(2-((1-((dimethylamino)methyl)cyclopropyl)methoxy)-7-(8-ethyl-7-fluoro-3- hydroxynaphthalen-1-yl)-8-fluoroquinazolin-4-yl)-6-methyl-1,4-oxazepan-6-ol",CN(C)CC1(CC1)COC1=NC2=C(C(=CC=C2C(=N1)N1CCOCC(C1)(O)C)C1=CC(=CC2=CC=C(C(=C12)CC)F)O)F
43,"4-(4-(dimethylamino)-8-fluoro-2-(((2R,7aS)-2-fluorotetrahydro-1H-pyrrolizin-7a(5H)- yl)methoxy)quinazolin-7-yl)-5-ethyl-6-fluoronaphthalen-2-ol",CN(C1=NC(=NC2=C(C(=CC=C12)C1=CC(=CC2=CC=C(C(=C12)CC)F)O)F)OC[C@]12CCCN2C[C@@H](C1)F)C
44,"4-(4-(7,8-dihydro-4H-[1,2,3]triazolo[1,5-a][1,4]diazepin-5(6H)-yl)-8-fluoro-2-(((2R,7aS)-2- fluorotetrahydro-1H-pyrrolizin-7a(5H)-yl)methoxy)quinazolin-7-yl)-5-ethyl-6-fluoronaphthalen- 2-ol",N1=NC=C2N1CCCN(C2)C2=NC(=NC1=C(C(=CC=C21)C2=CC(=CC1=CC=C(C(=C21)CC)F)O)F)OC[C@]21CCCN1C[C@@H](C2)F
45,"7-(7-(8-chloro-7-fluoro-3-hydroxynaphthalen-1-yl)-6,8-difluoro-2-(((2R,7aS)-2- fluorotetrahydro-1H-pyrrolizin-7a(5H)-yl)methoxy)quinazolin-4-yl)-2-thia-1,3,7- triazaspiro[4.5]decane 2,2-dioxide",ClC=1C(=CC=C2C=C(C=C(C12)C1=C(C=C2C(=NC(=NC2=C1F)OC[C@]12CCCN2C[C@@H](C1)F)N1CC2(CNS(N2)(=O)=O)CCC1)F)O)F
46,"(5R)-7-(7-(5,6-dimethyl-1H-indazol-4-yl)-6,8-difluoro-2-(((2R,7aS)-2-fluorotetrahydro-1H- pyrrolizin-7a(5H)-yl)methoxy)quinazolin-4-yl)-1,3,7-triazaspiro[4.5]decane-2,4-dione  ",CC=1C(=C2C=NNC2=CC1C)C1=C(C=C2C(=NC(=NC2=C1F)OC[C@]12CCCN2C[C@@H](C1)F)N1C[C@@]2(C(NC(N2)=O)=O)CCC1)F
47,"5-(6,8-difluoro-7-(3-hydroxynaphthalen-1-yl)quinazolin-4-yl)-N,N-dimethyl-5,6,7,8-tetrahydro- 4H-pyrazolo[1,5-a][1,4]diazepine-2-carboxamide",FC=1C=C2C(=NC=NC2=C(C1C1=CC(=CC2=CC=CC=C12)O)F)N1CC=2N(CCC1)N=C(C2)C(=O)N(C)C
48,"(3R)-1-(7-(8-ethyl-7-fluoro-3-hydroxynaphthalen-1-yl)-6,8-difluoro-2-((tetrahydro-1H- pyrrolizin-7a(5H)-yl)methoxy)quinazolin-4-yl)-3-methylpiperidin-3-ol",C(C)C=1C(=CC=C2C=C(C=C(C12)C1=C(C=C2C(=NC(=NC2=C1F)OCC12CCCN2CCC1)N1C[C@@](CCC1)(O)C)F)O)F
49,"7-(2-((1-((dimethylamino)methyl)cyclopropyl)methoxy)-7-(8-ethyl-7-fluoro-3- hydroxynaphthalen-1-yl)-6,8-difluoroquinazolin-4-yl)-1,3,7-triazaspiro[4.5]decan-2-one  ",CN(C)CC1(CC1)COC1=NC2=C(C(=C(C=C2C(=N1)N1CC2(CNC(N2)=O)CCC1)F)C1=CC(=CC2=CC=C(C(=C12)CC)F)O)F
50,"7-(2-((1-((dimethylamino)methyl)cyclopropyl)methoxy)-7-(8-ethyl-7-fluoro-3- hydroxynaphthalen-1-yl)-6,8-difluoroquinazolin-4-yl)-2-thia-1,3,7-triazaspiro[4.5]decane 2,2- dioxide",CN(C)CC1(CC1)COC1=NC2=C(C(=C(C=C2C(=N1)N1CC2(CNS(N2)(=O)=O)CCC1)F)C1=CC(=CC2=CC=C(C(=C12)CC)F)O)F
51,"6-(2-((1-((dimethylamino)methyl)cyclopropyl)methoxy)-7-(8-ethyl-7-fluoro-3- hydroxynaphthalen-1-yl)-6,8-difluoroquinazolin-4-yl)-1,6-diazaspiro[3.5]nonan-2-one  ",CN(C)CC1(CC1)COC1=NC2=C(C(=C(C=C2C(=N1)N1CC2(CC(N2)=O)CCC1)F)C1=CC(=CC2=CC=C(C(=C12)CC)F)O)F
52,"5-(2-((1-((dimethylamino)methyl)cyclopropyl)methoxy)-7-(8-ethyl-7-fluoro-3- hydroxynaphthalen-1-yl)-6,8-difluoroquinazolin-4-yl)tetrahydropyrrolo[3,4-c]pyrrole- 1,3(2H,3aH)-dione",CN(C)CC1(CC1)COC1=NC2=C(C(=C(C=C2C(=N1)N1CC2C(C1)C(NC2=O)=O)F)C2=CC(=CC1=CC=C(C(=C21)CC)F)O)F
53,"6-(2-((1-((dimethylamino)methyl)cyclopropyl)methoxy)-7-(8-ethyl-7-fluoro-3- hydroxynaphthalen-1-yl)-6,8-difluoroquinazolin-4-yl)-6-azaspiro[3.5]nonan-2-ol",CN(C)CC1(CC1)COC1=NC2=C(C(=C(C=C2C(=N1)N1CC2(CC(C2)O)CCC1)F)C1=CC(=CC2=CC=C(C(=C12)CC)F)O)F
54,"7-(2-((1-((dimethylamino)methyl)cyclopropyl)methoxy)-7-(8-ethyl-7-fluoro-3- hydroxynaphthalen-1-yl)-6,8-difluoroquinazolin-4-yl)-1,3,7-triazaspiro[4.5]decane-2,4-dione",CN(C)CC1(CC1)COC1=NC2=C(C(=C(C=C2C(=N1)N1CC2(C(NC(N2)=O)=O)CCC1)F)C1=CC(=CC2=CC=C(C(=C12)CC)F)O)F
55,"5-(2-((1-((dimethylamino)methyl)cyclopropyl)methoxy)-7-(8-ethyl-7-fluoro-3- hydroxynaphthalen-1-yl)-6,8-difluoroquinazolin-4-yl)-N,N-dimethyl-5,6,7,8-tetrahydro-4H- pyrazolo[1,5-a][1,4]diazepine-2-carboxamide",CN(C)CC1(CC1)COC1=NC2=C(C(=C(C=C2C(=N1)N1CC=2N(CCC1)N=C(C2)C(=O)N(C)C)F)C2=CC(=CC1=CC=C(C(=C21)CC)F)O)F
56,"4-(2-((1-((dimethylamino)methyl)cyclopropyl)methoxy)-7-(8-ethyl-7-fluoro-3- hydroxynaphthalen-1-yl)-6,8-difluoroquinazolin-4-yl)-6-methyl-1,4-oxazepan-6-ol",CN(C)CC1(CC1)COC1=NC2=C(C(=C(C=C2C(=N1)N1CCOCC(C1)(O)C)F)C1=CC(=CC2=CC=C(C(=C12)CC)F)O)F
57,"(1R,5R,6R)-3-(2-((1-((dimethylamino)methyl)cyclopropyl)methoxy)-7-(8-ethyl-7-fluoro-3- hydroxynaphthalen-1-yl)-6,8-difluoroquinazolin-4-yl)-3-azabicyclo[3.2.1]octan-6-ol  ",CN(C)CC1(CC1)COC1=NC2=C(C(=C(C=C2C(=N1)N1C[C@H]2C[C@H]([C@@H](C1)C2)O)F)C2=CC(=CC1=CC=C(C(=C21)CC)F)O)F
58,"(5-(7-(8-ethyl-7-fluoro-3-hydroxynaphthalen-1-yl)-6,8-difluoro-2-(((2R,7aS)-2-fluorotetrahydro- 1H-pyrrolizin-7a(5H)-yl)methoxy)quinazolin-4-yl)-5,6,7,8-tetrahydro-4H-pyrazolo[1,5- a][1,4]diazepin-2-yl)(pyrrolidin-1-yl)methanone",C(C)C=1C(=CC=C2C=C(C=C(C12)C1=C(C=C2C(=NC(=NC2=C1F)OC[C@]12CCCN2C[C@@H](C1)F)N1CC=2N(CCC1)N=C(C2)C(=O)N2CCCC2)F)O)F
59,"5-(7-(8-ethyl-7-fluoro-3-hydroxynaphthalen-1-yl)-6,8-difluoro-2-(((2R,7aS)-2-fluorotetrahydro- 1H-pyrrolizin-7a(5H)-yl)methoxy)quinazolin-4-yl)-N-isopropyl-5,6,7,8-tetrahydro-4H- pyrazolo[1,5-a][1,4]diazepine-2-carboxamide  ",C(C)C=1C(=CC=C2C=C(C=C(C12)C1=C(C=C2C(=NC(=NC2=C1F)OC[C@]12CCCN2C[C@@H](C1)F)N1CC=2N(CCC1)N=C(C2)C(=O)NC(C)C)F)O)F
60,"4-(4-(dimethylamino)-6,8-difluoro-2-(((2R,7aS)-2-fluorotetrahydro-1H-pyrrolizin-7a(5H)- yl)methoxy)quinazolin-7-yl)-5-ethyl-6-fluoronaphthalen-2-ol",CN(C1=NC(=NC2=C(C(=C(C=C12)F)C1=CC(=CC2=CC=C(C(=C12)CC)F)O)F)OC[C@]12CCCN2C[C@@H](C1)F)C
61,"4-(4-(7,8-dihydro-4H-[1,2,3]triazolo[1,5-a][1,4]diazepin-5(6H)-yl)-6,8-difluoro-2-(((2R,7aS)-2- fluorotetrahydro-1H-pyrrolizin-7a(5H)-yl)methoxy)quinazolin-7-yl)-5-ethyl-6-fluoronaphthalen- 2-ol  ",N1=NC=C2N1CCCN(C2)C2=NC(=NC1=C(C(=C(C=C21)F)C2=CC(=CC1=CC=C(C(=C21)CC)F)O)F)OC[C@]21CCCN1C[C@@H](C2)F
62,"7-(7-(8-ethyl-7-fluoro-3-hydroxynaphthalen-1-yl)-6,8-difluoro-2-(((2R,7aS)-2-fluorotetrahydro- 1H-pyrrolizin-7a(5H)-yl)methoxy)quinazolin-4-yl)-2,7-diazaspiro[4.5]decane-1,3-dione",C(C)C=1C(=CC=C2C=C(C=C(C12)C1=C(C=C2C(=NC(=NC2=C1F)OC[C@]12CCCN2C[C@@H](C1)F)N1CC2(CC(NC2=O)=O)CCC1)F)O)F
63,"5-((R)-7-(8-ethyl-7-fluoro-3-hydroxynaphthalen-1-yl)-6,8-difluoro-2-(((2R,7aS)-2- fluorohexahydro-1H-pyrrolizin-7a-yl)methoxy)quinazolin-4-yl)-N,N-dimethyl-5,6,7,8- tetrahydro-4H-pyrazolo[1,5-a][1,4]diazepine-2-carboxamide",Did not work
64,"5-((S)-7-(8-ethyl-7-fluoro-3-hydroxynaphthalen-1-yl)-6,8-difluoro-2-(((2R,7aS)-2- fluorohexahydro-1H-pyrrolizin-7a-yl)methoxy)quinazolin-4-yl)-N,N-dimethyl-5,6,7,8- tetrahydro-4H-pyrazolo[1,5-a][1,4]diazepine-2-carboxamide  ",Did not work
65,"(S)-4-((S)-7-(8-ethyl-7-fluoro-3-hydroxynaphthalen-1-yl)-6,8-difluoro-2-(((2R,7aS)-2- fluorohexahydro-1H-pyrrolizin-7a-yl)methoxy)quinazolin-4-yl)-6-methyl-1,4-oxazepan-6-ol",Did not work
66,"(S)-4-((R)-7-(8-ethyl-7-fluoro-3-hydroxynaphthalen-1-yl)-6,8-difluoro-2-(((2R,7aS)-2- fluorohexahydro-1H-pyrrolizin-7a-yl)methoxy)quinazolin-4-yl)-6-methyl-1,4-oxazepan-6-ol  ",Did not work
67,"(1R,5R,6R)-3-((R)-7-(8-ethyl-7-fluoro-3-hydroxynaphthalen-1-yl)-6,8-difluoro-2-(((2R,7aS)-2- fluorohexahydro-1H-pyrrolizin-7a-yl)methoxy)quinazolin-4-yl)-3-azabicyclo[3.2.1]octan-6-ol",Did not work
68,"(1R,5R,6R)-3-((S)-7-(8-ethyl-7-fluoro-3-hydroxynaphthalen-1-yl)-6,8-difluoro-2-(((2R,7aS)-2- fluorohexahydro-1H-pyrrolizin-7a-yl)methoxy)quinazolin-4-yl)-3-azabicyclo[3.2.1]octan-6-ol  ",Did not work
69,"(R)-1-((R)-7-(8-ethyl-7-fluoro-3-hydroxynaphthalen-1-yl)-6,8-difluoro-2-(((2R,7aS)-2- fluorotetrahydro-1H-pyrrolizin-7a(5H)-yl)methoxy)quinazolin-4-yl)-3-methylpiperidin-3-ol",Did not work
70,"(R)-1-((S)-7-(8-ethyl-7-fluoro-3-hydroxynaphthalen-1-yl)-6,8-difluoro-2-(((2R,7aS)-2- fluorotetrahydro-1H-pyrrolizin-7a(5H)-yl)methoxy)quinazolin-4-yl)-3-methylpiperidin-3-ol",Did not work
71,"5-ethyl-6-fluoro-4-(8-fluoro-2-(((2R,7aS)-2-fluorohexahydro-1H-pyrrolizin-7a-yl)methoxy)-4- (1-oxa-6-azaspiro[3.5]nonan-6-yl)quinazolin-7-yl)naphthalen-2-ol",C(C)C1=C2C(=CC(=CC2=CC=C1F)O)C1=CC=C2C(=NC(=NC2=C1F)OC[C@]12CCCN2C[C@@H](C1)F)N1CC2(CCO2)CCC1
72,"7-(7-(8-chloro-7-fluoro-3-hydroxynaphthalen-1-yl)-8-fluoro-2-(((2R,7aS)-2-fluorohexahydro- 1H-pyrrolizin-7a-yl)methoxy)quinazolin-4-yl)-2-thia-1,3,7-triazaspiro[4.5]decane 2,2-dioxide",ClC=1C(=CC=C2C=C(C=C(C12)C1=CC=C2C(=NC(=NC2=C1F)OC[C@]12CCCN2C[C@@H](C1)F)N1CC2(CNS(N2)(=O)=O)CCC1)O)F
73,"(3-chloro-5-(7-(8-ethyl-7-fluoro-3-hydroxynaphthalen-1-yl)-8-fluoro-2-(((2R,7aS)-2- fluorohexahydro-1H-pyrrolizin-7a-yl)methoxy)quinazolin-4-yl)-5,6,7,8-tetrahydro-4H- pyrazolo[1,5-a][1,4]diazepin-2-yl)(morpholino)methanone  ",ClC=1C(=NN2C1CN(CCC2)C2=NC(=NC1=C(C(=CC=C21)C2=CC(=CC1=CC=C(C(=C21)CC)F)O)F)OC[C@]21CCCN1C[C@@H](C2)F)C(=O)N2CCOCC2
74,"3-chloro-5-(7-(8-ethyl-7-fluoro-3-hydroxynaphthalen-1-yl)-8-fluoro-2-(((2R,7aS)-2- fluorohexahydro-1H-pyrrolizin-7a-yl)methoxy)quinazolin-4-yl)-N,N-dimethyl-5,6,7,8- tetrahydro-4H-pyrazolo[1,5-a][1,4]diazepine-2-carboxamide",ClC=1C(=NN2C1CN(CCC2)C2=NC(=NC1=C(C(=CC=C21)C2=CC(=CC1=CC=C(C(=C21)CC)F)O)F)OC[C@]21CCCN1C[C@@H](C2)F)C(=O)N(C)C
75,"5-(7-(8-ethyl-7-fluoro-3-hydroxynaphthalen-1-yl)-8-fluoro-2-(((2R,7aS)-2-fluorohexahydro-1H- pyrrolizin-7a-yl)methoxy)quinazolin-4-yl)-N,N,3-trimethyl-5,6,7,8-tetrahydro-4H-pyrazolo[1,5- a][1,4]diazepine-2-carboxamide",C(C)C=1C(=CC=C2C=C(C=C(C12)C1=CC=C2C(=NC(=NC2=C1F)OC[C@]12CCCN2C[C@@H](C1)F)N1CC=2N(CCC1)N=C(C2C)C(=O)N(C)C)O)F
76,"(5-(7-(8-ethyl-7-fluoro-3-hydroxynaphthalen-1-yl)-6,8-difluoro-2-(((2R,7aS)-2-fluorohexahydro- 1H-pyrrolizin-7a-yl)methoxy)quinazolin-4-yl)-5,6,7,8-tetrahydro-4H-pyrazolo[1,5- a][1,4]diazepin-2-yl)(4-methylpiperazin-1-yl)methanone",C(C)C=1C(=CC=C2C=C(C=C(C12)C1=C(C=C2C(=NC(=NC2=C1F)OC[C@]12CCCN2C[C@@H](C1)F)N1CC=2N(CCC1)N=C(C2)C(=O)N2CCN(CC2)C)F)O)F
77,"4-(6,8-difluoro-2-(((2R,7aS)-2-fluorotetrahydro-1H-pyrrolizin-7a(5H)-yl)methoxy)-4-(1-oxa-6- azaspiro[3.5]nonan-6-yl)quinazolin-7-yl)-5-ethyl-6-fluoronaphthalen-2-ol",FC=1C=C2C(=NC(=NC2=C(C1C1=CC(=CC2=CC=C(C(=C12)CC)F)O)F)OC[C@]12CCCN2C[C@@H](C1)F)N1CC2(CCO2)CCC1
78,"3-chloro-5-(7-(8-ethyl-7-fluoro-3-hydroxynaphthalen-1-yl)-6,8-difluoro-2-(((2R,7aS)-2- fluorohexahydro-1H-pyrrolizin-7a-yl)methoxy)quinazolin-4-yl)-N,N-dimethyl-5,6,7,8- tetrahydro-4H-pyrazolo[1,5-a][1,4]diazepine-2-carboxamide",ClC=1C(=NN2C1CN(CCC2)C2=NC(=NC1=C(C(=C(C=C21)F)C2=CC(=CC1=CC=C(C(=C21)CC)F)O)F)OC[C@]21CCCN1C[C@@H](C2)F)C(=O)N(C)C
79,"(3-chloro-5-(7-(8-ethyl-7-fluoro-3-hydroxynaphthalen-1-yl)-6,8-difluoro-2-(((2R,7aS)-2- fluorohexahydro-1H-pyrrolizin-7a-yl)methoxy)quinazolin-4-yl)-5,6,7,8-tetrahydro-4H- pyrazolo[1,5-a][1,4]diazepin-2-yl)(morpholino)methanone",ClC=1C(=NN2C1CN(CCC2)C2=NC(=NC1=C(C(=C(C=C21)F)C2=CC(=CC1=CC=C(C(=C21)CC)F)O)F)OC[C@]21CCCN1C[C@@H](C2)F)C(=O)N2CCOCC2
80,"5-(7-(8-ethyl-7-fluoro-3-hydroxynaphthalen-1-yl)-6,8-difluoro-2-(((2R,7aS)-2-fluorohexahydro- 1H-pyrrolizin-7a-yl)methoxy)quinazolin-4-yl)-N,N,3-trimethyl-5,6,7,8-tetrahydro-4H- pyrazolo[1,5-a][1,4]diazepine-2-carboxamide  ",C(C)C=1C(=CC=C2C=C(C=C(C12)C1=C(C=C2C(=NC(=NC2=C1F)OC[C@]12CCCN2C[C@@H](C1)F)N1CC=2N(CCC1)N=C(C2C)C(=O)N(C)C)F)O)F
81,"5-(7-(8-ethyl-7-fluoro-3-hydroxynaphthalen-1-yl)-6,8-difluoro-2-(((2R,7aS)-2-fluorohexahydro- 1H-pyrrolizin-7a-yl)methoxy)quinazolin-4-yl)-N,3-dimethyl-5,6,7,8-tetrahydro-4H-pyrazolo[1,5-a][1,4]diazepine-2-carboxamide",C(C)C=1C(=CC=C2C=C(C=C(C12)C1=C(C=C2C(=NC(=NC2=C1F)OC[C@]12CCCN2C[C@@H](C1)F)N1CC=2N(CCC1)N=C(C2C)C(=O)NC)F)O)F
82,"4-(2-((1-((dimethylamino)methyl)cyclopropyl)methoxy)-6,8-difluoro-4-(1-oxa-6- azaspiro[3.5]nonan-6-yl)quinazolin-7-yl)-5-ethyl-6-fluoronaphthalen-2-ol",CN(C)CC1(CC1)COC1=NC2=C(C(=C(C=C2C(=N1)N1CC2(CCO2)CCC1)F)C1=CC(=CC2=CC=C(C(=C12)CC)F)O)F
83,"(3R)-1-(7-(2-amino-7-fluorobenzo[d]thiazol-4-yl)-6,8-difluoro-2-((hexahydro- 1H-pyrrolizin-7a-yl)methoxy)quinazolin-4-yl)-3-methylpiperidin-3-ol",NC=1SC2=C(N1)C(=CC=C2F)C2=C(C=C1C(=NC(=NC1=C2F)OCC21CCCN1CCC2)N2C[C@@](CCC2)(O)C)F
84,"4-(4-(dimethylamino)-2-(((2R,7aS)-2-fluorotetrahydro-1H-pyrrolizin-7a(5H)-yl)methoxy)-7,8- dihydro-5H-pyrano[4,3-d]pyrimidin-7-yl)-5-ethyl-6-fluoronaphthalen-2-ol  ",CN(C=1C2=C(N=C(N1)OC[C@]13CCCN3C[C@@H](C1)F)CC(OC2)C2=CC(=CC1=CC=C(C(=C21)CC)F)O)C
85,"(3R)-1-(7-(8-ethyl-7-fluoro-3-hydroxynaphthalen-1-yl)-2-(((2R,7aS)-2-fluorotetrahydro-1H- pyrrolizin-7a(5H)-yl)methoxy)-7,8-dihydro-5H-pyrano[4,3-d]pyrimidin-4-yl)-3-methylpiperidin- 3-o",Did not work
86,"(1R,5R,6R)-3-(7-(8-ethyl-7-fluoro-3-hydroxynaphthalen-1-yl)-2-(((2R,7aS)-2-fluorotetrahydro- 1H-pyrrolizin-7a(5H)-yl)methoxy)-7,8-dihydro-5H-pyrano[4,3-d]pyrimidin-4-yl)-3- azabicyclo[3.2.1]octan-6-ol",C(C)C=1C(=CC=C2C=C(C=C(C12)C1CC=2N=C(N=C(C2CO1)N1C[C@H]2C[C@H]([C@@H](C1)C2)O)OC[C@]21CCCN1C[C@@H](C2)F)O)F
87,"7-(7-(8-ethyl-7-fluoro-3-hydroxynaphthalen-1-yl)-2-(((2R,7aS)-2-fluorotetrahydro-1H- pyrrolizin-7a(5H)-yl)methoxy)-7,8-dihydro-5H-pyrano[4,3-d]pyrimidin-4-yl)-1,3,7- triazaspiro[4.5]decane-2,4-dione",C(C)C=1C(=CC=C2C=C(C=C(C12)C1CC=2N=C(N=C(C2CO1)N1CC2(C(NC(N2)=O)=O)CCC1)OC[C@]12CCCN2C[C@@H](C1)F)O)F
88,"5-(7-(8-ethyl-7-fluoro-3-hydroxynaphthalen-1-yl)-2-(((2R,7aS)-2-fluorotetrahydro-1H- pyrrolizin-7a(5H)-yl)methoxy)-7,8-dihydro-5H-pyrano[4,3-d]pyrimidin-4-yl)-N,N-dimethyl- 5,6,7,8-tetrahydro-4H-pyrazolo[1,5-a][1,4]diazepine-2-carboxamide",C(C)C=1C(=CC=C2C=C(C=C(C12)C1CC=2N=C(N=C(C2CO1)N1CC=2N(CCC1)N=C(C2)C(=O)N(C)C)OC[C@]21CCCN1C[C@@H](C2)F)O)F
89,"6-(7-(3-chloro-2-cyclopropyl-5-hydroxyphenyl)-6,8-difluoro-2-((tetrahydro-1H-pyrrolizin- 7a(5H)-yl)methoxy)quinazolin-4-yl)-1,6-diazaspiro[3.5]nonan-2-one",ClC=1C(=C(C=C(C1)O)C1=C(C=C2C(=NC(=NC2=C1F)OCC12CCCN2CCC1)N1CC2(CC(N2)=O)CCC1)F)C1CC1
90,"4-(7-(3-chloro-2-cyclopropyl-5-hydroxyphenyl)-6,8-difluoro-2-((tetrahydro-1H-pyrrolizin- 7a(5H)-yl)methoxy)quinazolin-4-yl)-6-methyl-1,4-oxazepan-6-ol",ClC=1C(=C(C=C(C1)O)C1=C(C=C2C(=NC(=NC2=C1F)OCC12CCCN2CCC1)N1CCOCC(C1)(O)C)F)C1CC1
91,"5-(7-(3-chloro-2-cyclopropyl-5-hydroxyphenyl)-6,8-difluoro-2-((tetrahydro-1H-pyrrolizin- 7a(5H)-yl)methoxy)quinazolin-4-yl)tetrahydropyrrolo[3,4-c]pyrrole-1,3(2H,3aH)-dione",ClC=1C(=C(C=C(C1)O)C1=C(C=C2C(=NC(=NC2=C1F)OCC12CCCN2CCC1)N1CC2C(C1)C(NC2=O)=O)F)C2CC2
92,"3-(7-(3-chloro-2-cyclopropyl-5-hydroxyphenyl)-6,8-difluoro-2-((tetrahydro-1H-pyrrolizin- 7a(5H)-yl)methoxy)quinazolin-4-yl)-3-azabicyclo[3.2.1]octan-6-ol",ClC=1C(=C(C=C(C1)O)C1=C(C=C2C(=NC(=NC2=C1F)OCC12CCCN2CCC1)N1CC2CC(C(C1)C2)O)F)C2CC2
93,"7-(7-(3-chloro-2-cyclopropyl-5-hydroxyphenyl)-6,8-difluoro-2-((tetrahydro-1H-pyrrolizin- 7a(5H)-yl)methoxy)quinazolin-4-yl)-1,3,7-triazaspiro[4.5]decan-2-one",ClC=1C(=C(C=C(C1)O)C1=C(C=C2C(=NC(=NC2=C1F)OCC12CCCN2CCC1)N1CC2(CNC(N2)=O)CCC1)F)C1CC1
94,"5-(7-(3-chloro-2-cyclopropyl-5-hydroxyphenyl)-6,8-difluoro-2-((tetrahydro-1H-pyrrolizin- 7a(5H)-yl)methoxy)quinazolin-4-yl)-N,N-dimethyl-5,6,7,8-tetrahydro-4H-pyrazolo[1,5- a][1,4]diazepine-2-carboxamide",ClC=1C(=C(C=C(C1)O)C1=C(C=C2C(=NC(=NC2=C1F)OCC12CCCN2CCC1)N1CC=2N(CCC1)N=C(C2)C(=O)N(C)C)F)C2CC2
95,"(3R)-1-(7-(3-chloro-2-cyclopropyl-5-hydroxyphenyl)-6,8-difluoro-2-((tetrahydro-1H-pyrrolizin- 7a(5H)-yl)methoxy)quinazolin-4-yl)-3-methylpiperidin-3-ol",ClC=1C(=C(C=C(C1)O)C1=C(C=C2C(=NC(=NC2=C1F)OCC12CCCN2CCC1)N1C[C@@](CCC1)(O)C)F)C1CC1
96,"6-(7-(3-chloro-2-cyclopropyl-5-hydroxyphenyl)-6,8-difluoro-2-((tetrahydro-1H-pyrrolizin- 7a(5H)-yl)methoxy)quinazolin-4-yl)-6-azaspiro[3.5]nonan-2-ol",ClC=1C(=C(C=C(C1)O)C1=C(C=C2C(=NC(=NC2=C1F)OCC12CCCN2CCC1)N1CC2(CC(C2)O)CCC1)F)C1CC1
97,"((3S,7aR)-7a-(((7-(8-ethyl-7-fluoro-3-hydroxynaphthalen-1-yl)-6,8-difluoro-4-((R)-3-hydroxy-3- methylpiperidin-1-yl)quinazolin-2-yl)oxy)methyl)hexahydro-1H-pyrrolizin-3-yl)methyl dimethylcarbamate  ",C(C)C=1C(=CC=C2C=C(C=C(C12)C1=C(C=C2C(=NC(=NC2=C1F)OC[C@@]12CCCN2[C@@H](CC1)COC(N(C)C)=O)N1C[C@](CCC1)(C)O)F)O)F
98,"((3S,7aR)-7a-(((7-(8-ethyl-7-fluoro-3-hydroxynaphthalen-1-yl)-8-fluoro-4-((R)-3-hydroxy-3- methylpiperidin-1-yl)quinazolin-2-yl)oxy)methyl)hexahydro-1H-pyrrolizin-3-yl)methyl dimethylcarbamate",C(C)C=1C(=CC=C2C=C(C=C(C12)C1=CC=C2C(=NC(=NC2=C1F)OC[C@@]12CCCN2[C@@H](CC1)COC(N(C)C)=O)N1C[C@](CCC1)(C)O)O)F
99,"((3S,7aR)-7a-(((4-(2-(dimethylcarbamoyl)-7,8-dihydro-4H-pyrazolo[1,5-a][1,4]diazepin-5(6H)- yl)-7-(8-ethyl-7-fluoro-3-hydroxynaphthalen-1-yl)-6,8-difluoroquinazolin-2- yl)oxy)methyl)hexahydro-1H-pyrrolizin-3-yl)methyl dimethylcarbamate",CN(C(=O)C1=NN2C(CN(CCC2)C2=NC(=NC3=C(C(=C(C=C23)F)C2=CC(=CC3=CC=C(C(=C23)CC)F)O)F)OC[C@@]23CCCN3[C@@H](CC2)COC(N(C)C)=O)=C1)C
100,"((3S,7aR)-7a-(((4-(2-(dimethylcarbamoyl)-7,8-dihydro-4H-pyrazolo[1,5-a][1,4]diazepin-5(6H)- yl)-7-(8-ethyl-7-fluoro-3-hydroxynaphthalen-1-yl)-8-fluoroquinazolin-2- yl)oxy)methyl)hexahydro-1H-pyrrolizin-3-yl)methyl dimethylcarbamate  ",CN(C(=O)C1=NN2C(CN(CCC2)C2=NC(=NC3=C(C(=CC=C23)C2=CC(=CC3=CC=C(C(=C23)CC)F)O)F)OC[C@@]23CCCN3[C@@H](CC2)COC(N(C)C)=O)=C1)C
101,"((3S,7aR)-7a-(((4-(2,2-dioxido-2-thia-1,3,7-triazaspiro[4.5]decan-7-yl)-7-(8-ethyl-7-fluoro-3- hydroxynaphthalen-1-yl)-8-fluoroquinazolin-2-yl)oxy)methyl)hexahydro-1H-pyrrolizin-3- yl)methyl dimethylcarbamate",O=S1(NC2(CN1)CN(CCC2)C2=NC(=NC1=C(C(=CC=C21)C2=CC(=CC1=CC=C(C(=C21)CC)F)O)F)OC[C@@]21CCCN1[C@@H](CC2)COC(N(C)C)=O)=O
102,"((3S,7aR)-7a-(((7-(8-ethyl-7-fluoro-3-hydroxynaphthalen-1-yl)-8-fluoro-4-(2-oxo-1,3,7- triazaspiro[4.5]decan-7-yl)quinazolin-2-yl)oxy)methyl)hexahydro-1H-pyrrolizin-3-yl)methyl dimethylcarbamate  ",C(C)C=1C(=CC=C2C=C(C=C(C12)C1=CC=C2C(=NC(=NC2=C1F)OC[C@@]12CCCN2[C@@H](CC1)COC(N(C)C)=O)N1CC2(CNC(N2)=O)CCC1)O)F
103,"4-(6,8-difluoro-2-(((2R,7aS)-2-fluorotetrahydro-1H-pyrrolizin-7a(5H)-yl)methoxy)-4-(1,6- dioxa-9-azaspiro[3.6]decan-9-yl)quinazolin-7-yl)-5-ethyl-6-fluoronaphthalen-2-ol  ",FC=1C=C2C(=NC(=NC2=C(C1C1=CC(=CC2=CC=C(C(=C12)CC)F)O)F)OC[C@]12CCCN2C[C@@H](C1)F)N1CCOCC2(CCO2)C1
104,"7-(7-(2-amino-7-fluorobenzo[d]thiazol-4-yl)-6,8-difluoro-2-((tetrahydro-1H-pyrrolizin-7a(5H)- yl)methoxy)quinazolin-4-yl)-1,3,7-triazaspiro[4.5]decane-2,4-dione",NC=1SC2=C(N1)C(=CC=C2F)C2=C(C=C1C(=NC(=NC1=C2F)OCC21CCCN1CCC2)N2CC1(C(NC(N1)=O)=O)CCC2)F
105,"5-(7-(8-ethyl-7-fluoro-3-hydroxynaphthalen-1-yl)-8-fluoro-2-(((2R,7aS)-2-fluorotetrahydro-1H- pyrrolizin-7a(5H)-yl)methoxy)quinazolin-4-yl)-N,3-dimethyl-5,6,7,8-tetrahydro-4H- pyrazolo[1,5-a][1,4]diazepine-2-carboxamide",C(C)C=1C(=CC=C2C=C(C=C(C12)C1=CC=C2C(=NC(=NC2=C1F)OC[C@]12CCCN2C[C@@H](C1)F)N1CC=2N(CCC1)N=C(C2C)C(=O)NC)O)F
106,"(5-(7-(8-ethyl-7-fluoro-3-hydroxynaphthalen-1-yl)-8-fluoro-2-(((2R,7aS)-2-fluorotetrahydro-1H- pyrrolizin-7a(5H)-yl)methoxy)quinazolin-4-yl)-5,6,7,8-tetrahydro-4H-pyrazolo[1,5- a][1,4]diazepin-2-yl)(4-methylpiperazin-1-yl)methanone",C(C)C=1C(=CC=C2C=C(C=C(C12)C1=CC=C2C(=NC(=NC2=C1F)OC[C@]12CCCN2C[C@@H](C1)F)N1CC=2N(CCC1)N=C(C2)C(=O)N2CCN(CC2)C)O)F
107,"N-cyclopropyl-5-(7-(8-ethyl-7-fluoro-3-hydroxynaphthalen-1-yl)-6,8-difluoro-2-(((2R,7aS)-2- fluorotetrahydro-1H-pyrrolizin-7a(5H)-yl)methoxy)quinazolin-4-yl)-N-methyl-5,6,7,8- tetrahydro-4H-pyrazolo[1,5-a][1,4]diazepine-2-carboxamide",C1(CC1)N(C(=O)C1=NN2C(CN(CCC2)C2=NC(=NC3=C(C(=C(C=C23)F)C2=CC(=CC3=CC=C(C(=C23)CC)F)O)F)OC[C@]23CCCN3C[C@@H](C2)F)=C1)C
108,"(1R,5S,8R)-3-(7-(8-ethyl-7-fluoro-3-hydroxynaphthalen-1-yl)-6,8-difluoro-2-(((2R,7aS)-2- fluorotetrahydro-1H-pyrrolizin-7a(5H)-yl)methoxy)quinazolin-4-yl)-3-azabicyclo[3.2.1]octane- 8-carbonitrile",Did not work
109,"(1R,5S,8S)-3-(7-(8-ethyl-7-fluoro-3-hydroxynaphthalen-1-yl)-6,8-difluoro-2-(((2R,7aS)-2- fluorotetrahydro-1H-pyrrolizin-7a(5H)-yl)methoxy)quinazolin-4-yl)-3-azabicyclo[3.2.1]octane- 8-carbonitrile",Did not work
110,"Cis-3-(7-(8-ethyl-7-fluoro-3-hydroxynaphthalen-1-yl)-6,8-difluoro-2-(((2R,7aS)-2- fluorotetrahydro-1H-pyrrolizin-7a(5H)-yl)methoxy)quinazolin-4-yl)-8-oxa-3- azabicyclo[4.2.0]octan-7-one  ",C(C)C=1C(=CC=C2C=C(C=C(C12)C1=C(C=C2C(=NC(=NC2=C1F)OC[C@]12CCCN2C[C@@H](C1)F)N1C[C@@H]2OC([C@@H]2CC1)=O)F)O)F
111,"(1R,5R,6R)-3-(7-(8-ethyl-7-fluoro-3-hydroxynaphthalen-1-yl)-6,8-difluoro-2-(((Z)-2- (fluoromethylene)tetrahydro-1H-pyrrolizin-7a(5H)-yl)methoxy)quinazolin-4-yl)-3- azabicyclo[3.2.1]octan-6-ol  ",C(C)C=1C(=CC=C2C=C(C=C(C12)C1=C(C=C2C(=NC(=NC2=C1F)OCC12CCCN2C\C(\C1)=C/F)N1C[C@H]2C[C@H]([C@@H](C1)C2)O)F)O)F
112,"(5R)-7-(7-(8-ethyl-7-fluoro-3-hydroxynaphthalen-1-yl)-6,8-difluoro-2-(((Z)-2- (fluoromethylene)tetrahydro-1H-pyrrolizin-7a(5H)-yl)methoxy)quinazolin-4-yl)-1,3,7- triazaspiro[4.5]decane-2,4-dione",C(C)C=1C(=CC=C2C=C(C=C(C12)C1=C(C=C2C(=NC(=NC2=C1F)OCC12CCCN2C\C(\C1)=C/F)N1C[C@@]2(C(NC(N2)=O)=O)CCC1)F)O)F
113,"(Z)-5-(7-(8-ethyl-7-fluoro-3-hydroxynaphthalen-1-yl)-6,8-difluoro-2-((2- (fluoromethylene)tetrahydro-1H-pyrrolizin-7a(5H)-yl)methoxy)quinazolin-4-yl)-N,N-dimethyl- 5,6,7,8-tetrahydro-4H-pyrazolo[1,5-a][1,4]diazepine-2-carboxamide",C(C)C=1C(=CC=C2C=C(C=C(C12)C1=C(C=C2C(=NC(=NC2=C1F)OCC12CCCN2C\C(\C1)=C/F)N1CC=2N(CCC1)N=C(C2)C(=O)N(C)C)F)O)F
114,"(3R)-1-(7-(8-ethyl-7-fluoro-3-hydroxynaphthalen-1-yl)-6,8-difluoro-2-(((Z)-2- (fluoromethylene)tetrahydro-1H-pyrrolizin-7a(5H)-yl)methoxy)quinazolin-4-yl)-3- methylpiperidin-3-ol",C(C)C=1C(=CC=C2C=C(C=C(C12)C1=C(C=C2C(=NC(=NC2=C1F)OCC12CCCN2C\C(\C1)=C/F)N1C[C@@](CCC1)(O)C)F)O)F
115,"(3R)-1-(2-((2-(difluoromethylene)tetrahydro-1H-pyrrolizin-7a(5H)-yl)methoxy)-7-(8-ethyl-7- fluoro-3-hydroxynaphthalen-1-yl)-6,8-difluoroquinazolin-4-yl)-3-methylpiperidin-3-ol",FC(=C1CC2(CCCN2C1)COC1=NC2=C(C(=C(C=C2C(=N1)N1C[C@@](CCC1)(O)C)F)C1=CC(=CC2=CC=C(C(=C12)CC)F)O)F)F
116,"(3R)-1-(7-(8-ethyl-7-fluoro-3-hydroxynaphthalen-1-yl)-6,8-difluoro-2-((2-methylenetetrahydro- 1H-pyrrolizin-7a(5H)-yl)methoxy)quinazolin-4-yl)-3-methylpiperidin-3-ol",C(C)C=1C(=CC=C2C=C(C=C(C12)C1=C(C=C2C(=NC(=NC2=C1F)OCC12CCCN2CC(C1)=C)N1C[C@@](CCC1)(O)C)F)O)F
117A,"(3R)-1-(2-((2,6-dimethylenetetrahydro-1H-pyrrolizin-7a(5H)-yl)methoxy)-7-(8-ethyl-7-fluoro-3- hydroxynaphthalen-1-yl)-6,8-difluoroquinazolin-4-yl)-3-methylpiperidin-3-ol",C=C1CC2(CC(CN2C1)=C)COC1=NC2=C(C(=C(C=C2C(=N1)N1C[C@@](CCC1)(O)C)F)C1=CC(=CC2=CC=C(C(=C12)CC)F)O)F
117B,"(3R)-1-(2-((2,6-dimethylenetetrahydro-1H-pyrrolizin-7a(5H)-yl)methoxy)-7-(8-ethyl-7-fluoro-3- hydroxynaphthalen-1-yl)-6,8-difluoroquinazolin-4-yl)-3-methylpiperidin-3-ol",C=C1CC2(CC(CN2C1)=C)COC1=NC2=C(C(=C(C=C2C(=N1)N1C[C@@](CCC1)(O)C)F)C1=CC(=CC2=CC=C(C(=C12)CC)F)O)F
118,"(1R,5R,6R)-3-(2-((2-(difluoromethylene)tetrahydro-1H-pyrrolizin-7a(5H)-yl)methoxy)-7-(8- ethyl-7-fluoro-3-hydroxynaphthalen-1-yl)-6,8-difluoroquinazolin-4-yl)-3- azabicyclo[3.2.1]octan-6-ol  ",FC(=C1CC2(CCCN2C1)COC1=NC2=C(C(=C(C=C2C(=N1)N1C[C@H]2C[C@H]([C@@H](C1)C2)O)F)C2=CC(=CC1=CC=C(C(=C21)CC)F)O)F)F
119,"(1R,5R,6R)-3-(7-(8-ethyl-7-fluoro-3-hydroxynaphthalen-1-yl)-6,8-difluoro-2-((2- methylenetetrahydro-1H-pyrrolizin-7a(5H)-yl)methoxy)quinazolin-4-yl)-3- azabicyclo[3.2.1]octan-6-ol  ",C(C)C=1C(=CC=C2C=C(C=C(C12)C1=C(C=C2C(=NC(=NC2=C1F)OCC12CCCN2CC(C1)=C)N1C[C@H]2C[C@H]([C@@H](C1)C2)O)F)O)F
120,"(1R,5R,6R)-3-(2-((2,6-dimethylenetetrahydro-1H-pyrrolizin-7a(5H)-yl)methoxy)-7-(8-ethyl-7- fluoro-3-hydroxynaphthalen-1-yl)-6,8-difluoroquinazolin-4-yl)-3-azabicyclo[3.2.1]octan-6-ol",C=C1CC2(CC(CN2C1)=C)COC1=NC2=C(C(=C(C=C2C(=N1)N1C[C@H]2C[C@H]([C@@H](C1)C2)O)F)C2=CC(=CC1=CC=C(C(=C21)CC)F)O)F
121,"2-amino-4-(6-chloro-8-fluoro-2-(((2R,7aS)-2-fluorotetrahydro-1H-pyrrolizin-7a(5H)- yl)methoxy)-4-((R)-3-hydroxy-3-methylpiperidin-1-yl)quinazolin-7-yl)-7- fluorobenzo[b]thiophene-3-carbonitrile",NC1=C(C2=C(S1)C(=CC=C2C2=C(C=C1C(=NC(=NC1=C2F)OC[C@]21CCCN1C[C@@H](C2)F)N2C[C@](CCC2)(C)O)Cl)F)C#N
122A,"2-amino-4-(6-chloro-8-fluoro-2-(((2R,7aS)-2-fluorotetrahydro-1H-pyrrolizin-7a(5H)- yl)methoxy)-4-((1R,5R,6R)-6-hydroxy-3-azabicyclo[3.2.1]octan-3-yl)quinazolin-7-yl)-7- fluorobenzo[b]thiophene-3-carbonitrile",NC1=C(C2=C(S1)C(=CC=C2C2=C(C=C1C(=NC(=NC1=C2F)OC[C@]21CCCN1C[C@@H](C2)F)N2C[C@H]1C[C@H]([C@@H](C2)C1)O)Cl)F)C#N
122B,"2-amino-4-(6-chloro-8-fluoro-2-(((2R,7aS)-2-fluorotetrahydro-1H-pyrrolizin-7a(5H)- yl)methoxy)-4-((1R,5R,6R)-6-hydroxy-3-azabicyclo[3.2.1]octan-3-yl)quinazolin-7-yl)-7- fluorobenzo[b]thiophene-3-carbonitrile",NC1=C(C2=C(S1)C(=CC=C2C2=C(C=C1C(=NC(=NC1=C2F)OC[C@]21CCCN1C[C@@H](C2)F)N2C[C@H]1C[C@H]([C@@H](C2)C1)O)Cl)F)C#N
123,"2-amino-4-(6-chloro-4-((R)-2,4-dioxo-1,3,7-triazaspiro[4.5]decan-7-yl)-8-fluoro-2-(((2R,7aS)-2- fluorotetrahydro-1H-pyrrolizin-7a(5H)-yl)methoxy)quinazolin-7-yl)-7-fluorobenzo[b]thiophene- 3-carbonitrile",NC1=C(C2=C(S1)C(=CC=C2C2=C(C=C1C(=NC(=NC1=C2F)OC[C@]21CCCN1C[C@@H](C2)F)N2C[C@@]1(C(NC(N1)=O)=O)CCC2)Cl)F)C#N
124A,"2-amino-7-fluoro-4-(8-fluoro-2-(((2R,7aS)-2-fluorotetrahydro-1H-pyrrolizin-7a(5H)- yl)methoxy)-4-((R)-3-hydroxy-3-methylpiperidin-1-yl)-6-methylquinazolin-7- yl)benzo[b]thiophene-3-carbonitrile",NC1=C(C2=C(S1)C(=CC=C2C2=C(C=C1C(=NC(=NC1=C2F)OC[C@]21CCCN1C[C@@H](C2)F)N2C[C@](CCC2)(C)O)C)F)C#N
124B,"2-amino-7-fluoro-4-(8-fluoro-2-(((2R,7aS)-2-fluorotetrahydro-1H-pyrrolizin-7a(5H)- yl)methoxy)-4-((R)-3-hydroxy-3-methylpiperidin-1-yl)-6-methylquinazolin-7- yl)benzo[b]thiophene-3-carbonitrile",NC1=C(C2=C(S1)C(=CC=C2C2=C(C=C1C(=NC(=NC1=C2F)OC[C@]21CCCN1C[C@@H](C2)F)N2C[C@](CCC2)(C)O)C)F)C#N
125,"2-amino-7-fluoro-4-(8-fluoro-2-(((2R,7aS)-2-fluorotetrahydro-1H-pyrrolizin-7a(5H)- yl)methoxy)-4-((1R,5R,6R)-6-hydroxy-3-azabicyclo[3.2.1]octan-3-yl)-6-methylquinazolin-7- yl)benzo[b]thiophene-3-carbonitrile  ",NC1=C(C2=C(S1)C(=CC=C2C2=C(C=C1C(=NC(=NC1=C2F)OC[C@]21CCCN1C[C@@H](C2)F)N2C[C@H]1C[C@H]([C@@H](C2)C1)O)C)F)C#N
126,2-amino-4-(6-chloro-8-fluoro-2-(((Z)-2-(fluoromethylene)tetrahydro-1H-pyrrolizin-7a(5H)- yl)methoxy)-4-((R)-3-hydroxy-3-methylpiperidin-1-yl)quinazolin-7-yl)-7- fluorobenzo[b]thiophene-3-carbonitrile,NC1=C(C2=C(S1)C(=CC=C2C2=C(C=C1C(=NC(=NC1=C2F)OCC21CCCN1C\C(\C2)=C/F)N2C[C@](CCC2)(C)O)Cl)F)C#N
127,"2-amino-4-(6-chloro-8-fluoro-2-(((Z)-2-(fluoromethylene)tetrahydro-1H-pyrrolizin-7a(5H)- yl)methoxy)-4-((1R,5R,6R)-6-hydroxy-3-azabicyclo[3.2.1]octan-3-yl)quinazolin-7-yl)-7- fluorobenzo[b]thiophene-3-carbonitrile",NC1=C(C2=C(S1)C(=CC=C2C2=C(C=C1C(=NC(=NC1=C2F)OCC21CCCN1C\C(\C2)=C/F)N2C[C@H]1C[C@H]([C@@H](C2)C1)O)Cl)F)C#N
128,"4-(4-((1R,5S)-3,8-diazabicyclo[3.2.1]octan-3-yl)-6-chloro-8-fluoro-2-(((2R,7aS)-2- fluorotetrahydro-1H-pyrrolizin-7a(5H)-yl)methoxy)quinazolin-7-yl)-2-amino-7- fluorobenzo[b]thiophene-3-carbonitrile",[C@H]12CN(C[C@H](CC1)N2)C2=NC(=NC1=C(C(=C(C=C21)Cl)C2=CC=C(C=1SC(=C(C12)C#N)N)F)F)OC[C@]12CCCN2C[C@@H](C1)F
129,"4-(4-((1R,5S)-3,8-diazabicyclo[3.2.1]octan-3-yl)-6-chloro-8-fluoro-2-((tetrahydro-1H-pyrrolizin- 7a(5H)-yl)methoxy)quinazolin-7-yl)-2-amino-7-fluorobenzo[b]thiophene-3-carbonitrile  ",[C@H]12CN(C[C@H](CC1)N2)C2=NC(=NC1=C(C(=C(C=C21)Cl)C2=CC=C(C=1SC(=C(C12)C#N)N)F)F)OCC12CCCN2CCC1
130,"4-(4-((1R,5S)-3,8-diazabicyclo[3.2.1]octan-3-yl)-8-fluoro-2-(((2R,7aS)-2-fluorotetrahydro-1H- pyrrolizin-7a(5H)-yl)methoxy)-6-methylquinazolin-7-yl)-2-amino-7-fluorobenzo[b]thiophene-3- carbonitrile",[C@H]12CN(C[C@H](CC1)N2)C2=NC(=NC1=C(C(=C(C=C21)C)C2=CC=C(C=1SC(=C(C12)C#N)N)F)F)OC[C@]12CCCN2C[C@@H](C1)F
131,"4-(4-((1R,5S)-3,8-diazabicyclo[3.2.1]octan-3-yl)-6-chloro-8-fluoro-2-(((Z)-2- (fluoromethylene)tetrahydro-1H-pyrrolizin-7a(5H)-yl)methoxy)quinazolin-7-yl)-2-amino-7- fluorobenzo[b]thiophene-3-carbonitrile  ",[C@H]12CN(C[C@H](CC1)N2)C2=NC(=NC1=C(C(=C(C=C21)Cl)C2=CC=C(C=1SC(=C(C12)C#N)N)F)F)OCC12CCCN2C\C(\C1)=C/F
132,"4-(4-((1R,5S)-3,8-diazabicyclo[3.2.1]octan-3-yl)-6-chloro-2-((2-(difluoromethylene)tetrahydro- 1H-pyrrolizin-7a(5H)-yl)methoxy)-8-fluoroquinazolin-7-yl)-2-amino-7- fluorobenzo[b]thiophene-3-carbonitrile",[C@H]12CN(C[C@H](CC1)N2)C2=NC(=NC1=C(C(=C(C=C21)Cl)C2=CC=C(C=1SC(=C(C12)C#N)N)F)F)OCC12CCCN2CC(C1)=C(F)F
133,"4-(4-((1R,5S)-3,8-diazabicyclo[3.2.1]octan-3-yl)-6-chloro-8-fluoro-2-(((2R,7aS)-2- fluorotetrahydro-1H-pyrrolizin-7a(5H)-yl)methoxy)quinazolin-7-yl)-2-aminobenzo[b]thiophene- 3-carbonitrile",[C@H]12CN(C[C@H](CC1)N2)C2=NC(=NC1=C(C(=C(C=C21)Cl)C2=CC=CC=1SC(=C(C12)C#N)N)F)OC[C@]12CCCN2C[C@@H](C1)F
134,"4-(4-((1R,5S)-3,8-diazabicyclo[3.2.1]octan-3-yl)-6-chloro-8-fluoro-2-((2-methylenetetrahydro- 1H-pyrrolizin-7a(5H)-yl)methoxy)quinazolin-7-yl)-2-amino-7-fluorobenzo[b]thiophene-3- carbonitrile",[C@H]12CN(C[C@H](CC1)N2)C2=NC(=NC1=C(C(=C(C=C21)Cl)C2=CC=C(C=1SC(=C(C12)C#N)N)F)F)OCC12CCCN2CC(C1)=C
135,"4-(4-((1R,5S)-3,8-diazabicyclo[3.2.1]octan-3-yl)-6-chloro-2-((2,6-dimethylenetetrahydro-1H- pyrrolizin-7a(5H)-yl)methoxy)-8-fluoroquinazolin-7-yl)-2-amino-7-fluorobenzo[b]thiophene-3- carbonitrile",[C@H]12CN(C[C@H](CC1)N2)C2=NC(=NC1=C(C(=C(C=C21)Cl)C2=CC=C(C=1SC(=C(C12)C#N)N)F)F)OCC12CC(CN2CC(C1)=C)=C
136A,"5-(7-(2-amino-3-cyano-7-fluorobenzo[b]thiophen-4-yl)-6-chloro-8-fluoro-2-(((2R,7aS)-2- fluorotetrahydro-1H-pyrrolizin-7a(5H)-yl)methoxy)quinazolin-4-yl)-N,N-dimethyl-5,6,7,8- tetrahydro-4H-pyrazolo[1,5-a][1,4]diazepine-2-carboxamide",NC1=C(C2=C(S1)C(=CC=C2C2=C(C=C1C(=NC(=NC1=C2F)OC[C@]21CCCN1C[C@@H](C2)F)N2CC=1N(CCC2)N=C(C1)C(=O)N(C)C)Cl)F)C#N
136B,"5-(7-(2-amino-3-cyano-7-fluorobenzo[b]thiophen-4-yl)-6-chloro-8-fluoro-2-(((2R,7aS)-2- fluorotetrahydro-1H-pyrrolizin-7a(5H)-yl)methoxy)quinazolin-4-yl)-N,N-dimethyl-5,6,7,8- tetrahydro-4H-pyrazolo[1,5-a][1,4]diazepine-2-carboxamide",NC1=C(C2=C(S1)C(=CC=C2C2=C(C=C1C(=NC(=NC1=C2F)OC[C@]21CCCN1C[C@@H](C2)F)N2CC=1N(CCC2)N=C(C1)C(=O)N(C)C)Cl)F)C#N
137,"5-(7-(2-amino-3-cyano-7-fluorobenzo[b]thiophen-4-yl)-8-fluoro-2-(((2R,7aS)-2- fluorotetrahydro-1H-pyrrolizin-7a(5H)-yl)methoxy)-6-methylquinazolin-4-yl)-N,N-dimethyl- 5,6,7,8-tetrahydro-4H-pyrazolo[1,5-a][1,4]diazepine-2-carboxamide  ",NC1=C(C2=C(S1)C(=CC=C2C2=C(C=C1C(=NC(=NC1=C2F)OC[C@]21CCCN1C[C@@H](C2)F)N2CC=1N(CCC2)N=C(C1)C(=O)N(C)C)C)F)C#N
138,"2-amino-7-fluoro-4-(8-fluoro-2-(((2R,7aS)-2-fluorotetrahydro-1H-pyrrolizin-7a(5H)- yl)methoxy)-6-methyl-4-(((5-oxopyrrolidin-3-yl)methyl)amino)quinazolin-7- yl)benzo[b]thiophene-3-carbonitrile  ",NC1=C(C2=C(S1)C(=CC=C2C2=C(C=C1C(=NC(=NC1=C2F)OC[C@]21CCCN1C[C@@H](C2)F)NCC2CNC(C2)=O)C)F)C#N
139,"2-amino-7-fluoro-4-(8-fluoro-2-(((2R,7aS)-2-fluorotetrahydro-1H-pyrrolizin-7a(5H)- yl)methoxy)-4-((S)-6-hydroxy-6-methyl-1,4-oxazepan-4-yl)-6-methylquinazolin-7- yl)benzo[b]thiophene-3-carbonitrile",NC1=C(C2=C(S1)C(=CC=C2C2=C(C=C1C(=NC(=NC1=C2F)OC[C@]21CCCN1C[C@@H](C2)F)N2CCOC[C@@](C2)(C)O)C)F)C#N
140,"2-amino-4-(4-((R)-2,4-dioxo-1,3,7-triazaspiro[4.5]decan-7-yl)-8-fluoro-2-(((2R,7aS)-2- fluorotetrahydro-1H-pyrrolizin-7a(5H)-yl)methoxy)-6-methylquinazolin-7-yl)-7- fluorobenzo[b]thiophene-3-carbonitrile",NC1=C(C2=C(S1)C(=CC=C2C2=C(C=C1C(=NC(=NC1=C2F)OC[C@]21CCCN1C[C@@H](C2)F)N2C[C@@]1(C(NC(N1)=O)=O)CCC2)C)F)C#N
141,"2-amino-4-(4-((R)-2,2-dioxido-2-thia-1,3,7-triazaspiro[4.5]decan-7-yl)-8-fluoro-2-(((2R,7aS)-2- fluorotetrahydro-1H-pyrrolizin-7a(5H)-yl)methoxy)-6-methylquinazolin-7-yl)-7- fluorobenzo[b]thiophene-3-carbonitrile  ",NC1=C(C2=C(S1)C(=CC=C2C2=C(C=C1C(=NC(=NC1=C2F)OC[C@]21CCCN1C[C@@H](C2)F)N2C[C@@]1(CNS(N1)(=O)=O)CCC2)C)F)C#N
142,"2-amino-4-(6-chloro-4-((R)-2,2-dioxido-2-thia-1,3,7-triazaspiro[4.5]decan-7-yl)-8-fluoro-2- (((2R,7aS)-2-fluorotetrahydro-1H-pyrrolizin-7a(5H)-yl)methoxy)quinazolin-7-yl)-7- fluorobenzo[b]thiophene-3-carbonitrile",NC1=C(C2=C(S1)C(=CC=C2C2=C(C=C1C(=NC(=NC1=C2F)OC[C@]21CCCN1C[C@@H](C2)F)N2C[C@@]1(CNS(N1)(=O)=O)CCC2)Cl)F)C#N
143A,2-amino-4-(6-chloro-2-((2-(difluoromethylene)tetrahydro-1H-pyrrolizin-7a(5H)-yl)methoxy)-8- fluoro-4-((R)-3-hydroxy-3-methylpiperidin-1-yl)quinazolin-7-yl)-7-fluorobenzo[b]thiophene-3- carbonitrile,NC1=C(C2=C(S1)C(=CC=C2C2=C(C=C1C(=NC(=NC1=C2F)OCC21CCCN1CC(C2)=C(F)F)N2C[C@](CCC2)(C)O)Cl)F)C#N
143B,2-amino-4-(6-chloro-2-((2-(difluoromethylene)tetrahydro-1H-pyrrolizin-7a(5H)-yl)methoxy)-8- fluoro-4-((R)-3-hydroxy-3-methylpiperidin-1-yl)quinazolin-7-yl)-7-fluorobenzo[b]thiophene-3- carbonitrile,NC1=C(C2=C(S1)C(=CC=C2C2=C(C=C1C(=NC(=NC1=C2F)OCC21CCCN1CC(C2)=C(F)F)N2C[C@](CCC2)(C)O)Cl)F)C#N
144,"2-amino-4-(6-chloro-2-((2-(difluoromethylene)tetrahydro-1H-pyrrolizin-7a(5H)-yl)methoxy)-8- fluoro-4-((1R,5R,6R)-6-hydroxy-3-azabicyclo[3.2.1]octan-3-yl)quinazolin-7-yl)-7- fluorobenzo[b]thiophene-3-carbonitrile",NC1=C(C2=C(S1)C(=CC=C2C2=C(C=C1C(=NC(=NC1=C2F)OCC21CCCN1CC(C2)=C(F)F)N2C[C@H]1C[C@H]([C@@H](C2)C1)O)Cl)F)C#N
145,"2-amino-4-(4-(((2-aminopyridin-3-yl)methyl)amino)-6-chloro-8-fluoro-2-(((2R,7aS)-2- fluorotetrahydro-1H-pyrrolizin-7a(5H)-yl)methoxy)quinazolin-7-yl)-7-fluorobenzo[b]thiophene- 3-carbonitrile  ",NC1=C(C2=C(S1)C(=CC=C2C2=C(C=C1C(=NC(=NC1=C2F)OC[C@]21CCCN1C[C@@H](C2)F)NCC=2C(=NC=CC2)N)Cl)F)C#N
146,"2-amino-4-(6-chloro-8-fluoro-2-(((2R,7aS)-2-fluorotetrahydro-1H-pyrrolizin-7a(5H)- yl)methoxy)-4-(((5-oxopyrrolidin-3-yl)methyl)amino)quinazolin-7-yl)-7- fluorobenzo[b]thiophene-3-carbonitrile",NC1=C(C2=C(S1)C(=CC=C2C2=C(C=C1C(=NC(=NC1=C2F)OC[C@]21CCCN1C[C@@H](C2)F)NCC2CNC(C2)=O)Cl)F)C#N
147,"5-(7-(2-amino-3-cyano-7-fluorobenzo[b]thiophen-4-yl)-6-chloro-8-fluoro-2-(((2R,7aS)-2- fluorotetrahydro-1H-pyrrolizin-7a(5H)-yl)methoxy)quinazolin-4-yl)-N,N-dimethyl-4,5,6,7,8,9- hexahydropyrazolo[1,5-a][1,4]diazocine-2-carboxamide",NC1=C(C2=C(S1)C(=CC=C2C2=C(C=C1C(=NC(=NC1=C2F)OC[C@]21CCCN1C[C@@H](C2)F)N2CC=1N(CCCC2)N=C(C1)C(=O)N(C)C)Cl)F)C#N
148,"5-(7-(2-amino-3-cyano-7-fluorobenzo[b]thiophen-4-yl)-6-chloro-8-fluoro-2-(((2R,7aS)-2- fluorotetrahydro-1H-pyrrolizin-7a(5H)-yl)methoxy)quinazolin-4-yl)-3-chloro-N,N-dimethyl- 5,6,7,8-tetrahydro-4H-pyrazolo[1,5-a][1,4]diazepine-2-carboxamide",NC1=C(C2=C(S1)C(=CC=C2C2=C(C=C1C(=NC(=NC1=C2F)OC[C@]21CCCN1C[C@@H](C2)F)N2CC=1N(CCC2)N=C(C1Cl)C(=O)N(C)C)Cl)F)C#N
149,"2-amino-4-(6-chloro-8-fluoro-2-(((2R,7aS)-2-fluorotetrahydro-1H-pyrrolizin-7a(5H)- yl)methoxy)-4-(1-oxa-6-azaspiro[3.5]nonan-6-yl)quinazolin-7-yl)-7-fluorobenzo[b]thiophene-3- carbonitrile",NC1=C(C2=C(S1)C(=CC=C2C2=C(C=C1C(=NC(=NC1=C2F)OC[C@]21CCCN1C[C@@H](C2)F)N2CC1(CCO1)CCC2)Cl)F)C#N
150,"5-(7-(2-amino-3-cyano-7-fluorobenzo[b]thiophen-4-yl)-6-chloro-8-fluoro-2-(((2R,7aS)-2- fluorotetrahydro-1H-pyrrolizin-7a(5H)-yl)methoxy)quinazolin-4-yl)-N,N-dimethyl-5,6,7,8- tetrahydropyrazolo[4,3-c]azepine-2(4H)-carboxamide",NC1=C(C2=C(S1)C(=CC=C2C2=C(C=C1C(=NC(=NC1=C2F)OC[C@]21CCCN1C[C@@H](C2)F)N2CC=1C(CCC2)=NN(C1)C(=O)N(C)C)Cl)F)C#N
151,"2-amino-4-(4-(2-amino-3-chloro-7,8-dihydro-4H-pyrazolo[1,5-a][1,4]diazepin-5(6H)-yl)-6- chloro-8-fluoro-2-(((2R,7aS)-2-fluorotetrahydro-1H-pyrrolizin-7a(5H)-yl)methoxy)quinazolin-7- yl)-7-fluorobenzo[b]thiophene-3-carbonitrile",NC1=C(C2=C(S1)C(=CC=C2C2=C(C=C1C(=NC(=NC1=C2F)OC[C@]21CCCN1C[C@@H](C2)F)N2CC=1N(CCC2)N=C(C1Cl)N)Cl)F)C#N
152,"2-amino-4-(6-chloro-8-fluoro-2-(((2R,7aS)-2-fluorotetrahydro-1H-pyrrolizin-7a(5H)- yl)methoxy)-4-(1-oxa-6-azaspiro[3.6]decan-6-yl)quinazolin-7-yl)-7-fluorobenzo[b]thiophene-3- carbonitrile  ",NC1=C(C2=C(S1)C(=CC=C2C2=C(C=C1C(=NC(=NC1=C2F)OC[C@]21CCCN1C[C@@H](C2)F)N2CC1(CCO1)CCCC2)Cl)F)C#N
153,"2-amino-4-(6-chloro-8-fluoro-2-(((2R,7aS)-2-fluorotetrahydro-1H-pyrrolizin-7a(5H)- yl)methoxy)-4-((S)-6-hydroxy-6-methyl-1,4-oxazepan-4-yl)quinazolin-7-yl)-7- fluorobenzo[b]thiophene-3-carbonitrile",NC1=C(C2=C(S1)C(=CC=C2C2=C(C=C1C(=NC(=NC1=C2F)OC[C@]21CCCN1C[C@@H](C2)F)N2CCOC[C@@](C2)(C)O)Cl)F)C#N
154,"4-(4-(3,8-diazabicyclo[3.2.1]octan-3-yl)-8-fluoro-2-(((2R,7aS)-2-fluorotetrahydro-1H-pyrrolizin- 7a(5H)-yl)methoxy)-6-(methyl-d3)quinazolin-7-yl)-2-amino-7-fluorobenzo[b]thiophene-3- carbonitrile",C12CN(CC(CC1)N2)C2=NC(=NC1=C(C(=C(C=C21)C([2H])([2H])[2H])C2=CC=C(C=1SC(=C(C12)C#N)N)F)F)OC[C@]12CCCN2C[C@@H](C1)F
155,"4-(4-((1R,5S)-3,8-diazabicyclo[3.2.1]octan-3-yl)-8-fluoro-2-(((Z)-2- (fluoromethylene)tetrahydro-1H-pyrrolizin-7a(5H)-yl)methoxy)-6-(methyl-d3)quinazolin-7-yl)- 2-amino-7-fluorobenzo[b]thiophene-3-carbonitrile",[C@H]12CN(C[C@H](CC1)N2)C2=NC(=NC1=C(C(=C(C=C21)C([2H])([2H])[2H])C2=CC=C(C=1SC(=C(C12)C#N)N)F)F)OCC12CCCN2C\C(\C1)=C/F
156,"(Z)-5-(7-(2-amino-3-cyano-7-fluorobenzo[b]thiophen-4-yl)-6-chloro-8-fluoro-2-((2- (fluoromethylene)tetrahydro-1H-pyrrolizin-7a(5H)-yl)methoxy)quinazolin-4-yl)-N,N-dimethyl- 5,6,7,8-tetrahydro-4H-pyrazolo[1,5-a][1,4]diazepine-2-carboxamide  ",NC1=C(C2=C(S1)C(=CC=C2C2=C(C=C1C(=NC(=NC1=C2F)OCC21CCCN1C\C(\C2)=C/F)N2CC=1N(CCC2)N=C(C1)C(=O)N(C)C)Cl)F)C#N
157,"(Z)-5-(7-(2-amino-3-cyano-7-fluorobenzo[b]thiophen-4-yl)-6-chloro-8-fluoro-2-((2- (fluoromethylene)tetrahydro-1H-pyrrolizin-7a(5H)-yl)methoxy)quinazolin-4-yl)-N,N-dimethyl- 5,6,7,8-tetrahydro-4H-pyrazolo[1,5-a][1,4]diazepine-2-carboxamide",NC1=C(C2=C(S1)C(=CC=C2C2=C(C=C1C(=NC(=NC1=C2F)OCC21CCCN1C\C(\C2)=C/F)N2CC=1N(CCC2)N=C(C1)C(=O)N(C)C)Cl)F)C#N
158,"2-amino-4-(6-chloro-8-fluoro-2-(((Z)-2-(fluoromethylene)tetrahydro-1H-pyrrolizin-7a(5H)- yl)methoxy)-4-((S)-6-hydroxy-6-methyl-1,4-oxazepan-4-yl)quinazolin-7-yl)-7- fluorobenzo[b]thiophene-3-carbonitrile  ",NC1=C(C2=C(S1)C(=CC=C2C2=C(C=C1C(=NC(=NC1=C2F)OCC21CCCN1C\C(\C2)=C/F)N2CCOC[C@@](C2)(C)O)Cl)F)C#N
159,"  2-amino-4-(6-chloro-4-((R)-2,4-dioxo-1,3,7-triazaspiro[4.5]decan-7-yl)-8-fluoro-2-(((Z)-2- (fluoromethylene)tetrahydro-1H-pyrrolizin-7a(5H)-yl)methoxy)quinazolin-7-yl)-7- fluorobenzo[b]thiophene-3-carbonitrile",NC1=C(C2=C(S1)C(=CC=C2C2=C(C=C1C(=NC(=NC1=C2F)OCC21CCCN1C\C(\C2)=C/F)N2C[C@@]1(C(NC(N1)=O)=O)CCC2)Cl)F)C#N
160,"2-amino-4-(6-chloro-4-((R)-2,2-dioxido-2-thia-1,3,7-triazaspiro[4.5]decan-7-yl)-8-fluoro-2- (((Z)-2-(fluoromethylene)tetrahydro-1H-pyrrolizin-7a(5H)-yl)methoxy)quinazolin-7-yl)-7- fluorobenzo[b]thiophene-3-carbonitrile",NC1=C(C2=C(S1)C(=CC=C2C2=C(C=C1C(=NC(=NC1=C2F)OCC21CCCN1C\C(\C2)=C/F)N2C[C@@]1(CNS(N1)(=O)=O)CCC2)Cl)F)C#N
161,"(Z)-5-(7-(2-amino-3-cyano-7-fluorobenzo[b]thiophen-4-yl)-6-chloro-8-fluoro-2-((2- (fluoromethylene)tetrahydro-1H-pyrrolizin-7a(5H)-yl)methoxy)quinazolin-4-yl)-3-chloro-N,N- dimethyl-5,6,7,8-tetrahydro-4H-pyrazolo[1,5-a][1,4]diazepine-2-carboxamide",NC1=C(C2=C(S1)C(=CC=C2C2=C(C=C1C(=NC(=NC1=C2F)OCC21CCCN1C\C(\C2)=C/F)N2CC=1N(CCC2)N=C(C1Cl)C(=O)N(C)C)Cl)F)C#N
162,(Z)-2-amino-4-(6-chloro-8-fluoro-2-((2-(fluoromethylene)tetrahydro-1H-pyrrolizin-7a(5H)- yl)methoxy)-4-(1-oxa-6-azaspiro[3.5]nonan-6-yl)quinazolin-7-yl)-7-fluorobenzo[b]thiophene-3- carbonitrile,NC1=C(C2=C(S1)C(=CC=C2C2=C(C=C1C(=NC(=NC1=C2F)OCC21CCCN1C\C(\C2)=C/F)N2CC1(CCO1)CCC2)Cl)F)C#N
163,"(Z)-5-(7-(2-amino-3-cyano-7-fluorobenzo[b]thiophen-4-yl)-6-chloro-8-fluoro-2-((2- (fluoromethylene)tetrahydro-1H-pyrrolizin-7a(5H)-yl)methoxy)quinazolin-4-yl)-N,N-dimethyl- 4,5,6,7,8,9-hexahydropyrazolo[1,5-a][1,4]diazocine-2-carboxamide",NC1=C(C2=C(S1)C(=CC=C2C2=C(C=C1C(=NC(=NC1=C2F)OCC21CCCN1C\C(\C2)=C/F)N2CC=1N(CCCC2)N=C(C1)C(=O)N(C)C)Cl)F)C#N
164,"(Z)-5-(7-(2-amino-3-cyano-7-fluorobenzo[b]thiophen-4-yl)-6-chloro-8-fluoro-2-((2- (fluoromethylene)tetrahydro-1H-pyrrolizin-7a(5H)-yl)methoxy)quinazolin-4-yl)-N,N-dimethyl- 5,6,7,8-tetrahydropyrazolo[4,3-c]azepine-2(4H)-carboxamide",NC1=C(C2=C(S1)C(=CC=C2C2=C(C=C1C(=NC(=NC1=C2F)OCC21CCCN1C\C(\C2)=C/F)N2CC=1C(CCC2)=NN(C1)C(=O)N(C)C)Cl)F)C#N
165,"(Z)-2-amino-4-(4-(2-amino-3-chloro-7,8-dihydro-4H-pyrazolo[1,5-a][1,4]diazepin-5(6H)-yl)-6- chloro-8-fluoro-2-((2-(fluoromethylene)tetrahydro-1H-pyrrolizin-7a(5H)- yl)methoxy)quinazolin-7-yl)-7-fluorobenzo[b]thiophene-3-carbonitrile",NC1=C(C2=C(S1)C(=CC=C2C2=C(C=C1C(=NC(=NC1=C2F)OCC21CCCN1C\C(\C2)=C/F)N2CC=1N(CCC2)N=C(C1Cl)N)Cl)F)C#N
166,(Z)-2-amino-4-(6-chloro-8-fluoro-2-((2-(fluoromethylene)tetrahydro-1H-pyrrolizin-7a(5H)- yl)methoxy)-4-(1-oxa-6-azaspiro[3.6]decan-6-yl)quinazolin-7-yl)-7-fluorobenzo[b]thiophene-3- carbonitrile,NC1=C(C2=C(S1)C(=CC=C2C2=C(C=C1C(=NC(=NC1=C2F)OCC21CCCN1C\C(\C2)=C/F)N2CC1(CCO1)CCCC2)Cl)F)C#N
167,"2-amino-4-(6-chloro-4-(3-chloro-7,8-dihydro-4H-[1,2,3]triazolo[1,5-a][1,4]diazepin-5(6H)-yl)- 8-fluoro-2-(((2R,7aS)-2-fluorotetrahydro-1H-pyrrolizin-7a(5H)-yl)methoxy)quinazolin-7-yl)-7- fluorobenzo[b]thiophene-3-carbonitrile",NC1=C(C2=C(S1)C(=CC=C2C2=C(C=C1C(=NC(=NC1=C2F)OC[C@]21CCCN1C[C@@H](C2)F)N2CC=1N(CCC2)N=NC1Cl)Cl)F)C#N
168,"5-(7-(2-amino-3-cyano-7-fluorobenzo[b]thiophen-4-yl)-6-chloro-8-fluoro-2-(((2R,7aS)-2- fluorotetrahydro-1H-pyrrolizin-7a(5H)-yl)methoxy)quinazolin-4-yl)-N,N-dimethyl-5,6,7,8- tetrahydro-[1,2,3]triazolo[4,5-c]azepine-2(4H)-carboxamide",NC1=C(C2=C(S1)C(=CC=C2C2=C(C=C1C(=NC(=NC1=C2F)OC[C@]21CCCN1C[C@@H](C2)F)N2CC=1C(CCC2)=NN(N1)C(=O)N(C)C)Cl)F)C#N
169,"8-(7-(2-amino-3-cyano-7-fluorobenzo[b]thiophen-4-yl)-6-chloro-8-fluoro-2-(((2R,7aS)-2- fluorotetrahydro-1H-pyrrolizin-7a(5H)-yl)methoxy)quinazolin-4-yl)-N,N-dimethyl-6,7,8,9- tetrahydro-5H-[1,2,4]triazolo[1,5-a][1,4]diazepine-2-carboxamide",NC1=C(C2=C(S1)C(=CC=C2C2=C(C=C1C(=NC(=NC1=C2F)OC[C@]21CCCN1C[C@@H](C2)F)N2CC=1N(CCC2)N=C(N1)C(=O)N(C)C)Cl)F)C#N
170,"2-amino-4-(6-chloro-8-fluoro-2-(((2R,7aS)-2-fluorotetrahydro-1H-pyrrolizin-7a(5H)- yl)methoxy)-4-(2-hydroxy-6-azaspiro[3.5]nonan-6-yl)quinazolin-7-yl)-7- fluorobenzo[b]thiophene-3-carbonitrile",NC1=C(C2=C(S1)C(=CC=C2C2=C(C=C1C(=NC(=NC1=C2F)OC[C@]21CCCN1C[C@@H](C2)F)N2CC1(CC(C1)O)CCC2)Cl)F)C#N
171,"4-(4-((1R,5S)-3,8-diazabicyclo[3.2.1]octan-3-yl)-6-chloro-8-fluoro-2-(((2R,7aS)-2- fluorotetrahydro-1H-pyrrolizin-7a(5H)-yl-5,5-d2)methoxy-d2)quinazolin-7-yl)-2-amino-7- fluorobenzo[b]thiophene-3-carbonitrile  ",[C@H]12CN(C[C@H](CC1)N2)C2=NC(=NC1=C(C(=C(C=C21)Cl)C2=CC=C(C=1SC(=C(C12)C#N)N)F)F)OC([2H])([2H])[C@]12CCC(N2C[C@@H](C1)F)([2H])[2H]
