ID,SMILES,Kd,IC50,erk_IC50,Affinity,CNN_Pose_Score,CNN_Affinity
US_1,CN1CCC[C@H]1COc1nc(N2CC3CCC(C2)N3)c2cnc(cc2n1)-c1cc(O)cc2ccccc12,97.7,124.7,3159.1,-11.04,0.836,8.641
US_4,Oc1cc(-c2ncc3c(nc(OCCc4ccccn4)nc3c2F)N2CC3CCC(C2)N3)c2ccccc2c1,155.7,496.2,8530,-10.76,0.5257,8.497
US_5,Cn1nccc1COc1nc(N2CC3CCC(C2)N3)c2cnc(c(F)c2n1)-c1cc(O)cc2ccccc12,294.8,722.9,8193.8,-10.94,0.6343,8.657
US_6,Cc1cccnc1CCOc1nc(N2CC3CCC(C2)N3)c2cnc(c(F)c2n1)-c1cc(O)cc2ccccc12,442.2,434.1,11518.2,-10.7,0.5808,8.573
US_7,Oc1cc(-c2ncc3c(nc(OCCc4ncccn4)nc3c2F)N2CC3CCC(C2)N3)c2ccccc2c1,463.5,1867.3,,-10.58,0.5154,8.531
US_8,Cn1ccc(COc2nc(N3CC4CCC(C3)N4)c3cnc(c(F)c3n2)-c2cc(O)cc3ccccc23)n1,2143.7,1522,,-10.78,0.5695,8.543
US_9,Cn1cnc(COc2nc(N3CC4CCC(C3)N4)c3cnc(c(F)c3n2)-c2cc(O)cc3ccccc23)c1,258.9,820.7,,-10.54,0.58,8.613
US_10,CN1CCC[C@H]1CCOc1nc(N2CC3CCC(C2)N3)c2cnc(c(F)c2n1)-c1cc(O)cc2ccccc12,33.8,,8115.5,-10.82,0.561,8.609
US_11,CCN1CCC[C@H]1COc1nc(N2CC3CCC(C2)N3)c2cnc(c(F)c2n1)-c1cc(O)cc2ccccc12,4.9,,1078.2,-10.58,0.6416,8.833
US_12,Oc1cc(-c2ncc3c(nc(OC[C@@H]4CCCN4Cc4ccccc4)nc3c2F)N2CC3CCC(C2)N3)c2ccccc2c1,11,,4905.2,-10.01,0.5132,8.573
US_13,CN(C)C(=O)CCOc1nc(N2CC3CCC(C2)N3)c2cnc(c(F)c2n1)-c1cc(O)cc2ccccc12,510.7,,,-10.31,0.5901,8.498
US_14,CN1CCC[C@H]1COc1nc(N2CC3CCC(C2)N3)c2cnc(c(F)c2n1)-c1cc(O)c(Br)c2ccccc12,5.1,73.9,4843.5,-8.1,0.5645,8.668
US_15,CN1CCC[C@H]1COc1nc(N2CC3CCC(C2)N3)c2cnc(c(F)c2n1)-c1cccc2cccc(C)c12,208.5,260.3,16666.7,-9.51,0.6674,8.573
US_16,CN1C[C@H](F)C[C@H]1COc1nc(N2CC3CCC(C2)N3)c2cnc(c(F)c2n1)-c1cc(O)cc2ccccc12,31.3,54.1,3834.5,-10.49,0.673,8.74
US_17,C[C@H](CN(C)C)Oc1nc(N2CC3CCC(C2)N3)c2cnc(c(F)c2n1)-c1cc(O)cc2ccccc12,2209.6,666.2,,-9.5,0.703,8.696
US_19,CN1CCC[C@H]1COc1nc(N2CC3CCC(C2)N3)c2cnc(c(F)c2n1)-c1cccc2ccc(F)cc12,664.8,122,16666.7,-9.3,0.6388,8.379
US_20,[C@H]12CN(C[C@H](CC1)N2)C=2C1=C(N=C(N2)OC[C@H]2N(CCC2)C)C(=C(N=C1)C1=CC=CC2=CC=CC=C12)F,967,691.8,,-10.64,0.716,8.571
US_21,[C@H]12CN(C[C@H](CC1)N2)C=2C1=C(N=C(N2)OC[C@H]2N(CCC2)C)C(=C(N=C1)C1=CC=CC=2CCCCC12)F,447.5,262.9,,-10.18,0.5562,8.565
US_22,Oc1cc(-c2ncc3c(nc(OCCCN4CCOCC4)nc3c2F)N2CC3CCC(C2)N3)c2ccccc2c1,19.6,50.3,1888.7,-10.76,0.5676,8.494
US_23,CN1CCC[C@H]1COc1nc(N2CC3CCC(C2)N3)c2cnc(c(F)c2n1)-c1cccc2CCCc12,807.2,,,-9.51,0.6922,8.483
US_24,Oc1cc(-c2ncc3c(nc(OCCCN4C[C@@H]5CC4CO5)nc3c2F)N2CC3CCC(C2)N3)c2ccccc2c1,5,7.9,2890,-10.34,0.6143,8.59
US_25,Oc1cc(-c2ncc3c(nc(OCCN4CCOCC4)nc3c2F)N2CC3CCC(C2)N3)c2ccccc2c1,269.7,338.4,,-10.55,0.6064,8.459
US_27,CC(Oc1nc(N2CC3CCC(C2)N3)c2cnc(c(F)c2n1)-c1cc(O)cc2ccccc12)C1CCCN1C,25.9,,1275.8,-10.31,0.6479,8.81
US_28,CN1C[C@@H](C[C@H]1COc1nc(N2CC3CCC(C2)N3)c2cnc(c(F)c2n1)-c1cc(O)cc2ccccc12)C(F)(F)F,58.7,,11736,-11.06,0.601,8.713
US_29,CC(C)N1CCC[C@H]1COc1nc(N2CC3CCC(C2)N3)c2cnc(c(F)c2n1)-c1cccc2cccc(Cl)c12,169.6,160.4,13630.9,-10.55,0.6408,8.895
US_30,CC1C(CCOc2nc(N3CC4CCC(C3)N4)c3cnc(c(F)c3n2)-c2cc(O)cc3ccccc23)=Nc2ccccc12,179.5,417.6,9600.4,-11.18,0.5433,8.65
US_31,CN1CCC[C@H]1COc1nc(N2CC3C[C@@H](O)C(C2)N3)c2cnc(c(F)c2n1)-c1cc(O)cc2ccccc12,,1.6,2425.6,-10.16,0.7166,8.712
US_32,O[C@@H]1C[C@@H]2CN(C[C@H]1N2)c1nc(OCCc2ccc(F)cn2)nc2c(F)c(ncc12)-c1cccc2cccc(Cl)c12,,2145,50000,-10.28,0.717,8.975
US_33,[C@H]12CN(C[C@H](CC1)N2)C=2C1=C(N=C(N2)OCC23CCCN3CCC2)C(=C(N=C1)C1=CN=CC2=CC=CC(=C12)Cl)F,71.7,21.1,2052.1,-7.41,0.6302,8.969
US_35,OCC(CO)COc1nc(N2CC3CCC(C2)N3)c2cnc(c(F)c2n1)-c1cccc2cccc(Cl)c12,1381.8,475,11332.1,-10.02,0.6511,8.581
US_37,OC1CN(C1)c1nc(N2CC3CCC(C2)N3)c2cnc(c(F)c2n1)-c1cc(O)cc2ccccc12,494.5,404.8,,-9.43,0.6212,8.365
US_38,Oc1cc(-c2ncc3c(nc(OCCCC(F)(F)F)nc3c2F)N2CC3CCC(C2)N3)c2ccccc2c1,750.3,174.2,,-11.25,0.5571,8.537
US_39,COCCN1CCC(CC1)Oc1nc(N2CC3CCC(C2)N3)c2cnc(c(F)c2n1)-c1cccc2ccccc12,67770,10000,,-7.85,0.5317,8.325
US_40,Oc1cc(-c2ncc3c(nc(OC[C@@H]4CC5CCN4C5)nc3c2F)N2CC3CCC(C2)N3)c2ccccc2c1,1.7,4,4241.8,-10.82,0.6609,8.806
US_41,COCCCN1CCC(CC1)Oc1nc(N2CC3CCC(C2)N3)c2cnc(c(F)c2n1)-c1cc(O)cc2ccccc12,180.8,76.7,6647.2,-8.45,0.7068,8.87
US_42,CO[C@@H]1C[C@@H](COc2nc(N3CC4CCC(C3)N4)c3cnc(c(F)c3n2)-c2cc(O)cc3ccccc23)N(C)C1,5.6,3.1,637.6,-10.44,0.7581,8.7
US_43,CCO[C@@H]1C[C@@H](COc2nc(N3CC4CCC(C3)N4)c3cnc(c(F)c3n2)-c2cccc3cccc(Cl)c23)N(C)C1,188,72.2,6204.1,-9.65,0.7948,8.962
US_44,CN1CCC[C@H]1COc1nc(N2CC3CCC(C2)N3)c2cnc(c(F)c2n1)-c1cccc2ccc(F)c(Cl)c12,31.7,33.7,2290.1,-11,0.8054,9.256
US_46,Oc1cc(-c2ncc3c(nc(OCC4(CCCC4)C(F)(F)F)nc3c2F)N2CC3CCC(C2)N3)c2ccccc2c1,797.8,720.8,,-4.46,0.4853,6.587
US_47,CCCOc1nc(N2CC3CCC(C2)N3)c2cnc(c(F)c2n1)-c1cc(O)cc2ccccc12,509.9,264.6,4445.6,-9.76,0.5037,8.265
US_48,Oc1cc(-c2ncc3c(nc(OCC(F)(F)F)nc3c2F)N2CC3CCC(C2)N3)c2ccccc2c1,930.8,433.9,4875.6,-10.46,0.4723,8.257
US_49,O[C@@H]1CC2CN(C[C@H]1N2)c1nc(OCC23CCCN2CCC3)nc2c(F)c(ncc12)-c1cccc2cccc(Cl)c12,0.4,5.9,2123.1,-9.26,0.7505,9.132
US_50,Oc1cc(-c2ncc3c(nc(OC[C@@H]4CCCN4)nc3c2F)N2CC3CCC(C2)N3)c2ccccc2c1,2.1,2.5,15404.5,-10.73,0.6783,8.636
US_51,Oc1cc(-c2ncc3c(nc(OCC4(CC4)C(F)(F)F)nc3c2F)N2CC3CCC(C2)N3)c2ccccc2c1,611.1,291.7,12066.6,-10.85,0.5432,8.594
US_52,Oc1cc(-c2ncc3c(nc(OCC(F)(F)C(F)F)nc3c2F)N2CC3CCC(C2)N3)c2ccccc2c1,507.4,318.3,8380,-10.48,0.4591,8.349
US_53,Fc1c(ncc2c(nc(OCC3COC3)nc12)N1CC2CCC(C1)N2)-c1cccc2cccc(Cl)c12,4369.4,1881.4,,-10.86,0.6939,8.703
US_54,Fc1c(ncc2c(nc(OCC34CCCN3CCCC4)nc12)N1CC2CCC(C1)N2)-c1cccc2cccc(Cl)c12,117.5,68.7,16666.7,-7.74,0.6083,8.789
US_57,OCC(O)CCOc1nc(C2CC3CCC(C2)N3)c2cnc(c(F)c2n1)-c1cccc2cccc(Cl)c12,1000000,7285.9,,-9.9,0.5862,8.651
US_58,OCC[C@@H](CO)Oc1nc(C2CC3CCC(C2)N3)c2cnc(c(F)c2n1)-c1cccc2cccc(Cl)c12,4733.6,2326.7,,-8.91,0.6278,8.662
US_59,OCC(COc1nc(C2CC3CCC(C2)N3)c2cnc(c(F)c2n1)-c1cccc2cccc(Cl)c12)c1cccnc1,1118.3,946.3,,-10.25,0.6342,8.98
US_60,[O-][N+]12CCCC1(COc1nc(N3CC4CCC(C3)N4)c3cnc(c(F)c3n1)-c1cccc3cccc(Cl)c13)CCC2,1000000,1660.7,16666.7,-10.73,0.6018,8.81
US_61,OC(=O)CCOc1nc(N2CC3CCC(C2)N3)c2cnc(c(F)c2n1)-c1cccc2cccc(Cl)c12,115.5,4081,,-11,0.6594,8.608
US_62,Oc1ccc(CCOc2nc(N3CC4CCC(C3)N4)c3cnc(c(F)c3n2)-c2cccc3cccc(Cl)c23)cc1C=O,,8407.4,,-10.02,0.6702,8.58
US_63,CN1CCC[C@H]1COc1nc(N2CC3CCC(C2)N3)c2cnc(c(F)c2n1)-c1cc(O)cc2cccc(Cl)c12,,0.4,186.7,-11.21,0.7128,9.047
US_64,CC(C)(C)[Si](C)(C)OCC1CCC2(COc3nc(N4CC5CCC(C4)N5)c4cnc(c(F)c4n3)-c3cccc4cccc(Cl)c34)CCCN12,,3.3,3971,-10.46,0.6061,8.934
US_67,Oc1cc(-c2ncc3c(nc(OCCc4ccccc4F)nc3c2F)N2CC3CCC(C2)N3)c2c(Cl)cccc2c1,1151.1,1245.6,,-10.55,0.6209,8.883
US_68,COCCCOc1nc(N2CC3CCC(C2)N3)c2cnc(c(F)c2n1)-c1cc(O)cc2ccccc12,292.8,256.6,7530.9,-10.18,0.5903,8.49
US_69,OCCOc1nc(N2CC3CCC(C2)N3)c2cnc(c(F)c2n1)-c1cc(O)cc2ccccc12,521.6,529.9,16666.7,-4.63,0.605,6.193
US_70,COCCOc1nc(N2CC3CCC(C2)N3)c2cnc(c(F)c2n1)-c1cc(O)cc2ccccc12,416.7,356.2,,-10.02,0.4982,8.24
US_71,Oc1cc(-c2ncc3c(nc(OC4CCS(=O)(=O)CC4)nc3c2F)N2CC3CCC(C2)N3)c2ccccc2c1,137.6,125.7,16666.7,-11.08,0.5294,8.541
US_72,Oc1cc(-c2ncc3c(nc(OC4CCOCC4)nc3c2F)N2CC3CCC(C2)N3)c2ccccc2c1,507.2,512.9,7260.8,-11.27,0.6195,8.596
US_73,Oc1cc(-c2ncc3c(nc(OCC4CCCC4)nc3c2F)N2CC3CCC(C2)N3)c2ccccc2c1,666744.3,572.7,5555.6,-10.93,0.6086,8.62
US_74,Oc1cc(-c2ncc3c(nc(nc3c2F)N2CC3(C2)CCOCC3)N2CC3CCC(C2)N3)c2ccccc2c1,140.6,188.2,5465.1,-10.14,0.5734,8.718
US_75,OCCCOc1nc(N2CC3CCC(C2)N3)c2cnc(c(F)c2n1)-c1cc(O)cc2ccccc12,303.7,240.4,16666.7,-10.54,0.6232,8.431
US_76,Oc1cc(-c2ncc3c(nc(nc3c2F)N2CC3(C2)CCOC3)N2CC3CCC(C2)N3)c2ccccc2c1,196.9,131.2,7412.9,-9.75,0.609,8.697
US_77,OC[C@@H]1CCCN1c1nc(N2CC3CCC(C2)N3)c2cnc(c(F)c2n1)-c1cc(O)cc2ccccc12,3065.8,3137.6,,-7.29,0.503,8.455
US_78,CC(=O)N1CCC(CC1)Oc1nc(N2CC3CCC(C2)N3)c2cnc(c(F)c2n1)-c1cc(O)cc2ccccc12,367.5,358.3,16666.7,-10.03,0.5122,8.581
US_79,Oc1cc(-c2ncc3c(nc(OC4CCSCC4)nc3c2F)N2CC3CCC(C2)N3)c2ccccc2c1,1000000,336.5,,-8.46,0.5803,8.539
US_80,Oc1cc(-c2ncc3c(nc(OC4CCC(F)(F)CC4)nc3c2F)N2CC3CCC(C2)N3)c2ccccc2c1,500000,646.9,,-11.29,0.5417,8.569
US_81,Oc1cc(-c2ncc3c(nc(OCCC(F)(F)F)nc3c2F)N2CC3CCC(C2)N3)c2ccccc2c1,320.6,152.9,8288.3,-3.43,0.5151,6.26
US_82,Oc1cc(-c2ncc3c(nc(OC4CCS(=O)CC4)nc3c2F)N2CC3CCC(C2)N3)c2ccccc2c1,214.8,226.8,16666.7,-9.94,0.5469,8.584
US_83,Fc1c(ncc2c(nc(OCC34CCCN3C(=O)CC4)nc12)N1CC2CCC(C1)N2)-c1cccc2cccc(Cl)c12,,8694.9,,-8.76,0.5951,8.75
US_84,Cc1nccn1CCOc1nc(N2CC3CCC(C2)N3)c2cnc(c(F)c2n1)-c1cc(O)cc2ccccc12,14.4,31.7,5722.3,-10.82,0.6489,8.722
US_85,CC(C)Cn1ccnc1CCOc1nc(N2CC3CCC(C2)N3)c2cnc(c(F)c2n1)-c1cc(O)cc2ccccc12,147.8,453.7,16666.7,-9.78,0.593,8.738
US_86,COc1ccc(CCOc2nc(N3CC4CCC(C3)N4)c3cnc(c(F)c3n2)-c2cccc3cccc(Cl)c23)cn1,527559.5,7919.9,,-10.88,0.7072,8.848
US_87,Cc1cccc(CCOc2nc(N3CC4CCC(C3)N4)c3cnc(c(F)c3n2)-c2cc(O)cc3ccccc23)n1,195.8,535.6,10553.8,-11.28,0.5482,8.587
US_88,Cc1ccc2[nH]ncc2c1-c1ncc2c(nc(OCCc3nccn3C)nc2c1F)N1CC2CCC(C1)N2,15593.2,7021.4,,-10.12,0.7885,8.764
US_89,Oc1cc(-c2ncc3c(nc(OCc4ccccn4)nc3c2F)N2CC3CCC(C2)N3)c2ccccc2c1,4308.7,679.3,,-10.97,0.608,8.57
US_90,Fc1ccc2cccc(-c3ncc4c(nc(OCCc5cccnc5)nc4c3F)N3CC4CCC(C3)N4)c2c1,7805.4,4494.9,,-10.43,0.7557,8.801
US_91,CC(C)n1ccnc1CCOc1nc(N2CC3CCC(C2)N3)c2cnc(c(F)c2n1)-c1cc(O)cc2ccccc12,25.9,32.7,5514.1,-10.41,0.4908,8.673
US_92,Fc1c(ncc2c(nc(OCCc3cn4ccccc4n3)nc12)N1CC2CCC(C1)N2)-c1cccc2cccc(Cl)c12,2303.5,1348.4,,-10.99,0.6143,8.806
US_93,Fc1c(ncc2c(nc(OCC34CCCN3CC(F)(F)C4)nc12)N1CC2CCC(C1)N2)-c1cccc2cccc(Cl)c12,,104.6,16666.7,-8.89,0.594,8.865
US_94,Cn1ccnc1CCOc1nc(N2CC3CCC(C2)N3)c2cnc(c(F)c2n1)-c1cccc2ccccc12,7462.4,3652.5,,-10.31,0.6284,8.441
US_95,Cn1cncc1COc1nc(N2CC3CCC(C2)N3)c2cnc(c(F)c2n1)-c1cc(O)cc2ccccc12,1129,561,,-10.35,0.6555,8.697
US_96,Oc1cc(-c2ncc3c(nc(OCCc4ccccc4)nc3c2F)N2CC3CCC(C2)N3)c2ccccc2c1,709.6,2221,,-5.42,0.6301,6.608
US_97,Fc1c(ncc2c(nc(OC[C@@H]3CCCN3Cc3ccccc3)nc12)N1CC2CCC(C1)N2)-c1cccc2cccc(Cl)c12,5916.9,934.1,,-10.07,0.6338,8.833
US_98,Fc1ccc2cccc(-c3ncc4c(nc(OCC56CCCN5CCC6)nc4c3F)N3CC4CCC(C3)N4)c2c1Cl,,1,388.6,-9.99,0.6762,9.08
US_99,Oc1cc(-c2ncc3c(nc(OCc4cccnc4)nc3c2F)N2CC3CCC(C2)N3)c2ccccc2c1,896.6,623.8,,-10.73,0.6101,8.571
US_100,Cc1cccc2cccc(-c3ncc4c(nc(OCCc5nccn5C)nc4c3F)N3CC4CCC(C3)N4)c12,1089.4,1949.7,,-10.66,0.6151,8.65
US_101,Cc1cccc2cccc(-c3ncc4c(nc(OCCc5cccnc5)nc4c3F)N3CC4CCC(C3)N4)c12,11958.2,8081.6,,-10.68,0.7179,8.738
US_102,Oc1cc(-c2ncc3c(nc(OCCc4ccc(F)cn4)nc3c2F)N2CC3CCC(C2)N3)c2ccccc2c1,259.1,95.8,7955.9,-11.29,0.5673,8.625
US_103,Clc1cccc2cccc(-c3ccc4c(nc(OCCCN5C[C@@H]6C[C@H]5CO6)nc4c3)N3CC4CCC(C3)N4)c12,271.2,371,16666.7,-9.86,0.6382,8.251
US_104,Cn1ccnc1COc1nc(N2CC3CCC(C2)N3)c2cnc(c(F)c2n1)-c1cc(O)cc2ccccc12,362,1675.8,16666.7,-10.41,0.6072,8.615
US_105,COc1nc(N2CC3CCC(C2)N3)c2cnc(c(F)c2n1)-c1cc(O)cc2ccccc12,2264.8,867.1,,-4.23,0.5953,6.087
US_106,Oc1cc(-c2ncc3c(nc(OCCc4cccnc4)nc3c2F)N2CC3CCC(C2)N3)c2ccccc2c1,53.5,155.9,3096.3,-10.63,0.594,8.591
US_107,CN(C)CCOc1nc(N2CC3CCC(C2)N3)c2cnc(c(F)c2n1)-c1cccc2cccc(Cl)c12,1437,2118.1,,-10.43,0.7488,8.708
US_108,Fc1c(ncc2c(nc(OC[C@@H]3CCCN3Cc3ccccc3)nc12)N1CC2CCC(C1)N2)-c1cccc2ccccc12,63516.8,4841.5,,-9.14,0.5958,8.457
US_110,Cn1cncc1CCOc1nc(N2CC3CCC(C2)N3)c2cnc(c(F)c2n1)-c1cc(O)cc2ccccc12,42.3,57.5,16666.7,-10.98,0.5826,8.768
US_111,Cn1cncc1CCNc1nc(N2CC3CCC(C2)N3)c2cnc(c(F)c2n1)-c1cc(O)cc2ccccc12,275.8,281,,-11.17,0.6017,8.872
US_112,Cn1ccnc1CCOc1nc(N2CC3CCC(C2)N3)c2cnc(c(F)c2n1)-c1cccc2ccc(F)cc12,983.3,718.4,,-10.81,0.6945,8.745
US_113,Fc1c(ncc2c(nc(OCCc3cccnc3)nc12)N1CC2CCC(C1)N2)-c1cccc2cccc(Cl)c12,2503.9,2866.1,,-10.94,0.738,8.863
US_114,Cn1ccnc1CCOc1nc(N2CC3CCC(C2)N3)c2cnc(c(F)c2n1)-c1cccc2cccc(Cl)c12,383.7,482.1,10259.6,-11.12,0.751,8.913
US_115,CN1C[C@H](F)C[C@H]1COc1nc(N2CC3CCC(C2)N3)c2cnc(c(F)c2n1)-c1cccc2cccc(Cl)c12,333377,174.3,9514,-11.48,0.8371,9.078
US_116,CN1CCC[C@H]1COc1nc(N2CC3CCC(C2)N3)c2cnc(cc2n1)-c1cccc2cccc(C)c12,3628.8,1437.7,,-11.06,0.7882,8.553
US_117,CN1CCC[C@H]1COc1nc(N2CC3CCC(C2)N3)c2cnc(cc2n1)-c1cccc2cccc(CCC#N)c12,1004.8,731.5,,-9.72,0.5831,8.639
US_118,Oc1cc(-c2ncc3c(nc(nc3c2F)N2CCCC2)N2CC3CCC(C2)N3)c2ccccc2c1,1061.5,476.6,16666.7,-9.04,0.5373,8.474
US_119,Oc1cc(-c2ncc3c(nc(nc3c2F)N2CCC2)N2CC3CCC(C2)N3)c2ccccc2c1,511.4,684.3,3700.2,-9.06,0.557,8.435
US_121,OC[C@@H]1CCN1c1nc(N2CC3CCC(C2)N3)c2cnc(c(F)c2n1)-c1cc(O)cc2ccccc12,197,204.2,4077.1,-8.63,0.6222,8.541
US_122,CN(C)C1CN(C1)c1nc(N2CC3CCC(C2)N3)c2cnc(c(F)c2n1)-c1cccc2cccc(Cl)c12,3417.4,3265.3,16666.7,-8.89,0.7018,8.817
US_123,CN1CCC[C@H]1COc1nc(N2CC3CCC(C2)N3)c2cnc(cc2n1)-c1cccc2cccc(Cl)c12,785.7,754.4,,-11.27,0.8243,8.795
US_124,CC1(N)CN(C1)c1nc(N2CC3CCC(C2)N3)c2cnc(c(F)c2n1)-c1cc(O)cc2ccccc12,22.7,8.6,11087.4,-10.24,0.6117,8.604
US_125,CC1(N)CN(C1)c1nc(N2CC3CCC(C2)N3)c2cnc(c(F)c2n1)-c1cccc2cccc(Cl)c12,,667.5,,-9.61,0.7047,8.735
US_126,CCC1(N)CN(C1)c1nc(N2CC3CCC(C2)N3)c2cnc(c(F)c2n1)-c1cc(O)cc2ccccc12,16.1,9.9,3470.6,-9.43,0.5693,8.575
US_127,CN(C)C1(C)CN(C1)c1nc(N2CC3CCC(C2)N3)c2cnc(c(F)c2n1)-c1cccc2cccc(Cl)c12,864.1,250.9,16666.7,-8.65,0.6889,8.816
US_128,CCC1(N)CN(C1)c1nc(N2CC3CCC(C2)N3)c2cnc(c(F)c2n1)-c1cccc2cccc(Cl)c12,,500.6,,-9.74,0.6542,8.734
US_129,Fc1c(ncc2c(nc(OCCC3CC(F)(F)C3)nc12)N1CC2CCC(C1)N2)-c1cccc2cccc(Cl)c12,,4092.5,,-11.06,0.6262,8.746
US_130,Fc1c(ncc2c(nc(nc12)N1CC2(CCN2)C1)N1CC2CCC(C1)N2)-c1cccc2cccc(Cl)c12,,1647,,-8.78,0.7152,8.779
US_131,CN1CC(COc2nc(N3CC4CCC(C3)N4)c3cnc(c(F)c3n2)-c2cccc3cccc(Cl)c23)CC1=O,1553,423.9,16666.7,-11.17,0.7021,8.824
US_132,CN1CCC[C@H]1COc1nc(N2CC3CCC(C2)N3)c2cnc(c(F)c2n1)-c1cccc2cccc(Cl)c12,64.7,60.5,2558.7,-10.06,0.7383,8.81
US_133,CC1CCCc2cccc(-c3ncc4c(nc(OC[C@@H]5CCCN5C)nc4c3F)N3CC4CCC(C3)N4)c12,112.6,48.8,2048.8,-7.35,0.6417,8.673
US_135,OCC1CCC2(COc3nc(N4CC5CCC(C4)N5)c4cnc(c(F)c4n3)-c3cccc4cccc(Cl)c34)CCCN12,,2.1,4820.9,-10.41,0.7507,9.089
US_138,CO[C@H](C)COc1nc(N2CC3CCC(C2)N3)c2cnc(c(F)c2n1)-c1cccc2cccc(Cl)c12,,8067.8,,-10.71,0.7384,8.711
US_139,Nc1cccc(CCOc2nc(N3CC4CCC(C3)N4)c3cnc(c(F)c3n2)-c2cc(O)cc3ccccc23)n1,25.4,113.3,5245.1,-11.62,0.7004,8.75
US_140,COc1cccnc1CCOc1nc(N2CC3CCC(C2)N3)c2cnc(c(F)c2n1)-c1cc(O)cc2ccccc12,5591.7,5161.4,,-10.72,0.5982,8.649
US_141,Nc1ccc(CCOc2nc(N3CC4CCC(C3)N4)c3cnc(c(F)c3n2)-c2cccc3cccc(Cl)c23)cn1,,891.1,16666.7,-11.18,0.6908,8.777
US_142,Fc1c(ncc2c(nc(OC3CCc4[nH]ncc4C3)nc12)N1CC2CCC(C1)N2)-c1cccc2cccc(Cl)c12,13834,8846.4,,-11.4,0.513,8.726
US_143,Fc1c(ncc2c(nc(OC3CCc4cn[nH]c4C3)nc12)N1CC2CCC(C1)N2)-c1cccc2cccc(Cl)c12,14933.6,4563.2,,-8.13,0.5617,8.729
US_144,Cn1nccc1CCOc1nc(N2CC3CCC(C2)N3)c2cnc(c(F)c2n1)-c1cccc2cccc(Cl)c12,,1702.3,,-10.95,0.6929,8.895
US_145,Cn1ccc(CCOc2nc(N3CC4CCC(C3)N4)c3cnc(c(F)c3n2)-c2cccc3cccc(Cl)c23)n1,,5002.5,,-10.7,0.6308,8.741
US_146,Cn1cc(CCOc2nc(N3CC4CCC(C3)N4)c3cnc(c(F)c3n2)-c2cccc3cccc(Cl)c23)cn1,,2285.7,,-9.84,0.6972,8.752
US_147,Fc1c(ncc2c(nc(OCCn3cccn3)nc12)N1CC2CCC(C1)N2)-c1cccc2cccc(Cl)c12,18778.9,5876.2,,-10.46,0.6945,8.763
US_148,Cn1cnc2ccc(Oc3nc(N4CC5CCC(C4)N5)c4cnc(c(F)c4n3)-c3cccc4cccc(Cl)c34)cc12,,5180,,-9.15,0.6327,8.752
US_150,Fc1c(ncc2c(nc(OCc3cccn4ccnc34)nc12)N1CC2CCC(C1)N2)-c1cccc2cccc(Cl)c12,,1981.1,,-9.88,0.5084,8.563
US_151,CN1CCCC1COc1nc(N2CC3CCC(C2)N3)c2cnc(c(F)c2n1)-c1cncc2cccc(Cl)c12,448,387.5,,-9.69,0.6546,8.888
US_152,O[C@@H]1C[C@@H]2CN(CC1N2)c1nc(nc2c(F)c(ncc12)-c1cccc2cccc(Cl)c12)N1CCC1,,2647.1,50000,-9.23,0.7487,8.814
US_153,CC(C)N1CCC[C@H]1COc1nc(N2C[C@H]3C[C@@H](O)C(C2)N3)c2cnc(c(F)c2n1)-c1cccc2cccc(Cl)c12,70.5,50.8,2369.2,-10.12,0.8299,9.215
US_154,Cn1cnnc1CCOc1nc(N2CC3CCC(C2)N3)c2cnc(c(F)c2n1)-c1cccc2cccc(Cl)c12,,6533.8,,-7.27,0.6775,8.66
US_155,O[C@@H]1C[C@@H]2CN(CC1N2)c1nc(OCCC(F)(F)F)nc2c(F)c(ncc12)-c1cccc2cccc(Cl)c12,,3417,,-10.43,0.7554,8.761
US_156,CN1CCC[C@H]1COc1nc(N2CC3CCC(C)(C2)N3)c2cnc(c(F)c2n1)-c1cc(O)cc2ccccc12,500006,9.1,1786.9,-7.24,0.613,8.63
US_157,CN1CCC[C@H]1COc1nc(N2CC3CCC(CCC#N)(C2)N3)c2cnc(c(F)c2n1)-c1cc(O)cc2ccccc12,22.9,26.6,7998.7,-7.23,0.521,8.658
US_158,FC1=C(N=CC2=C1N=C(N=C2N2CC1(CCC(C2)N1)C(=O)OC)OC[C@H]1N(CCC1)C)C1=CC(=CC2=CC=CC=C12)O,329.9,73.7,4222.3,-2.92,0.5968,8.656
US_159,CN1CCC[C@H]1COc1nc(N2CC3CCC(C2)(N3)C(N)=O)c2cnc(c(F)c2n1)-c1cc(O)cc2ccccc12,,331,16666.7,-6.69,0.6116,6.707
US_160,CN1CCC[C@H]1COc1nc(N2CC3CCC(Cl)(C2)N3)c2cnc(c(F)c2n1)-c1cc(O)cc2ccccc12,0.3,120.3,6930.7,-7.1,0.5616,8.564
US_161,CN1CCC[C@H]1COc1nc(N2CC3CCC(C2)N3)c2cnc(c(F)c2n1)-c1cccc2CCC(C)(C)c12,403.2,273.2,16666.7,-10.6,0.6292,8.794
US_162,CN1CCC[C@H]1COc1nc(N2CC3CCC(C2)N3)c2cnc(c(F)c2n1)-c1cccc2CCC3(CC3)c12,554.6,677.3,16666.7,-10.55,0.7508,8.951
US_163,Fc1c(ncc2c(nc(OC3CCN(CC3)C(=O)CCl)nc12)N1CC2CCC(C1)N2)-c1cccc2cccc(Cl)c12,,5552.5,16666.7,-9.61,0.6248,8.822
US_164,Fc1c(ncc2c(nc(OCCNC(=O)c3ccc(cc3)S(F)(=O)=O)nc12)N1CC2CCC(C1)N2)-c1cccc2cccc(Cl)c12,,4046,16666.7,-10.55,0.5679,8.648
US_165,CN1C[C@@H](C[C@H]1COc1nc(N2CC3CCC(C2)N3)c2cnc(c(F)c2n1)-c1cccc2cccc(Cl)c12)NC(=O)c1ccc(cc1)S(F)(=O)=O,,97.8,11068.5,-3.12,0.4036,7.166
US_166,O[C@@H]1C[C@@H]2CN(C[C@H]1N2)c1nc(OCCc2nccn2C(F)F)nc2c(F)c(ncc12)-c1cccc2cccc(Cl)c12,,1286.1,,-10.35,0.8165,9.069
US_167,Cc1nccn1CCOc1nc(N2C[C@H]3C[C@@H](O)[C@@H](C2)N3)c2cnc(c(F)c2n1)-c1cccc2cccc(Cl)c12,,226.2,16142.4,-10.65,0.8689,9.149
US_168,O[C@@H]1C[C@@H]2CN(C[C@H]1N2)c1nc(OCCn2ccnc2CF)nc2c(F)c(ncc12)-c1cccc2cccc(Cl)c12,,583,16666.7,-9.73,0.7319,8.8
US_169,O[C@@H]1C[C@@H]2CN(C[C@H]1N2)c1nc(OCCn2ccnc2C(F)(F)F)nc2c(F)c(ncc12)-c1cccc2cccc(Cl)c12,,656.9,,-9.77,0.6669,8.873
US_170,O[C@@H]1C[C@@H]2CN(C[C@H]1N2)c1nc(OCCc2nccn2CF)nc2c(F)c(ncc12)-c1cccc2cccc(Cl)c12,,841.7,,-9.95,0.7361,8.943
US_171,OCc1nccn1CCOc1nc(N2CC3CCC(C2)N3)c2cnc(c(F)c2n1)-c1cccc2cccc(Cl)c12,,757.4,,-10.77,0.6881,8.741
US_172,O[C@@H]1C[C@@H]2CN(C[C@H]1N2)c1nc(OCCn2ccnc2C(F)F)nc2c(F)c(ncc12)-c1cccc2cccc(Cl)c12,,689.1,,-10.51,0.8342,9.026
US_173,Cn1ccnc1CCOc1nc(N2C[C@H]3C[C@@H](O)[C@@H](C2)N3)c2cnc(c(F)c2n1)-c1cccc2cccc(Cl)c12,116.7,99.2,10504.3,-10.78,0.8494,9.094
US_174,CC1CCc2cccc(c12)-c1ncc2c(nc(OC[C@@H]3CCCN3C)nc2c1F)N1CC2CCC(C1)N2,186.1,63.9,12816.8,-11.19,0.6387,8.644
US_175,Cc1cc(-c2ncc3c(nc(OCC45CCCN4CCC5)nc3c2F)N2CC3CCC(C2)N3)c2c(Cl)cccc2c1,,63.8,5555.6,-9.34,0.5748,8.887
US_176,NC(=N)NCCOc1nc(N2CC3CCC(C2)N3)c2cnc(c(F)c2n1)-c1cccc2cccc(Cl)c12,,235.1,,-11.31,0.6653,8.809
US_177,NC(=N)NCCCOc1nc(N2CC3CCC(C2)N3)c2cnc(c(F)c2n1)-c1cccc2cccc(Cl)c12,,187.1,,-10.56,0.7011,8.707
US_178,Nc1nccn1CCOc1nc(N2CC3CCC(C2)N3)c2cnc(c(F)c2n1)-c1cccc2cccc(Cl)c12,,105,16666.7,-11.4,0.6497,8.722
US_180,Fc1c(ncc2c(nc(OCC34CCCN3CCC4)nc12)N1CC2CCC(C1)N2)-c1cccc2cccc(-c3c[nH]nn3)c12,,76.1,16666.7,-9.61,0.6319,9.06
US_182,Nc1nc(N2CC3CCC(C2)N3)c2cnc(c(F)c2n1)-c1cc(O)cc2ccccc12,,269.1,13549.2,-11.7,0.8063,7.974
US_183,CNc1nc(N2CC3CCC(C2)N3)c2cnc(c(F)c2n1)-c1cc(O)cc2ccccc12,,393.3,5252.5,-10.4,0.5527,8.21
US_184,CN(C)c1nc(N2CC3CCC(C2)N3)c2cnc(c(F)c2n1)-c1cc(O)cc2ccccc12,,1990.6,,-7.59,0.5335,8.281
US_188,Fc1c(ncc2c(ncnc12)N1CC2CCC(C1)N2)-c1cccc2cccc(C#C)c12,,1919.7,,-9.37,0.5635,8.308
US_190,CN1CCC[C@H]1COc1nc(N2CC3CCC(C2)N3)c2cnc(c(C)c2n1)-c1cc(O)cc2ccccc12,76.1,64.1,16314.3,-8.62,0.6204,8.615
US_191,CN1CCC[C@H]1COc1nc(N2CC3CCC(C2)N3)c2cnc(c(Cl)c2n1)-c1cc(O)cc2ccccc12,,69.1,5047,-8.46,0.5354,8.498
US_192,CN1CCC[C@H]1COc1nc(N2CC3CCC(C2)N3)c2cnc(c(F)c2n1)-c1cccc2cccc(C#N)c12,,224.9,,-8.67,0.6182,8.571
US_193,OCC#Cc1cccc2cccc(-c3ncc4c(nc(OCC56CCCN5CCC6)nc4c3F)N3CC4CCC(C3)N4)c12,,12.5,8517.9,-10.46,0.6251,8.949
US_194,CN1CCC[C@H]1COc1nc(N2CC3CCC(C2)N3)c2cnc(c(F)c2n1)-c1cccc2cccc(C#CCO)c12,,150.8,,-9.73,0.7354,9.004
US_195,CC#Cc1cccc2cccc(-c3ncc4c(nc(OCC56CCCN5CCC6)nc4c3F)N3CC4CCC(C3)N4)c12,,20.7,2461.5,-9.02,0.5133,8.634
US_196,Fc1c(ncc2c(nc(OCC34CCCN3CCC4)nc12)N1CC2CCC(C1)N2)-c1cccc2OC(F)(F)Oc12,,467,,-10.05,0.5464,8.507
US_197,Fc1c(ncc2c(nc(OCC34CCCN3CCC4)nc12)N1CC2CCC(C1)N2)-c1cccc(c1C(F)(F)F)C(F)(F)F,,99.9,16666.7,-9.58,0.7204,9.142
US_198,Fc1c(ncc2c(nc(OCC34CCCN3CCC4)nc12)N1CC2CCC(C1)N2)-c1cccc2cccc(C#N)c12,,20.3,2425.5,-8.93,0.5156,8.516
US_199,CSc1cccc2cccc(-c3ncc4c(nc(OCC56CCCN5CCC6)nc4c3F)N3CC4CCC(C3)N4)c12,,2,464.8,-10.48,0.6088,8.822
US_200,Fc1c(ncc2c(nc(OCC34CCCN3CCOC4)nc12)N1CC2CCC(C1)N2)-c1cccc2cccc(Cl)c12,,229.7,,-8.99,0.595,8.771
US_201,CN1CCC[C@H]1COc1nc(N2CC3CCC(C2)N3)c2cnc(c(F)c2n1)-c1cccc2cccc(C=C)c12,,70.2,13915.2,-10.5,0.7254,8.904
US_202,COCCO[C@@H]1C[C@@H](COc2nc(N3CC4CCC(C3)N4)c3cnc(c(F)c3n2)-c2cccc3cccc(Cl)c23)N(C)C1,,94,10186.8,-10.23,0.7722,8.934
US_203,F[C@@H]1CN2CCCC2(COc2nc(N3CC4CCC(C3)N4)c3cnc(c(F)c3n2)-c2cncc3cccc(Cl)c23)C1,,28.1,2183.2,-11.56,0.6983,9.148
US_204,F[C@@H]1CN2CCCC2(COc2nc(N3CC4CCC(C3)N4)c3cnc(c(F)c3n2)-c2cncc3cccc(C#C)c23)C1,,4.4,306.7,-9.5,0.5175,8.76
US_205,F[C@@H]1CN2CCCC2(COc2nc(N3CC4CCC(C3)N4)c3cnc(c(F)c3n2)-c2cccc3cccc(C#C)c23)C1,,1.2,242.1,-9.54,0.6738,8.924
US_206,CN1CCC[C@H]1COc1nc(N2CC3CCC(C2)N3)c2cnc(c(F)c2n1)-c1cccc2cccc(C#C)c12,,5.1,899.6,-9.86,0.6932,8.849
US_207,CN1CCC[C@H]1COc1nc(N2CC3CCC(C2)N3)c2cnc(c(F)c2n1)-c1cccc2cc(C)ccc12,,4906.8,,-9.26,0.6358,8.563
US_208,CN1C[C@@H](C[C@H]1COc1nc(N2CC3CCC(C2)N3)c2cnc(c(F)c2n1)-c1cccc2cccc(Cl)c12)Oc1cccc(c1)S(F)(=O)=O,,1836.7,16666.7,-11.09,0.8487,9.287
US_209,CN1C[C@@H](C[C@H]1COc1nc(N2CC3CCC(C2)N3)c2cnc(c(F)c2n1)-c1cccc2cccc(Cl)c12)Oc1ccc(cc1)S(F)(=O)=O,,2746.7,16666.7,-10.96,0.6664,9.092
US_210,CN1CC[C@H](Oc2cccc(c2)S(F)(=O)=O)[C@H]1COc1nc(N2CC3CCC(C2)N3)c2cnc(c(F)c2n1)-c1cccc2cccc(Cl)c12,,5464.7,16666.7,-10.3,0.6687,9.164
US_211,CN1C[C@@H](C[C@H]1COc1nc(N2CC3CCC(C2)N3)c2cnc(c(F)c2n1)-c1cccc2cccc(Cl)c12)NC(=O)c1cccc(c1)S(F)(=O)=O,,211.5,13506.7,-9.35,0.6272,8.783
US_212,Oc1cc(-c2ncc3c(nc(OCCNC(=O)c4ccc(cc4)S(F)(=O)=O)nc3c2F)N2CC3CCC(C2)N3)c2ccccc2c1,,1218.4,,-10.86,0.5741,8.513
US_213,Oc1cc(-c2ncc3c(nc(OCCNC(=O)c4cccc(c4)S(F)(=O)=O)nc3c2F)N2CC3CCC(C2)N3)c2ccccc2c1,,7529,,-10.09,0.5796,8.614
US_214,CN1CCC[C@H]1COc1nc(N2CC3CCC(C2)(N3)C=O)c2cnc(c(F)c2n1)-c1cc(O)cc2ccccc12,283.6,,16666.7,-6.34,0.5551,6.6
US_215,CN1CCC[C@H]1COc1nc(N2CC3CCC(CO)(C2)N3)c2cnc(c(F)c2n1)-c1cc(O)cc2ccccc12,70.4,,16666.7,-8.36,0.6981,8.756
US_217,Oc1cc(-c2ncc3c(nc(OCc4ccccc4F)nc3c2F)N2CC3CCC(C2)N3)c2ccccc2c1,2977,,,-10.91,0.5662,8.543
US_220,Cn1cc(cn1)[C@H]1CN2CCC[C@]2(COc2nc(N3CC4CCC(C3)N4)c3cnc(c(F)c3n2)-c2cccc3cccc(Cl)c23)C1,,8.7,1344.9,-7.44,0.6309,8.997
US_221,Fc1c(ncc2c(nc(OC[C@]34CCCN3C[C@@H](C4)c3ccccc3)nc12)N1CC2CCC(C1)N2)-c1cccc2cccc(Cl)c12,,15.7,15840.8,-10.41,0.684,9.1
US_222,OCC12CCCN1CC(C2)Oc1nc(N2CC3CCC(C2)N3)c2cnc(c(F)c2n1)-c1cccc2cccc(Cl)c12,,1126.7,,-10.49,0.7252,8.846
US_227,C[C@H]1CN2CCC[C@@]2(COc2nc(N3CC4CCC(C3)N4)c3cnc(c(F)c3n2)-c2cccc3cccc(Cl)c23)C1,,6.4,2976,-12.12,0.7144,9.056
US_228,CC1(C)CN2CCCC2(COc2nc(N3CC4CCC(C3)N4)c3cnc(c(F)c3n2)-c2cccc3cccc(Cl)c23)C1,,87.7,13718.5,-7.97,0.6236,9.029
US_229,Fc1c(ncc2c(nc(OCC34CCCN3CCC4)nc12)N1CC2CCC(C1)N2)-c1ccccc1OC(F)(F)F,,121,11330.3,-10.4,0.6192,8.779
US_230,Fc1c(ncc2c(nc(OCC34CCCN3CCC4)nc12)N1CC2CCC(C1)N2)-c1cccc(Cl)c1OC(F)(F)F,,1433.1,,-9.11,0.6888,9.147
US_231,COc1cc(-c2ncc3c(nc(OCC45CCCN4CCC5)nc3c2F)N2CC3CCC(C2)N3)c2c(cccc2c1)C#C,,19.8,2806.1,-8.79,0.516,8.901
US_232,Oc1cc(-c2ncc3c(nc(OCC45CCCN4CCC5)nc3c2F)N2CC3CCC(C2)N3)c2c(C#C)c(F)ccc2c1,,0.6,15.2,-10.89,0.6749,9.315
US_233,C(Oc1nc(N2CC3CCC(C2)N3)c2cnc(cc2n1)-c1cccc2ccccc12)C12CCCN1CCC2,,387.2,15568.1,-11.01,0.5814,8.235
US_235,Fc1c(ncc2c(nc(OCC34CCCN3CCC4)nc12)N1CC2CCC(C1)N2)-c1cccc2cccc(Br)c12,,1.2,338.6,-9.87,0.5933,8.8
US_237,Oc1cccc2cccc(-c3ncc4c(nc(OCC56CCCN5CCC6)nc4c3F)N3CC4CCC(C3)N4)c12,,500.3,,-11.36,0.5945,8.73
US_239,OCCc1cccc2cccc(-c3ncc4c(nc(OCC56CCCN5CCC6)nc4c3F)N3CC4CCC(C3)N4)c12,,2,2951.1,-10.6,0.5682,8.823
US_240,NC(=O)Cc1cccc2cccc(-c3ncc4c(nc(OCC56CCCN5CCC6)nc4c3F)N3CC4CCC(C3)N4)c12,,314.8,16666.7,-6.31,0.538,8.659
US_241,NCC#Cc1cccc2cccc(-c3ncc4c(nc(OCC56CCCN5CCC6)nc4c3F)N3CC4CCC(C3)N4)c12,,79.2,16666.7,-4.22,0.5727,6.711
US_242,CCC#Cc1cccc2cccc(-c3ncc4c(nc(OCC56CCCN5CCC6)nc4c3F)N3CC4CCC(C3)N4)c12,,82.2,16666.7,-8.93,0.5436,8.824
US_243,Oc1cc(-c2ncc3c(nc(OC[C@@]45CCCN4C[C@H](F)C5)nc3c2F)N2CC3CCC(C2)N3)c2c(cccc2c1)C#C,,0.4,0.8,-10.77,0.627,9.018
US_244,Oc1cc(-c2ncc3c(ncnc3c2F)N2CC3CCC(C2)N3)c2c(cccc2c1)C#C,,4.2,763,-9.9,0.5376,8.395
US_245,Oc1cc(-c2ncc3c(nc(OCC45CCCN4CCC5)nc3c2F)N2CC3CCC(C2)N3)c2c(Cl)c(F)ccc2c1,,0.5,23.4,-10.87,0.6888,9.232
US_246,Oc1cc(-c2ncc3c(nc(OC[C@@]45CCCN4C[C@H](F)C5)nc3c2F)N2CC3CCC(C2)N3)c2c(F)c(F)ccc2c1,,0.6,1,-9.91,0.7255,9.315
US_247,FC(F)Cc1cccc2cccc(-c3ncc4c(nc(OCC56CCCN5CCC6)nc4c3F)N3CC4CCC(C3)N4)c12,,12.6,4310.5,-10.22,0.6483,9.038
US_248,FCCc1cccc2cccc(-c3ncc4c(nc(OCC56CCCN5CCC6)nc4c3F)N3CC4CCC(C3)N4)c12,,3.2,1082.8,-10.57,0.603,9.01
US_249,Cc1cc2[nH]ncc2c(c1C)-c1ncc2c(nc(OCC34CCCN3CCC4)nc2c1F)N1CC2CCC(C1)N2,,3.5,7705.6,-11.13,0.8009,9.124
US_250,Cc1cc2[nH]ccc2c(c1C)-c1ncc2c(nc(OCC34CCCN3CCC4)nc2c1F)N1CC2CCC(C1)N2,,28.2,7477.7,-11.5,0.8062,9.127
US_253,CCc1c(F)ccc2cc(O)cc(-c3ncc4c(nc(OC[C@@]56CCCN5C[C@H](F)C6)nc4c3F)N3CC4CCC(C3)N4)c12,,0.8,2,-9.91,0.6933,9.332
US_254,CCCc1cccc2cccc(-c3ncc4c(nc(OCC56CCCN5CCC6)nc4c3F)N3CC4CCC(C3)N4)c12,,6.1,2428.8,-10.2,0.6254,9.049
US_255,FCCCc1cccc2cccc(-c3ncc4c(nc(OCC56CCCN5CCC6)nc4c3F)N3CC4CCC(C3)N4)c12,,8.7,673.4,-8.66,0.6592,9.119
US_256,Cc1ccc(O)cc1-c1ncc2c(nc(OCC34CCCN3CCC4)nc2c1F)N1CC2CCC(C1)N2,,13.2,16666.7,-8.84,0.6706,8.738
US_257,Fc1c(ncc2c(nc(OCC34CCCN3CCC4)nc12)N1CC2CCC(C1)N2)-c1c2cn[nH]c2cc2ccccc12,,5.1,530.7,-10.86,0.7276,9.097
US_258,Fc1c(ncc2c(nc(OCC34CCCN3CCC4)nc12)N1CC2CCC(C1)N2)-c1c(OC(F)(F)F)ccc2[nH]ncc12,,6.5,1460.4,-9.04,0.7554,9.202
US_260,CN1C[C@@H](C[C@H]1COc1nc(N2CC3CCC(C2)N3)c2cnc(c(F)c2n1)-c1cccc2cccc(Cl)c12)OC(=O)NCCOCc1ccc(O)cc1,,107.1,16666.7,-10.63,0.6546,8.891
US_261,NCCOc1nc(N2CC3CCC(C2)N3)c2cnc(c(F)c2n1)-c1cccc2cccc(Cl)c12,,8304.2,,-10.35,0.7659,8.658
US_262,NC1(COc2nc(N3CC4CCC(C3)N4)c3cnc(c(F)c3n2)-c2cccc3cccc(Cl)c23)CCCCC1,,2255.6,,-11.37,0.6915,9.041
US_263,CCc1ccc(O)cc1-c1ncc2c(nc(OCC34CCCN3CCC4)nc2c1F)N1CC2CCC(C1)N2,,1.5,7641,-10.12,0.6209,8.748
US_264,Fc1ccccc1-c1ncc2c(nc(OCC34CCCN3CCC4)nc2c1F)N1CC2CCC(C1)N2,,4698.9,,-9.03,0.6154,8.478
US_265,Nc1cccc(F)c1-c1ncc2c(nc(OCC34CCCN3CCC4)nc2c1F)N1CC2CCC(C1)N2,,794,,-8.5,0.5428,8.547
US_266,Nc1c(Cl)cc(Cl)c(F)c1-c1ncc2c(nc(OCC34CCCN3CCC4)nc2c1F)N1CC2CCC(C1)N2,,278,,-9.66,0.6293,9.025
US_267,Oc1ccccc1-c1ncc2c(nc(OCC34CCCN3CCC4)nc2c1F)N1CC2CCC(C1)N2,,3261.6,,-8.52,0.5053,8.2
US_268,CNc1c(F)cccc1-c1ncc2c(nc(OCC34CCCN3CCC4)nc2c1F)N1CC2CCC(C1)N2,,1546.3,,-9.12,0.5613,8.544
US_269,CCNc1c(F)cccc1-c1ncc2c(nc(OCC34CCCN3CCC4)nc2c1F)N1CC2CCC(C1)N2,,4037.9,,-9.01,0.5909,8.676
US_270,Nc1c(F)cccc1-c1ncc2c(nc(OCC34CCCN3CCC4)nc2c1F)N1CC2CCC(C1)N2,,4492.4,,-8.41,0.5284,8.455
US_271,Oc1cccc(c1)-c1ncc2c(nc(OCC34CCCN3CCC4)nc2c1F)N1CC2CCC(C1)N2,,1621.9,,-8.95,0.63,8.438
US_272,Cc1ccccc1-c1ncc2c(nc(OCC34CCCN3CCC4)nc2c1F)N1CC2CCC(C1)N2,,1178.7,,-8.63,0.6691,8.539
US_273,COc1ccccc1-c1ncc2c(nc(OCC34CCCN3CCC4)nc2c1F)N1CC2CCC(C1)N2,,1340.8,,-8.55,0.5645,8.379
US_274,Cc1c(Cl)cccc1-c1ncc2c(nc(OCC34CCCN3CCC4)nc2c1F)N1CC2CCC(C1)N2,,35.9,4706.4,-8.72,0.6257,8.823
US_275,Cc1cccc(c1C)-c1ncc2c(nc(OCC34CCCN3CCC4)nc2c1F)N1CC2CCC(C1)N2,,53.8,7058.7,-9.34,0.6267,8.631
US_276,Cc1cccc(c1Cl)-c1ncc2c(nc(OCC34CCCN3CCC4)nc2c1F)N1CC2CCC(C1)N2,,16.2,3789.2,-10.22,0.6699,8.68
US_277,Fc1c(ncc2c(nc(OCC34CCCN3CCC4)nc12)N1CC2CCC(C1)N2)-c1cccc(Cl)c1Cl,,35.2,3675,-9.4,0.7356,8.992
US_278,[C@H]12CN(C[C@H](CC1)N2)C=2C1=C(N=C(N2)OCC23CCCN3CCC2)C(=C(N=C1)C1=CC=CC2=CC=CC(=C12)C#C[2H])F,,0.7,104.4,-9.18,0.5667,8.756
US_279,Oc1ccc(CC#C)c(c1)-c1ncc2c(nc(OCC34CCCN3CCC4)nc2c1F)N1CC2CCC(C1)N2,,1.6,7401.8,-10.08,0.6005,8.782
US_280,COCCNC(=O)O[C@@H]1C[C@@H](COc2nc(N3CC4CCC(C3)N4)c3cnc(c(F)c3n2)-c2cccc3cccc(Cl)c23)N(C)C1,,99.8,6115.7,-10.82,0.7624,8.898
US_281,F[C@H]1CN2CCC[C@@]2(COc2nc(N3CC4CCC(C3)N4)c3cnc(c(F)c3n2)-c2cccc3ccc(F)c(C#C)c23)C1,,0.9,97.8,-11.09,0.6952,9.136
US_283,[C@H]12CN(C[C@H](CC1)N2)C=2C1=C(N=C(N2)OC[C@]23CCCN3C[C@@H](C2)F)C(=C(N=C1)C=1C=C(C=C(C1C1CC1)Cl)O)F,,0.7,7,-10.83,0.6994,9.089
US_284,Oc1cc(Cl)c(c(c1)-c1ncc2c(nc(OC[C@@]34CCCN3C[C@H](F)C4)nc2c1F)N1CC2CCC(C1)N2)C(F)(F)F,,0.1,17.4,-11.31,0.8296,9.304
US_285,F[C@@H]1C[C@H]1c1ccccc1-c1ncc2c(nc(OCC34CCCN3CCC4)nc2c1F)N1CC2CCC(C1)N2,,279,,-10.17,0.5727,8.826
US_290,CC(C)c1c(F)cc(O)cc1-c1ncc2c(nc(OC[C@@]34CCCN3C[C@H](F)C4)nc2c1F)N1CC2CCC(C1)N2,,2.1,110.5,-9.6,0.7381,9.205
US_291,CC(C)c1c(Cl)cc(O)cc1-c1ncc2c(nc(OC[C@@]34CCCN3C[C@H](F)C4)nc2c1F)N1CC2CCC(C1)N2,,1.6,46.5,-9.61,0.8108,9.345
US_292,Fc1cccc(-c2ncc3c(nc(OCC45CCCN4CCC5)nc3c2F)N2CC3CCC(C2)N3)c1C(F)(F)F,,13.1,1696,-10.78,0.8175,9.104
US_293,FC(F)c1ccccc1-c1ncc2c(nc(OCC34CCCN3CCC4)nc2c1F)N1CC2CCC(C1)N2,,692.3,,-10.26,0.6462,8.669
US_294,Cc1c(F)cccc1-c1ncc2c(nc(OCC34CCCN3CCC4)nc2c1F)N1CC2CCC(C1)N2,,620.4,,-8.49,0.6424,8.72
US_295,CCc1ccccc1-c1ncc2c(nc(OCC34CCCN3CCC4)nc2c1F)N1CC2CCC(C1)N2,,191.5,,-8.93,0.5947,8.677
US_296,CN(C)c1ccccc1-c1ncc2c(nc(OCC34CCCN3CCC4)nc2c1F)N1CC2CCC(C1)N2,,111.5,8472,-8.81,0.5816,8.526
US_297,Fc1c(ncc2c(nc(OCC34CCCN3CCC4)nc12)N1CC2CCC(C1)N2)-c1ccccc1C1CC1,,88.9,6562,-9.5,0.5859,8.662
US_298,CC(C)c1c(Cl)cccc1-c1ncc2c(nc(OCC34CCCN3CCC4)nc2c1F)N1CC2CCC(C1)N2,,8.3,1228.7,-10.38,0.6694,9.027
US_299,CC(C)c1c(F)cccc1-c1ncc2c(nc(OCC34CCCN3CCC4)nc2c1F)N1CC2CCC(C1)N2,,131.7,5555.6,-10.19,0.6227,8.915
US_300,CCC(C)c1ccccc1-c1ncc2c(nc(OCC34CCCN3CCC4)nc2c1F)N1CC2CCC(C1)N2,,767.8,,-8.74,0.5476,8.632
US_301,CC(C)c1c(C)cccc1-c1ncc2c(nc(OCC34CCCN3CCC4)nc2c1F)N1CC2CCC(C1)N2,,35.1,3173.2,-10.3,0.5758,8.826
US_302,FC(F)Oc1c(F)cccc1-c1ncc2c(nc(OCC34CCCN3CCC4)nc2c1F)N1CC2CCC(C1)N2,,43.6,1993.3,-10.7,0.6957,8.93
US_303,FC(F)Oc1ccccc1-c1ncc2c(nc(OCC34CCCN3CCC4)nc2c1F)N1CC2CCC(C1)N2,,357.3,,-10.41,0.6001,8.621
US_304,Fc1cccc(-c2ncc3c(nc(OCC45CCCN4CCC5)nc3c2F)N2CC3CCC(C2)N3)c1C1CC1,,29.2,1415.1,-10.68,0.6102,8.882
US_305,CC1(CC1)c1ccccc1-c1ncc2c(nc(OCC34CCCN3CCC4)nc2c1F)N1CC2CCC(C1)N2,,366.8,,-10.59,0.5733,8.813
US_306,CC(C)c1ccncc1-c1ncc2c(nc(OCC34CCCN3CCC4)nc2c1F)N1CC2CCC(C1)N2,,260.4,,-9.63,0.5943,8.816
US_307,CC(C)c1ncccc1-c1ncc2c(nc(OCC34CCCN3CCC4)nc2c1F)N1CC2CCC(C1)N2,,3164.3,,-10.44,0.6521,8.856
US_308,CN(C)Cc1ccc(COCCNC(=O)O[C@@H]2C[C@@H](COc3nc(N4CC5CCC(C4)N5)c4cnc(c(F)c4n3)-c3cccc4cccc(Cl)c34)N(C)C2)cc1,,117.4,5555.6,-10.7,0.7773,9.323
US_309,CC(C)c1ccccc1-c1ncc2c(nc(OCC34CCCN3CCC4)nc2c1F)N1CC2CCC(C1)N2,,204.7,,-9.82,0.5911,8.73
US_310,Fc1c(ncc2c(nc(OCC34CCCN3CCC4)nc12)N1CC2CCC(C1)N2)-c1ccccc1Cl,,558.7,,-8.97,0.7403,8.747
US_311,COc1c(Cl)cccc1-c1ncc2c(nc(OCC34CCCN3CCC4)nc2c1F)N1CC2CCC(C1)N2,,135.3,,-9.72,0.6362,8.732
US_312,CCc1c(Cl)cccc1-c1ncc2c(nc(OCC34CCCN3CCC4)nc2c1F)N1CC2CCC(C1)N2,,9,1877.6,-10.08,0.6674,8.874
US_313,COc1c(C)cccc1-c1ncc2c(nc(OCC34CCCN3CCC4)nc2c1F)N1CC2CCC(C1)N2,,231.3,,-9.23,0.6389,8.63
US_314,CCc1c(F)ccc2cc(O)cc(-c3ncc4c(nc(OCC56CCCN5CCC6)nc4c3F)N3CC4CCC(C3)N4)c12,,0.6,3.7,-11.65,0.7363,9.384
US_315,OCCc1ccccc1-c1ncc2c(nc(OCC34CCCN3CCC4)nc2c1F)N1CC2CCC(C1)N2,,2537.4,,-8.71,0.5174,8.255
US_316,Cc1cccc(F)c1-c1ncc2c(nc(OCCc3nccn3C)nc2c1F)N1CC2CCC(C1)N2,157480.3,10000,,-9,0.5916,8.435
US_317,COc1nc(N2CC3CCC(C2)N3)c2cnc(c(F)c2n1)-c1cccc2cccc(C)c12,91269.8,10000,,-9.96,0.5545,8.129
US_318,CN1CCC[C@H]1COc1nc(N2CC3CCC(C2)N3)c2cnc(c(F)c2n1)-c1cccc2C(O)CCc12,367549.7,10000,,-9.29,0.7143,8.477
US_319,CCOC(=O)CCCOc1nc(N2CC3CCC(C2)N3)c2cnc(c(F)c2n1)-c1cccc2cccc(Cl)c12,255881.2,10000,,-9.13,0.7012,8.607
US_320,Oc1ccc(CCCOc2nc(N3CC4CCC(C3)N4)c3cnc(c(F)c3n2)-c2cccc3cccc(Cl)c23)cc1C=O,71584.2,10000,,-10.29,0.5974,8.619
US_321,CN1CCC[C@H]1COc1nc(N2CC3CCC(C2)N3)c2cnc(c(F)c2n1)-c1cccc2ccc(C)cc12,,612.8,16666.7,-8.65,0.6557,8.395
US_322,Fc1c(ncc2c(nc(OCC34CCCN3CCC4)nc12)N1CC2CCC(C1)N2)-c1cccc(Cl)c1C1CC1,,4.9,664.8,-10.57,0.6519,9.049
US_323,CN1CCCC1(CO)COc1nc(N2CC3CCC(C2)N3)c2cnc(c(F)c2n1)-c1cccc2ccccc12,,1689.3,,-10.46,0.7099,8.331
US_324,CCc1cccc2cncc(-c3ncc4c(nc(OCC56CCCN5C[C@H](F)C6)nc4c3F)N3CC4CCC(C3)N4)c12,,10.2,863.9,-10.91,0.627,9.085
US_325,CC1(C)CN2C[C@H](F)CC2(COc2nc(N3CC4CCC(C3)N4)c3cnc(c(F)c3n2)-c2cccc3cccc(Cl)c23)C1,,140.9,16666.7,-8.81,0.6378,8.991
US_328,Fc1c(ncc2c(nc(OCC34CCCN3CCC4)nc12)N1CC2CCC(C1)N2)-c1cccc(Cl)c1C(F)(F)F,,9.4,896.9,-10.85,0.8234,9.212
US_329,CSc1ccccc1-c1ncc2c(nc(OCC34CCCN3CCC4)nc2c1F)N1CC2CCC(C1)N2,,202.5,,-8.59,0.6291,8.75
US_331,Cc1ccc2[nH]ncc2c1-c1ncc2c(nc(OCC34CCCN3C[C@H](F)C4)nc2c1F)N1CC2CCC(C1)N2,,114.4,10826,-10.97,0.7712,8.873
US_332,Cc1ccc2[nH]ncc2c1-c1ncc2c(nc(OCC34CCCN3CCC4)nc2c1F)N1CC2CCC(C1)N2,,163.9,16666.7,-10.28,0.749,8.822
US_333,Oc1cc(-c2ncc3c(nc(OC[C@@]45CCCN4C[C@H](F)C5)nc3c2F)N2CC3C[C@H](C(C2)N3)n2cncn2)c2ccccc2c1,,450.5,,-3.89,0.4384,7.018
US_335,Fc1c(ncc2c(nc(OCC34CCCN3CCC4)nc12)N1CC2CCC(C1)N2)-c1cccc2cccc(C3CC3)c12,,25.8,10440.5,-11.18,0.5979,9.014
US_336,F[C@H]1CN2CCC[C@@]2(COc2nc(N3CC4CCC(C3)N4)c3cnc(c(F)c3n2)-c2cccc3ccc(F)c(Cl)c23)C1,,3.1,1057.2,-12.16,0.7677,9.29
US_337,CN1CCC[C@H]1COc1nc(N2CC3CCC(C2)N3)c2cnc(c(F)c2n1)-c1c(Cl)c(O)cc2ccccc12,,2.2,1620.7,-9.84,0.6449,8.79
US_338,Oc1cc(-c2ncc3c(nc(OCC45CCCN4CCC5)nc3c2F)N2C[C@H]3C[C@@H](CC#N)[C@@H](C2)N3)c2ccccc2c1,,33.1,16666.7,-8.82,0.6015,8.918
US_339,Oc1cc(-c2ncc3c(nc(OC[C@@]45CCCN4C[C@H](F)C5)nc3c2F)N2C[C@H]3C[C@@H](CC#N)[C@@H](C2)N3)c2ccccc2c1,21.6,21,8659.5,-9.41,0.5887,8.879
US_340,Oc1ccc(OC(F)(F)F)c(c1)-c1ncc2c(nc(OCC34CCCN3C[C@H](F)C4)nc2c1F)N1CC2CCC(C1)N2,,0.4,51.5,-9.64,0.7126,8.947
US_341,Oc1ccc(OC(F)(F)F)c(c1)-c1ncc2c(nc(OCC34CCCN3CCC4)nc2c1F)N1CC2CCC(C1)N2,,0.7,837.3,-10.9,0.6604,8.837
US_342,F[C@H]1CN2CCCC2(COc2nc(N3CC4CCC(C3)N4)c3cnc(c(F)c3n2)-c2cccc(Cl)c2C2CC2)C1,,3.4,1001.2,-11.21,0.7039,9.102
US_343,F[C@H]1CN2CCCC2(COc2nc(N3CC4CCC(C3)N4)c3cnc(c(F)c3n2)-c2c(ccc3[nH]ncc23)C(F)(F)F)C1,,10.4,1616.5,-11.33,0.864,9.329
US_344,Fc1c(ncc2c(nc(OCC34CCCN3CCC4)nc12)N1CC2CCC(C1)N2)-c1c(ccc2[nH]ncc12)C(F)(F)F,,10.9,8069.6,-11.2,0.9137,9.397
US_345,Fc1c(ncc2c(nc(OCC34CCCN3CCC4)nc12)N1CC2CCC(C1)N2)-c1cccc2cccc(OC(F)(F)F)c12,,10.6,1468.2,-8.72,0.6318,8.817
US_346,FC(F)Oc1cccc2cccc(-c3ncc4c(nc(OCC56CCCN5CCC6)nc4c3F)N3CC4CCC(C3)N4)c12,,10.5,1351.5,-10.76,0.6347,8.919
US_347,FCC1CCC2(COc3nc(N4CC5CCC(C4)N5)c4cnc(c(F)c4n3)-c3cccc4ccccc34)CCCN12,,2.1,458.9,-9.66,0.6629,8.771
US_348,CC(C)c1ccccc1-c1ncc2c(nc(OCC34CCCN3C[C@H](F)C4)nc2c1F)N1CC2CCC(C1)N2,,15.5,778.6,-9.4,0.6718,8.871
US_349,Fc1c(ncc2c(nc(OCC34CCCN3CCC4)nc12)N1CC2CCC(C1)N2)-c1c(Cl)ccc2ccccc12,,560.7,,-9.76,0.6421,8.737
US_350,Oc1c(F)cc(F)c(c1F)-c1ncc2c(nc(OCC34CCCN3CCC4)nc2c1F)N1CC2CCC(C1)N2,,3822.1,,-10.42,0.4913,8.474
US_351,CO[C@H]1CN[C@H](COc2nc(N3CC4CCC(C3)N4)c3cnc(c(F)c3n2)-c2cccc3cccc(Cl)c23)C1,,94.8,16666.7,-10.97,0.7562,8.759
US_352,Fc1c(ncc2c(nc(OC[C@@H]3CC(F)(F)CN3)nc12)N1CC2CCC(C1)N2)-c1cccc2cccc(Cl)c12,,844.8,,-10.01,0.7036,8.701
US_353,CN1C[C@@H](C[C@H]1COc1nc(N2CC3CCC(C2)N3)c2cnc(c(F)c2n1)-c1cccc2cccc(Cl)c12)NC(=O)c1ccc(C=O)cc1,,333.4,,-10.28,0.722,8.958
US_354,CN1C[C@@H](C[C@H]1COc1nc(N2CC3CCC(C2)N3)c2cnc(c(F)c2n1)-c1cccc2cccc(Cl)c12)NC(=O)c1cccc(C=O)c1,,368.1,,-10.8,0.6885,8.931
US_355,CN1C[C@@H](C[C@H]1COc1nc(N2CC3CCC(C2)N3)c2cnc(c(F)c2n1)-c1cccc2cccc(Cl)c12)NC(=O)c1ccccc1C=O,,869.9,,-10.17,0.6529,8.767
US_360,COc1nc(N2CC3CCC(C2)N3)c2cnc(c(F)c2n1)-c1cc(O)cc2cccc(Cl)c12,,50.8,8353.4,-10.85,0.6718,8.636
US_361,COc1ccc(OC(F)(F)F)c(c1)-c1ncc2c(nc(OC[C@@]34CCCN3C[C@H](F)C4)nc2c1F)N1CC2CCC(C1)N2,,2700.3,,-8.65,0.6729,8.926
US_362,CC(C)(C)c1ccccc1-c1ncc2c(nc(OC[C@@]34CCCN3C[C@H](F)C4)nc2c1F)N1CC2CCC(C1)N2,,105.8,10457,-9.75,0.648,9.037
US_363,CNC(C)COc1nc(N2CC3CCC(C2)N3)c2cnc(c(F)c2n1)-c1cccc2cccc(Cl)c12,,3932.5,,-10.64,0.8343,8.939
US_364,CC(C)c1cccc2cc(O)cc(-c3ncc4c(nc(OC[C@@]56CCCN5C[C@H](F)C6)nc4c3F)N3CC4CCC(C3)N4)c12,,2.3,322,-11.47,0.6819,9.169
US_365,Cc1ccc(O)cc1-c1ncc2c(nc(OCC34CCCN3C[C@H](F)C4)nc2c1F)N1CC2CCC(C1)N2,,34.9,3949,-9.24,0.7485,8.791
US_367,Oc1cc(-c2ncc3c(nc(OCC45CCCN4CCC5)nc3c2F)N2CC3CCC(C2)N3)c2c(F)cccc2c1,,0.7,111.8,-11.29,0.6308,8.994
US_369,Oc1cccc(F)c1-c1ncc2c(nc(OCC34CCCN3C[C@H](F)C4)nc2c1F)N1CC2CCC(C1)N2,,221.4,,-8.21,0.6526,8.698
US_370,Fc1c(ncc2c(nc(OCC34CCCN3CCC4)nc12)N1CC2CCC(C1)N2)-c1ccccc1C(F)(F)F,,86.1,10730.6,-10.31,0.7121,8.879
US_371,F[C@H]1CN2CCCC2(COc2nc(N3CC4CCC(C3)N4)c3cnc(c(F)c3n2)-c2ccccc2C2CCC2)C1,,394.2,,-9.46,0.5731,8.646
US_372,CSc1cccc2cc(O)cc(-c3ncc4c(nc(OCC56CCCN5C[C@H](F)C6)nc4c3F)N3CC4CCC(C3)N4)c12,,0.7,10.5,-11.1,0.6694,9.105
US_373,Oc1ccc(c(c1)-c1ncc2c(nc(OCC34CCCN3CCC4)nc2c1F)N1CC2CCC(C1)N2)C(F)(F)F,,1.6,16666.7,-10.7,0.7079,8.951
US_374,C[C@H](N)COc1nc(N2CC3CCC(C2)N3)c2cnc(c(F)c2n1)-c1cccc2cccc(Cl)c12,,347.9,,-9.54,0.7365,8.575
US_375,Oc1ccc(c(c1)-c1ncc2c(nc(OC[C@@]34CCCN3C[C@H](F)C4)nc2c1F)N1CC2CCC(C1)N2)C(F)(F)F,,1.7,1310.3,-10.46,0.7834,9.174
US_376,Cc1cc2[nH]ncc2c(c1Cl)-c1ncc2c(nc(OC[C@@]34CCCN3C[C@H](F)C4)nc2c1F)N1CC2CCC(C1)N2,,2.6,582.3,-11.54,0.8707,9.26
US_377,Cc1cccc(O)c1-c1ncc2c(nc(OC[C@@]34CCCN3C[C@H](F)C4)nc2c1F)N1CC2CCC(C1)N2,,416.9,,-8.95,0.6428,8.663
US_378,CN1CCc2cccc(Oc3nc(N4CC5CCC(C4)N5)c4cnc(c(F)c4n3)-c3cccc4cccc(Cl)c34)c2C1,,6250,,-8.4,0.6222,8.662
US_379,Fc1c(ncc2c(nc(OC[C@@]34CCCN3CC[C@@H]4C#N)nc12)N1CC2CCC(C1)N2)-c1cccc2cccc(Cl)c12,,248.7,,-9.1,0.649,9.01
US_380,Nc1ccc(Cl)c(F)c1-c1ncc2c(nc(OC[C@@]34CCCN3C[C@H](F)C4)nc2c1F)N1CC2CCC(C1)N2,,65.7,16666.7,-10.59,0.6392,8.795
US_381,CCc1c(F)ccc2cccc(-c3ncc4c(nc(OC[C@@]56CCCN5C[C@H](F)C6)nc4c3F)N3CC4CCC(C3)N4)c12,,0.7,708.4,-10.51,0.6441,9.01
US_382,Fc1c(ncc2c(nc(OC[C@@]34CCCN3C[C@H](C4)C(F)(F)F)nc12)N1CC2CCC(C1)N2)-c1cccc2cccc(Cl)c12,,21.1,16666.7,-10.23,0.5454,8.85
US_383,F[C@H]1CN2CCC[C@@]2(COc2nc(N3CC4CCC(C3)N4)c3cnc(c(F)c3n2)-c2ccccc2CC(F)(F)F)C1,,585.9,,-10.8,0.6696,9.041
US_384,Oc1cc(-c2ncc3c(nc(OCC45CCCN4C(CF)CC5)nc3c2F)N2CC3CCC(C2)N3)c2ccccc2c1,,2.4,398.2,-11.34,0.6224,8.774
US_385,COc1cc(-c2ncc3c(nc(OC[C@@]45CCCN4C[C@H](F)C5)nc3c2F)N2CC3CCC(C2)N3)c2ccccc2c1,,3083.3,16666.7,-3.39,0.5645,8.507
US_386,Oc1ccc(SC(F)(F)F)c(c1)-c1ncc2c(nc(OC[C@@]34CCCN3C[C@H](F)C4)nc2c1F)N1CC2CCC(C1)N2,,2,320.3,-9.17,0.754,9.235
US_387,CC(C)(N)COc1nc(N2CC3CCC(C2)N3)c2cnc(c(F)c2n1)-c1cccc2cccc(Cl)c12,,532.8,,-9.88,0.72,8.772
US_389,COC[C@H]1CC[C@@]2(COc3nc(N4CC5CCC(C4)N5)c4cnc(c(F)c4n3)-c3cc(O)cc4ccccc34)CCCN12,,1.4,780.7,-10.73,0.5748,8.729
US_390,COC(c1ccc(O)cc1-c1ncc2c(nc(OC[C@@]34CCCN3C[C@H](F)C4)nc2c1F)N1CC2CCC(C1)N2)C(F)(F)F,,36.8,6108.7,-9.21,0.6815,9.118
US_391,Cc1cc(-c2ncc3c(nc(OC[C@@]45CCCN4C[C@H](F)C5)nc3c2F)N2CC3CCC(C2)N3)c2cn[nH]c2c1,,661.7,,-11,0.7175,8.792
US_392,Oc1cccc(OC(F)(F)F)c1-c1ncc2c(nc(OC[C@@]34CCCN3C[C@H](F)C4)nc2c1F)N1CC2CCC(C1)N2,,208.2,,-10.79,0.6465,8.913
US_393,Oc1cc(-c2ncc3c(nc(OCCC(F)(F)F)nc3c2F)N2CC3CCC(C2)N3)c2c(Cl)cccc2c1,,76.3,7579.3,-10.11,0.5385,8.667
US_394,CC(C)c1cccc(C(C)C)c1-c1ncc2c(nc(OC[C@@]34CCCN3C[C@H](F)C4)nc2c1F)N1CC2CCC(C1)N2,,2500,,-9.16,0.5673,8.957
US_395,O[C@@H]1C[C@@H]2CN(C[C@H]1N2)c1nc(OC[C@@]23CCCN2C[C@H](F)C3)nc2c(F)c(ncc12)-c1cccc2cccc(Cl)c12,2.6,6.9,1089.1,-11.48,0.821,9.168
US_396,F[C@H]1CN2CCC[C@@]2(COc2nc(N3CC4CC(F)C(C3)N4)c3cnc(c(F)c3n2)-c2cccc3cccc(Cl)c23)C1,34.8,206.8,8173.3,-10.03,0.794,9.283
US_397,CO[C@@H]1C[C@@H]2CN(C[C@H]1N2)c1nc(OC[C@@]23CCCN2C[C@H](F)C3)nc2c(F)c(ncc12)-c1cccc2cccc(Cl)c12,183.2,886.9,16666.7,-3.68,0.5622,8.745
US_398,CN1CCC(F)(COc2nc(N3CC4CCC(C3)N4)c3cnc(c(F)c3n2)-c2cccc3cccc(Cl)c23)CC1,,593.2,,-10.74,0.6602,8.805
US_399,CC(C)c1ccc(O)cc1-c1ncc2c(nc(OC[C@@]34CCCN3C[C@H](F)C4)nc2c1F)N1CC2CCC(C1)N2,,2.7,509.9,-9.54,0.6997,9.011
US_400,Oc1cc(-c2ncc3c(nc(OCC45CCCN4C(CF)CC5)nc3c2F)N2CC3CCC(C2)N3)c2c(Cl)cccc2c1,,4.2,260.6,-11.55,0.757,9.176
US_401,Cc1c(Cl)cc2[nH]ncc2c1-c1ncc2c(nc(OC[C@@]34CCCN3C[C@H](F)C4)nc2c1F)N1CC2CCC(C1)N2,,2.8,603.5,-11.15,0.8795,9.258
US_402,CC(C)(O)c1ccccc1-c1ncc2c(nc(OC[C@@]34CCCN3C[C@H](F)C4)nc2c1F)N1CC2CCC(C1)N2,,8017.6,,-7.63,0.6004,8.733
US_403,CC(C)c1ccc(O)cc1-c1ncc2c(nc(OCC34CCCN3CCC4)nc2c1F)N1CC2CCC(C1)N2,,1.9,2881,-10.21,0.5718,8.818
US_404,COC1(CN2CCCC2(COc2nc(N3CC4CCC(C3)N4)c3cnc(c(F)c3n2)-c2cccc3cccc(Cl)c23)C1)OC,,60.8,8331.6,-10.17,0.7136,9.103
US_405,CN(C)C(=O)OC[C@H]1CC[C@@]2(COc3nc(N4CC5CCC(C4)N5)c4cnc(c(F)c4n3)-c3cccc4cccc(Cl)c34)CCCN12,,2.2,297,-8.38,0.5556,8.773
US_407,CC(C)(F)c1ccccc1-c1ncc2c(nc(OC[C@@]34CCCN3C[C@H](F)C4)nc2c1F)N1CC2CCC(C1)N2,,560,,-7.95,0.6338,8.753
US_408,CNC(=O)OC[C@H]1CC[C@@]2(COc3nc(N4CC5CCC(C4)N5)c4cnc(c(F)c4n3)-c3cccc4cccc(Cl)c34)CCCN12,,3.1,238,-8.21,0.6235,8.708
US_409,F[C@H]1CN2CCC[C@@]2(COc2nc(N3CC4CCC(C3)N4)c3cnc(c(F)c3n2)-c2ccccc2C#N)C1,,2231.4,,-8.41,0.6572,8.57
US_410,CO[C@H]1CN2CCC[C@@]2(COc2nc(N3CC4CCC(C3)N4)c3cnc(c(F)c3n2)-c2cc(O)cc3cccc(C#C)c23)C1,,1,8,-9.46,0.5618,8.839
US_411,COC(=O)NC[C@H]1CC[C@@]2(COc3nc(N4CC5CCC(C4)N5)c4cnc(c(F)c4n3)-c3cccc4cccc(Cl)c34)CCCN12,,17,745.3,-10.21,0.6992,9.109
US_412,CN(C)C(=O)NC[C@H]1CC[C@@]2(COc3nc(N4CC5CCC(C4)N5)c4cnc(c(F)c4n3)-c3cccc4cccc(Cl)c34)CCCN12,,17.7,4779.3,-9.68,0.582,8.738
US_413,CC(=O)NC[C@H]1CC[C@@]2(COc3nc(N4CC5CCC(C4)N5)c4cnc(c(F)c4n3)-c3cccc4cccc(Cl)c34)CCCN12,,9.2,2156.3,-10.07,0.6746,9.078
US_414,F[C@H]1CN2CCC[C@@]2(COc2nc(N3CC4CCC(C3)N4)c3cnc(c(F)c3n2)-c2ccccc2Cl)C1,,873.2,,-9.34,0.7741,8.822
US_415,F[C@H]1CN2CCC[C@@]2(COc2nc(N3CC4CCC(C3)N4)c3cnc(c(F)c3n2)-c2cnccc2C(F)(F)F)C1,,2578.3,,-10.78,0.7281,9.069
US_416,CC(C)Oc1ccccc1-c1ncc2c(nc(OC[C@@]34CCCN3C[C@H](F)C4)nc2c1F)N1CC2CCC(C1)N2,,1946.5,,-7.39,0.5641,8.61
US_417,CC(C)Cc1ccccc1-c1ncc2c(nc(OC[C@@]34CCCN3C[C@H](F)C4)nc2c1F)N1CC2CCC(C1)N2,,594.7,,-6.2,0.5945,8.66
US_418,Fc1c(ncc2c(nc(OC[C@]34CCCN3[C@@H](Cn3cccn3)CC4)nc12)N1CC2CCC(C1)N2)-c1cccc2cccc(Cl)c12,,7.5,2741.5,-9.43,0.6106,9.002
US_419,F[C@H]1CN2CCC[C@@]2(COc2nc(N3CC4CCC(C3)N4)c3cnc(c(F)c3n2)-c2cccc3cccc(c23)C(F)(F)F)C1,,50.9,2776.1,-11.08,0.7304,9.218
US_420,CS(=O)(=O)NC[C@H]1CC[C@@]2(COc3nc(N4CC5CCC(C4)N5)c4cnc(c(F)c4n3)-c3cccc4cccc(Cl)c34)CCCN12,,20,7816.4,-8.37,0.539,8.719
US_421,CC(C)c1ncccc1-c1ncc2c(nc(OC[C@@]34CCCN3C[C@H](F)C4)nc2c1F)N1CC2CCC(C1)N2,,7746.7,,-9.04,0.5993,8.922
US_422,Fc1c(ncc2c(nc(OCC34CCCN3CCC4)nc12)N1CC2CCC(C1)N2)-c1cccc2CCC=C(c12)C(F)(F)F,,11.4,2357.8,-7.95,0.5415,8.91
US_423,COCc1cccc2cccc(-c3ncc4c(nc(OC[C@@]56CCCN5C[C@H](F)C6)nc4c3F)N3CC4CCC(C3)N4)c12,,238,,-10.32,0.6315,8.678
US_424,Oc1ccc(CC(F)(F)F)c(c1)-c1ncc2c(nc(OC[C@@]34CCCN3C[C@H](F)C4)nc2c1F)N1CC2CCC(C1)N2,,5,680.9,-9.75,0.6679,9.028
US_425,FC1CN2CC(F)CC2(COc2nc(N3CC4CCC(C3)N4)c3cnc(c(F)c3n2)-c2cccc3cccc(Cl)c23)C1,,90.2,5414.1,-11.32,0.6256,8.84
US_426,CCc1c(F)ccc2cccc(-c3ncc4c(nc(OCC56CCCN5CCC6)nc4c3F)N3CC4CCC(C3)N4)c12,,0.9,228,-11.06,0.7282,9.245
US_427,CCn1ccc2cccc(-c3ncc4c(nc(OCC56CCCN5CCC6)nc4c3F)N3CC4CCC(C3)N4)c12,,35.3,1981.7,-2.07,0.5873,6.374
US_428,F[C@H]1CN2CCC[C@@]2(COc2nc(N3CC4CCC(C3)N4)c3cnc(c(F)c3n2)-c2cccc3CCCc23)C1,,92.1,6964.4,-10.54,0.5595,8.47
US_429,CC1CCc2cccc(c12)-c1ncc2c(nc(OC[C@@]34CCCN3C[C@H](F)C4)nc2c1F)N1CC2CCC(C1)N2,,18.5,1696,-10,0.6462,8.9
US_430,F[C@H]1CN2CCC[C@@]2(COc2nc(N3CC4CCC(C3)N4)c3cnc(c(F)c3n2)-c2cccc3ccc(F)c(F)c23)C1,,1,141,-11.62,0.6969,9.076
US_431,CCc1cccc2cccc(-c3ncc4c(nc(OC[C@]56CCCN5[C@@H](COC(=O)N5CCOCC5)CC6)nc4c3F)N3CC4CCC(C3)N4)c12,,1.4,74.3,-10.14,0.5772,8.942
US_432,CCc1cccc2cccc(-c3ncc4c(nc(OC[C@]56CCCN5[C@@H](COC(=O)NC)CC6)nc4c3F)N3CC4CCC(C3)N4)c12,,1.9,106.3,-9.18,0.5117,8.65
US_433,CCc1cccc2cc(O)cc(-c3ncc4c(nc(OC[C@]56CCCN5[C@@H](COC(=O)NC)CC6)nc4c3F)N3CC4CCC(C3)N4)c12,,0.9,43.2,-10.32,0.7253,9.147
US_434,CCc1cccc2cc(O)cc(-c3ncc4c(nc(OC[C@]56CCCN5[C@@H](COC(=O)N(C)C)CC6)nc4c3F)N3CC4CCC(C3)N4)c12,,0.7,6.7,-9.3,0.6511,9.059
US_435,CNC(=O)O[C@@H]1CN2CCC[C@]2(COc2nc(N3CC4CCC(C3)N4)c3cnc(c(F)c3n2)-c2cccc3cccc(Cl)c23)C1,,28.2,1822.4,-10.64,0.6237,8.981
US_436,Fc1c(ncc2c(nc(OC[C@]34CCCN3C[C@H](C4)OC(=O)N3CCOCC3)nc12)N1CC2CCC(C1)N2)-c1cccc2cccc(Cl)c12,,48.3,3989.5,-10.82,0.6812,9.08
US_437,F[C@H]1CN2CCC[C@@]2(COc2nc(N3CC4CCC(C3)N4)c3cnc(c(F)c3n2)-c2cccc3CCC(C4CC4)c23)C1,,233.7,,-8.82,0.4721,8.656
US_438,F[C@H]1CN2CCC[C@@]2(COc2nc(N3CC4CCC(C3)N4)c3cnc(c(F)c3n2)-c2cccc3C4CC4Cc23)C1,,20.1,1630.8,-11.54,0.5717,8.683
US_439,CN(C)C(=O)OC[C@H]1CC[C@@]2(COc3nc(N4CC5CCC(C4)N5)c4cnc(c(F)c4n3)-c3cccc4ccc(F)c(C#C)c34)CCCN12,,0.4,12.8,-8.03,0.5248,8.798
US_440,CN(C)C(=O)OC[C@H]1CC[C@@]2(COc3nc(N4CC5CCC(C4)N5)c4cnc(c(F)c4n3)-c3cc(O)cc4ccc(F)c(C#C)c34)CCCN12,,0.8,8.4,-10.18,0.7433,9.349
US_441,CCc1c(F)ccc2cc(O)cc(-c3ncc4c(nc(OC[C@]56CCCN5[C@@H](COC(=O)N(C)C)CC6)nc4c3F)N3CC4CCC(C3)N4)c12,,0.5,4.1,-9.16,0.7101,9.279
US_442,Fc1c(ncc2c(nc(OC[C@]34CCCN3[C@@H](CN3CCOC3=O)CC4)nc12)N1CC2CCC(C1)N2)-c1cccc2cccc(Cl)c12,,25,1162,-9.1,0.5673,8.784
US_443,Fc1c(ncc2c(nc(OC[C@]34CCCN3[C@@H](COC(=O)N3CCCC3)CC4)nc12)N1CC2CCC(C1)N2)-c1cccc2cccc(Cl)c12,,3.2,160,-10.62,0.6406,9.176
US_444,Fc1c(ncc2c(nc(OC[C@]34CCCN3[C@@H](COC(=O)N3CCCCC3)CC4)nc12)N1CC2CCC(C1)N2)-c1cccc2cccc(Cl)c12,,5.5,365,-10.42,0.6537,9.065
US_445,Fc1c(ncc2c(nc(OC[C@]34CCCN3[C@@H](COC(=O)N3CCOCC3)CC4)nc12)N1CC2CCC(C1)N2)-c1cccc2cccc(Cl)c12,,2.7,130,-9.61,0.6352,9.07
US_446,Cn1ccc2cccc(-c3ncc4c(nc(OCC56CCCN5CCC6)nc4c3F)N3CC4CCC(C3)N4)c12,,357,,-9.25,0.5783,8.634
US_447,CCCc1ccccc1-c1ncc2c(nc(OCC34CCCN3CCC4)nc2c1F)N1CC2CCC(C1)N2,,297,,-9.19,0.5463,8.645
US_449,CCc1cccc2cc(O)cc(-c3ncc4c(ncnc4c3F)N3CC4CCC(C3)N4)c12,,71,,-11.07,0.6951,8.649
US_450,CC(Oc1nc(N2CC3CCC(C2)N3)c2cnc(c(F)c2n1)-c1cccc2cccc(F)c12)C12CCCN1CCC2,,37,,-10.04,0.604,8.894
US_453,Nc1nc2c(cccc2s1)-c1ncc2c(nc(OCC34CCCN3CCC4)nc2c1F)N1CC2CCC(C1)N2,,27,,-9.85,0.7253,8.755
US_454,Fc1c(ncc2c(nc(OCC34CCCN3CCC4)nc12)N1CC2CCC(C1)N2)-c1cccc2scnc12,,295,,-9.02,0.5608,8.535
US_455,Nc1nc2c(ccc(F)c2s1)-c1ncc2c(nc(OCC34CCCN3CCC4)nc2c1F)N1CC2CCC(C1)N2,,17,,-9.57,0.7124,8.895
US_456,Cc1cc2sc(N)nc2c(c1C)-c1ncc2c(nc(OCC34CCCN3CCC4)nc2c1F)N1CC2CCC(C1)N2,,966,,-9.45,0.5611,8.913
US_457,Cc1cc2sc(N)nc2c(c1C)-c1ncc2c(nc(OC[C@@]34CCCN3C[C@H](F)C4)nc2c1F)N1CC2CCC(C1)N2,,475,,-7.9,0.6121,8.983
US_458,Cc1ccc2sc(N)nc2c1-c1ncc2c(nc(OCC34CCCN3CCC4)nc2c1F)N1CC2CCC(C1)N2,,143,,-10.34,0.7085,8.904
US_465,[C@H]12CN(C[C@H](CC1)N2)C=2C1=C(N=C(N2)OC[C@]23CCCN3C[C@@H](C2)F)C(=C(N=C1)C1=CC=CC2=CC=CC(=C12)CC)F,,1,,-10.67,0.651,8.869
US_466,[C@H]12CN(C[C@H](CC1)N2)C3=NC(=NC4=C3C=NC(=C4F)C5=CC=CC6=CC=CC(=C56)CC)OC[C@@]78C[C@@H](CN7C[C@@H](C8)O)O,,6,,-12.02,0.6451,8.824
US_469,[C@H]12CN(C[C@H](CC1)N2)C=2C1=C(N=C(N2)OC[C@]23CCCCN3C[C@@H](C2)F)C(=C(N=C1)C1=CC(=CC2=CC=C(C(=C12)C#C)F)O)F,,2,31.6,-9.18,0.5503,8.951
US_480,[C@H]12CN(C[C@H](CC1)N2)C=2C1=C(N=C(N2)OC([2H])([2H])[C@]23CCC(N3C[C@@H](C2)F)([2H])[2H])C(=C(N=C1)C1=CC(=CC2=CC=CC(=C12)CC)O)F,,2,,-10.58,0.6857,9.116
US_481,[C@H]12CN(C[C@H](CC1)N2)C=2C1=C(N=C(N2)OC([2H])([2H])[C@]23CCC(N3C[C@@H](C2)F)([2H])[2H])C(=C(N=C1)C1=CC(=CC2=CC=C(C(=C12)C#C)F)O)F,,2,,-9.26,0.5868,8.908
31678_1,CN(C1(CCC1)CNC=1C2=C(N=C(N1)OC[C@]13CCCN3C[C@@H](C1)F)C(=C(N=C2)C2=CC(=CC1=CC=CC=C21)O)F)C,14.7,19.6,692.3,-9.68,0.7355,9.163
31678_2,CN(C1(CCC1)CNC=1C2=C(N=C(N1)OC[C@]13CCCN3C[C@@H](C1)F)C(=C(N=C2)C2=CC=CC1=CC=CC(=C21)C)F)C,,269.1,,-10.8,0.7459,9.035
31678_3,CN(C1(CCC1)CNC=1C2=C(N=C(N1)OC[C@]13CCCN3C[C@@H](C1)F)C(=C(N=C2)C2=CC=CC1=CC=CC(=C21)C(F)(F)F)F)C,,238.9,,-11.19,0.7494,9.389
31678_4,FC1=C(N=CC2=C1N=C(N=C2NCC2(CCC2)N2CCOCC2)OC[C@]21CCCN1C[C@@H](C2)F)C2=CC(=CC1=CC=CC=C21)O,,957.7,,-6.52,0.509,8.783
31678_5,C12CNCC2C1NC=1C2=C(N=C(N1)OC[C@H]1N(CCC1)C)C(=C(N=C2)C2=CC(=CC1=CC=CC=C21)O)F,,2258.9,,-12.3,0.8555,9.009
31678_6,CN(C1(CC1)CNC=1C2=C(N=C(N1)OC[C@]13CCCN3C[C@@H](C1)F)C(=C(N=C2)C2=CC(=CC1=CC=CC=C21)O)F)C,,117,,-10.09,0.7236,8.935
31678_7,CN(C1(CCCC1)CNC=1C2=C(N=C(N1)OC[C@]13CCCN3C[C@@H](C1)F)C(=C(N=C2)C2=CC(=CC1=CC=CC=C21)O)F)C,12.2,10,711.3,-9.18,0.5998,9.04
31678_8,FC1=C(N=CC2=C1N=C(N=C2NCC2(CNC2)C)OC[C@]21CCCN1C[C@@H](C2)F)C2=CC(=CC1=CC=CC=C21)O,66.8,39.9,16666.7,-12.78,0.7897,9.024
31678_9,CN(C1(CCC1)CNC=1C2=C(N=C(N1)OCC13CCCN3CCC1)C(=C(N=C2)C2=C(C=CC=C2)C(C)C)F)C,,2170,,-8.74,0.6679,8.856
31678_10,CN(C1(CCC1)CNC=1C2=C(N=C(N1)OC[C@]13CCCN3C[C@@H](C1)F)C(=C(N=C2)C2=C(C=CC=C2)C(C)C)F)C,,3721,,-9.85,0.738,8.94
31678_12,ClC=1C(=C2C=NNC2=CC1C)C1=C(C=2N=C(N=C(C2C=N1)NCC1(CCC1)N(C)C)OC[C@]12CCCN2C[C@@H](C1)F)F,,100,,-9.68,0.8411,9.528
31678_13,ClC1=C(C(=C2C=NNC2=C1)C1=C(C=2N=C(N=C(C2C=N1)NCC1(CCC1)N(C)C)OC[C@]12CCCN2C[C@@H](C1)F)F)C,,165,,-9.47,0.7893,9.307
31678_14,CN(C1(CCC1)CNC=1C2=C(N=C(N1)OCC13CCCN3CCC1)C(=C(N=C2)C2=CC=CC1=CC=CC(=C21)F)F)C,,306.1,,-10.37,0.703,8.982
31678_15,ClC=1C=CC=C2C=CC=C(C12)C1=C(C=2N=C(N=C(C2C=N1)NCC(C)(O)C)OC[C@]12CCCN2C[C@@H](C1)F)F,,3148.1,,-13.17,0.7501,8.891
31678_16,ClC=1C(=C(C=CC1)C1=C(C=2N=C(N=C(C2C=N1)NCC1(CCC1)N(C)C)OCC12CCCN2CCC1)F)C1CC1,,146.1,,-9.03,0.7489,9.188
31678_17,C1[C@@H](C[C@@H]1NC)NC2=NC(=NC3=C2C=NC(=C3F)C4=CC(=CC5=CC=CC=C45)O)OCC67CCCN6CCC7,,80.9,16666.7,-12.19,0.79,9.144
31678_18,N1CC(C1)NC=1C2=C(N=C(N1)OCC13CCCN3CCC1)C(=C(N=C2)C2=CC(=CC1=CC=CC=C21)O)F,,46.5,16666.7,-13.55,0.8183,8.923
31678_19,FC1=C(N=CC2=C1N=C(N=C2N[C@H]2CNC[C@@H]2C)OCC21CCCN1CCC2)C2=CC(=CC1=CC=CC=C21)O,,245.3,,-13.18,0.7736,8.929
31678_20,CN(C1(CCC1)CNC=1C2=C(N=C(N1)OC[C@]13CCCN3C[C@@H](C1)F)C(=C(N=C2)C2=CC=CC1=CC=CC(=C21)C#C)F)C,,22,2508.4,-9.93,0.6738,9.092
31678_21,CN(C1(CCC1)CNC=1C2=C(N=C(N1)OC[C@]13CCCN3C[C@@H](C1)F)C(=C(N=C2)C2=CC=CC1=CC=CC(=C21)CC)F)C,,59.2,16666.7,-11.15,0.749,9.227
31678_22,CN(C1(CCC1)CNC=1C2=C(N=C(N1)OC[C@]13CCCN3C[C@@H](C1)F)C(=C(N=C2)C2=CC=CC1=CC=CC(=C21)F)F)C,,1319.2,,-10.84,0.7531,9.119
31678_23,ClC=1C=CC=C2C=CC=C(C12)C1=C(C=2N=C(N=C(C2C=N1)NCC1(CCC1)N(C)C)OC[C@]12CCCN2C[C@@H](C1)F)F,,582.9,,-10.9,0.7812,9.341
31678_24,CN(C1(CCC1)CNC=1C2=C(N=C(N1)OC[C@]13CCCN3C[C@@H](C1)F)C(=C(N=C2)C2=CC=CC1=CC=CC(=C21)C(=C)C)F)C,,954.2,,-7.83,0.5435,9.021
31678_25,CN(C1(CCC1)CNC=1C2=C(N=C(N1)OC[C@]13CCCN3C[C@@H](C1)F)C(=C(N=C2)C2=CC=CC1=CC=CC(=C21)C(C)C)F)C,,1638.2,,-9.81,0.633,9.143
31678_26,C1(CC1)C=1C=CC=C2C=CC=C(C12)C1=C(C=2N=C(N=C(C2C=N1)NCC1(CCC1)N(C)C)OC[C@@]12CCCN2C[C@H](C1)F)F,,343.5,,-9.72,0.661,9.3
31678_27,CN(C1(CCC1)CNC=1C2=C(N=C(N1)OC[C@]13CCCN3C[C@@H](C1)F)C(=C(N=C2)C2=CC=CC1=CC=CC(=C21)C#CC)F)C,,1879,,-7.37,0.5297,8.955
31678_28,CN(C1(CCC1)CN(C=1C2=C(N=C(N1)OC[C@]13CCCN3C[C@@H](C1)F)C(=C(N=C2)C2=CC(=CC1=CC=CC=C21)O)F)C)C,,609.2,,-8.47,0.6687,9.118
31678_29,NC1(CCC1)CNC=1C2=C(N=C(N1)OC[C@]13CCCN3C[C@@H](C1)F)C(=C(N=C2)C2=CC(=CC1=CC=CC=C21)O)F,,62.8,1559.3,-14.06,0.7847,9.008
31678_30,CN(C1(CCCCC1)CNC=1C2=C(N=C(N1)OC[C@]13CCCN3C[C@@H](C1)F)C(=C(N=C2)C2=CC(=CC1=CC=CC=C21)O)F)C,,1576.6,,-8.93,0.6283,9.04
31678_31,CN(C1(CCC1)CNC=1C2=C(N=C(N1)OCCC=1N(C=CN1)C)C(=C(N=C2)C2=CC(=CC1=CC=CC=C21)O)F)C,,856.8,,-10.09,0.8165,9.209
31678_33,CN(C1(CCC1)CNC=1C2=C(N=C(N1)OC[C@]13CCCN3C[C@@H](C1)F)C(=C(N=C2)C2=CC(=CC1=CC=CC(=C21)CC)O)F)C,,0.9,,-10.6,0.7441,9.37
31678_34,CN(C1(CCCC1)CNC=1C2=C(N=C(N1)OC[C@]13CCCN3C[C@@H](C1)F)C(=C(N=C2)C2=CC(=CC1=CC=CC(=C21)CC)O)F)C,,1.1,,-9.67,0.7151,9.528
31678_35,CN(C1(CCC1)CNC=1C2=C(N=C(N1)OCC13CCCN3CCC1)C(=C(N=C2)C2=CC=CC1=CC=C(C(=C21)CC)F)F)C,,30.4,,-10.37,0.7709,9.447
31678_36,ClC1=C2C(=CC(=CC2=CC=C1)O)C1=C(C=2N=C(N=C(C2C=N1)N(C)CC1(CCC1)N(C)C)OC[C@]12CCCN2C[C@@H](C1)F)F,135.2,76.5,3288.6,-8.91,0.7489,9.401
31678_37,CN(C1(CCC1)CN(C=1C2=C(N=C(N1)OC[C@]13CCCN3C[C@@H](C1)F)C(=C(N=C2)C2=CC(=CC1=CC=CC(=C21)CC)O)F)C)C,,26.1,,-9.52,0.6927,9.387
31678_38,FC1=C(N=CC2=C1N=C(N=C2NCC2(CNC2)O)OC[C@]21CCCN1C[C@@H](C2)F)C2=CC(=CC1=CC=CC=C21)O,,389.3,,-13.48,0.8433,8.957
31678_39,CN(CCNC=1C2=C(N=C(N1)OC[C@@]13CCCN3C[C@H](C1)F)C(=C(N=C2)C2=CC(=CC1=CC=CC=C21)O)F)C,,521.4,,-11.21,0.762,8.884
31678_40,[C@@]12(NCC[C@@H]2C1)CNC=1C2=C(N=C(N1)OC[C@]13CCCN3C[C@@H](C1)F)C(=C(N=C2)C2=CC(=CC1=CC=CC=C21)O)F,,5148.9,,-12.5,0.7622,8.99
31678_41,CN(C1(CCOCC1)CNC=1C2=C(N=C(N1)OC[C@]13CCCN3C[C@@H](C1)F)C(=C(N=C2)C2=CC(=CC1=CC=CC=C21)O)F)C,,684.3,,-9.26,0.5574,8.893
31678_42,CN(C(CNC=1C2=C(N=C(N1)OC[C@]13CCCN3C[C@@H](C1)F)C(=C(N=C2)C2=CC(=CC1=CC=CC=C21)O)F)(C)C)C,,210.9,,-9.49,0.6023,8.908
31678_43,CN(C(OC[C@H]1CC[C@]2(CCCN12)COC=1N=C(C2=C(N1)C(=C(N=C2)C2=CC(=CC1=CC=CC(=C21)CC)O)F)NCC2(CCC2)N(C)C)=O)C,,1.1,53.5,-10.03,0.7464,9.524
31678_44,CNC(OC[C@H]1CC[C@]2(CCCN12)COC=1N=C(C2=C(N1)C(=C(N=C2)C2=CC(=CC1=CC=CC(=C21)CC)O)F)NCC2(CCC2)N(C)C)=O,,0.7,220.2,-9.7,0.7415,9.231
31678_45,CN(C(OC[C@H]1CC[C@]2(CCCN12)COC=1N=C(C2=C(N1)C(=C(N=C2)C2=CC(=CC1=CC=C(C(=C21)C#C)F)O)F)NCC2(CCC2)N(C)C)=O)C,,0.4,38.3,-7.56,0.5898,9.292
31678_46,CN(C(OC[C@H]1CC[C@]2(CCCN12)COC=1N=C(C2=C(N1)C(=C(N=C2)C2=CC(=CC1=CC=C(C(=C21)CC)F)O)F)NCC2(CCC2)N(C)C)=O)C,,0.7,38.7,-9.44,0.7269,9.561
31678_47,ClC=1C(=C(C=CC1)C1=C(C=2N=C(N=C(C2C=N1)NCC1(CCC1)N(C)C)OCC12CCCN2CCC1)F)C(C)C,,513.1,,-9.88,0.7968,9.412
31678_48,ClC=1C(=C(C=CC1)C1=C(C=2N=C(N=C(C2C=N1)NCC1(CCC1)N(C)C)OC[C@]12CCCN2C[C@@H](C1)F)F)C(C)C,,1078.8,,-10.2,0.7903,9.442
31678_49,N1(CCCC1)C(=O)OC[C@H]1CC[C@]2(CCCN12)COC=1N=C(C2=C(N1)C(=C(N=C2)C2=CC=CC1=CC=CC(=C21)Cl)F)NCC2(CCC2)N(C)C,,231.7,,-9.38,0.7397,9.088
31678_50,N1(CCCCC1)C(=O)OC[C@H]1CC[C@]2(CCCN12)COC=1N=C(C2=C(N1)C(=C(N=C2)C2=CC=CC1=CC=CC(=C21)Cl)F)NCC2(CCC2)N(C)C,,89.6,10671.4,-10.27,0.7431,9.324
31678_51,CN(C(OC[C@H]1CC[C@]2(CCCN12)COC=1N=C(C2=C(N1)C(=C(N=C2)C2=CC=CC1=CC=CC(=C21)Cl)F)NCC2(CCC2)N(C)C)=O)C,,102.1,16666.7,-9.81,0.7276,9.17
31678_52,CN(C1(CCC1)CNC=1C2=C(N=C(N1)OC[C@]13CCCN3C[C@@H](C1)F)C(=C(N=C2)C2=CC(=CC1=CC=CC(=C21)C#C)O)F)C,0.04,0.6,12,-8.83,0.6963,9.309
31678_53,CN(C1(CCOCC1)CNC=1C2=C(N=C(N1)OCC13CCCN3CCC1)C(=C(N=C2)C2=CC=CC1=CC=CC(=C21)F)F)C,,7158.9,,-10.49,0.7057,9.099
31678_54,ClC=1C=CC=C2C=CC=C(C12)C1=C(C=2N=C(N=C(C2C=N1)NCC1(CCC1)N(C)C)OCC12CCCN2CCC1)F,,79.3,16666.7,-11.05,0.7851,9.31
31678_55,ClC=1C=CC=C2C=CC=C(C12)C1=C(C=2N=C(N=C(C2C=N1)NCC(C)(N(C)C)C)OCC12CCCN2CCC1)F,,938.2,,-11.18,0.7589,9.094
31678_56,CN(C1(CCC1)CNC=1C2=C(N=C(N1)OCC13CCCN3CCC1)C(=C(N=C2)C2=CC=CC1=CC=C(C(=C21)C#C)F)F)C,,2.6,349.6,-10.48,0.7901,9.536
31678_57,CN(C1(CCC1)CNC=1C2=C(N=C(N1)OC[C@]13CCCN3C[C@@H](C1)F)C(=C(N=C2)C2=CC(=CC1=CC=C(C(=C21)CC)F)O)F)C,,1.1,,-10.97,0.7441,9.577
31678_58,CN(C1(CCC1)CN(C=1C2=C(N=C(N1)OCC13CCCN3CCC1)C(=C(N=C2)C2=CC=CC1=CC=CC(=C21)F)F)C)C,,9092.3,,-9.7,0.6154,8.986
31678_59,FC1=C(N=CC2=C1N=C(N=C2NCC2(CCC2)NC)OCC21CCCN1CCC2)C2=CC=CC1=CC=CC(=C21)F,,1032.4,,-11.36,0.7696,9.058
31678_60,NC1(CCC1)CNC=1C2=C(N=C(N1)OCC13CCCN3CCC1)C(=C(N=C2)C2=CC=CC1=CC=CC(=C21)F)F,,2118,,-13.33,0.78,9.009
31678_61,CN(C1(CCCC1)CNC=1C2=C(N=C(N1)OCC13CCCN3CCC1)C(=C(N=C2)C2=CC=CC1=CC=CC(=C21)F)F)C,,479.8,,-8.95,0.5865,8.948
31678_62,FC1=C(N=CC2=C1N=C(N=C2NC2CC(C21CCC1)N)OCC12CCCN2CCC1)C1=CC=CC2=CC=CC(=C12)F,,202.7,,-10.44,0.5955,8.856
646_1,[C@H]12CN(C[C@H](CC1)N2)C=2C1=C(N=C(N2)OC[C@H]2N(CCC2)C)CN(CC1)C1=CC(=CC2=CC=CC=C12)O,110.2,48.9,2349,-10.18,0.8088,8.557
646_2,[C@H]12CN(C[C@H](CC1)N2)C=2C1=C(N=C(N2)OC[C@H]2N(CCC2)C)CN(CC1)C1=CC=CC2=CC=CC(=C12)Cl,163.2,266.5,16085,-8.38,0.6088,8.243
646_3,[C@H]12CN(C[C@H](CC1)N2)C=2C1=C(N=C(N2)OC[C@H]2N(CCC2)C)CN(CC1)C1=C2C=NNC2=CC=C1C,6365.7,1315.4,,-9.49,0.804,8.489
646_8,[C@H]12CN(C[C@H](CC1)N2)C=2C1=C(N=C(N2)OC[C@H]2N(CCC2)C)CN(CC1)C1=CC=CC2=CC=CC(=C12)CC,,5.5,12570,-9.74,0.7681,8.581
646_9,[C@H]12CN(C[C@H](CC1)N2)C=2C1=C(N=C(N2)OCC23CCCN3CC(C2)F)CN(CC1)C1=CC=CC2=CC=CC(=C12)CC,,3.1,1656,-9.81,0.6878,8.841
646_10,[C@H]12CN(C[C@H](CC1)N2)C=2C1=C(N=C(N2)OCC23CCCN3CCC2)CN(CC1)C1=CC=CC2=CC=CC(=C12)CC,,1.1,738,-8.73,0.6826,8.861
646_11,[C@H]12CN(C[C@H](CC1)N2)C3=NC(=NC4=C3CCN(C4)C5=CC=CC6=CC=CC(=C56)C7CC7)OC[C@@]89CCCN8C[C@@H](C9)F,,19.8,16667,-10.68,0.5945,8.682
646_12,[C@H]12CN(C[C@H](CC1)N2)C=2C1=C(N=C(N2)OCC23CCCN3CCC2)CN(CC1)C1=CC=CC2=CC=C(C(=C12)Cl)Cl,,344.8,,-9.43,0.5991,8.79
646_13,[C@H]12CN(C[C@H](CC1)N2)C=2C1=C(N=C(N2)OCC23CCCN3C(CC2)COC(N(C)C)=O)CN(CC1)C1=CC=CC2=CC=CC(=C12)CC,,1.3,261,-9.88,0.6423,8.727
646_14,[C@H]12CN(C[C@H](CC1)N2)C=2C1=C(N=C(N2)OCC23CCCN3CCC2)CN(CC1)C1=CC(=CC2=CC=CC(=C12)CC)O,,1.1,21,-11.07,0.6765,8.864
646_15,[C@H]12CN(C[C@H](CC1)N2)C=2C1=C(N=C(N2)OC[C@H]2N(CCC2)C)CN(CC1)C1=CC=CC2=C(C=CC=C12)Cl,,7904.6,,-5.18,0.6498,8.254
646_16,[C@H]12CN(C[C@H](CC1)N2)C=2C1=C(N=C(N2)OC[C@H]2N(CCC2)C)CN(CC1)C1=CC=CC2=C(C=CC=C12)F,,1762.9,,-8.82,0.7377,8.281
646_17,[C@H]12CN(C[C@H](CC1)N2)C=2C1=C(N=C(N2)OCC23CCCN3CC(C2)F)CN(CC1)C1=C(C(=CC=C1)Cl)C1CC1,,29.5,16667,-7.38,0.6272,8.514
646_19,[C@H]12CN(C[C@H](CC1)N2)C=2C1=C(N=C(N2)OCC23CCCN3CCC2)CN(CC1)C1=CC=CC2=CC=C(C(=C12)CC)F,,1.8,324,-10.5,0.7037,8.825
646_20,[C@H]12CN(C[C@H](CC1)N2)C=2C1=C(N=C(N2)OCC23CCCN3CC(C2)F)CN(CC1)C1=CC=CC2=CC=C(C(=C12)CC)F,,2.8,539,-10.37,0.7761,9.144
646_21,[C@H]12CN(C[C@H](CC1)N2)C=2C1=C(N=C(N2)OCC23CCCN3C(CC2)COC(NC)=O)CN(CC1)C1=CC=CC2=CC=CC(=C12)C,,12.3,,-9.2,0.6306,8.387
646_22,[C@H]12CN(C[C@H](CC1)N2)C=2C1=C(N=C(N2)OC)CN(CC1)C1=CC=CC2=CC=CC(=C12)C,302195.6,7862.6,,-10.15,0.7404,8.108
646_23,[C@H]12CN(C[C@H](CC1)N2)C=2C1=C(N=C(N2)OCC23CCCN3C(CC2)CF)CN(CC1)C1=CC(=CC2=CC=CC(=C12)CC)O,,1.1,119,-9.23,0.5892,8.714
646_24,[C@H]12CN(C[C@H](CC1)N2)C=2C1=C(N=C(N2)OC[C@H]2N(CCC2)C)CN(CC1)C1=CC(=C(C2=CC=CC=C12)Cl)O,37.7,1362.6,16667,-9.1,0.7023,8.619
646_25,[C@H]12CN(C[C@H](CC1)N2)C=2C1=C(N=C(N2)OC[C@H]2N(CCC2)C)CN(CC1)C1=C(C(=C(C2=CC=CC=C12)F)O)F,846.8,6788.2,,-9.18,0.6486,8.674
646_26,[C@H]12CN(C[C@H](CC1)N2)C=2C1=C(N=C(N2)OC(C)[C@H]2NCCC2)CN(CC1)C1=CC(=C(C2=CC=CC=C12)Cl)O,325.1,,16667,-7.17,0.5283,8.233
646_27,[C@H]12CN(C[C@H](CC1)N2)C=2C1=C(N=C(N2)OC[C@H]2NCCC2)CN(CC1)C1=CC(=C(C2=CC=CC=C12)Cl)O,91.3,1601.7,11111,-10.83,0.6506,8.509
646_28,[C@H]12CN(C[C@H](CC1)N2)C=2C1=C(N=C(N2)OC[C@H]2N(CCC2)C)CN(CC1)C1=CC(=CC2=CC=CC(=C12)Cl)O,1000000,1.2,361,-2.55,0.4963,5.865
646_29,[C@H]12CN(C[C@H](CC1)N2)C=2C1=C(N=C(N2)OCC23CCCN3CCC2)CN(CC1)C1=CC=CC2=CC=CC(=C12)Cl,6.3,2.5,4053,-8.95,0.5637,8.391
646_30,[C@H]12CN(C[C@H](CC1)N2)C=2C1=C(N=C(N2)OCC23CCCN3CCC2)CN(CC1)C1=CN=CC2=CC=CC(=C12)Cl,87.1,16.8,2611,-8.6,0.5455,8.588
646_31,[C@H]12CN(C[C@H](CC1)N2)C=2C1=C(N=C(N2)OCC23CCCN3CCC2)CN(CC1)C1=CC(=CC2=CC=CC=C12)O,0.8,3.8,1611,-10.56,0.6282,8.433
646_32,[C@H]12CN(C[C@H](CC1)N2)C=2C1=C(N=C(N2)OCC23CCCN3C(CC2)COC(N(C)C)=O)CN(CC1)C1=C(C=CC=C1)C(C)C,,1170.4,,-9.58,0.5746,8.515
646_33,[C@H]12CN(C[C@H](CC1)N2)C=2C1=C(N=C(N2)OCC23CCCN3C(CC2)COC(N(C)C)=O)CN(CC1)C1=C(C(=CC=C1)Cl)C1CC1,,50.2,5556,-9.16,0.5951,8.664
646_34,[C@H]12CN(C[C@H](CC1)N2)C=2C1=C(N=C(N2)OCC23CCCN3C(CC2)COC(NC)=O)CN(CC1)C1=CC=CC2=CC=CC(=C12)F,,111.4,3909,-9.16,0.6282,8.537
646_35,[C@H]12CN(C[C@H](CC1)N2)C=2C1=C(N=C(N2)OC[C@H]2N(CCC2)C)CN(CC1)C1CC(C2=CC=CC=C12)O,569626.2,10000,,-6.8,0.5573,7.548
646_36,[C@H]12CN(C[C@H](CC1)N2)C=2C1=C(N=C(N2)OC[C@H]2N(CCC2)C)CN(CC1)C1CC(C2=CC=CC=C12)OC,24285.7,10000,,-5.61,0.5679,6.029
646_37,CO[C@H]1[C@H]2CN(C[C@@H](C1)N2)C=2C1=C(N=C(N2)OC[C@H]2N(CCC2)C)CN(CC1)C1=CC(=CC2=CC=CC=C12)O,12793.7,88.1,3849,-9.46,0.6219,8.522
646_38,C1([H])([C@H]2CN(C[C@@H](C1)N2)C3=NC(=NC4=C3CCN(C4)C5=CC(=CC6=CC=CC=C56)O)OC[C@H]7N(CCC7)C)[F],2338.1,73.5,5004,-10.08,0.7638,8.562
646_39,ClC=1C=CC=C2C=CC=C(C12)N1CC=2N=C(N=C(C2CC1)N1C[C@H]2C[C@H]([C@@H](C1)N2)CCN)OC[C@H]2N(CCC2)C,,2694.4,,-6,0.6406,6.768
646_40,ClC2=C1C(=CC=CC1=CC=C2)N7CC3=C(C(=NC(=N3)OC[C@H]4N(CCC4)C)N5C[C@H]6C[C@H]([C@@H](C5)N6)CC#N)CC7,957.1,63.9,16667,-2.96,0.5444,6.204
646_41,ClC=1C=CC=C2C=CC=C(C12)N1CC=2N=C(N=C(C2CC1)N1CC2CC(C(C1)N2)(O)C(F)F)OC[C@H]2N(CCC2)C,,3128.4,,-4.62,0.4118,5.919
646_42,ClC=1C=CC=C2C=CC=C(C12)N1CC=2N=C(N=C(C2CC1)N1CC2(CCC(C1)N2)CC#N)OC[C@H]2N(CCC2)C,,1799,,-4.96,0.6916,8.648
646_43,ClC=1C=CC=C2C=CC=C(C12)N1CC=2N=C(N=C(C2CC1)N1C[C@H]2C[C@H]([C@@H](C1)N2)OC)OCC21CCCN1CC(C2)F,57.6,90.1,16667,-10.24,0.528,8.392
646_44,ClC=1C=CC=C2C=CC=C(C12)N1CC=2N=C(N=C(C2CC1)N1CC2CC(C(C1)N2)F)OCC21CCCN1CC(C2)F,43.9,43.5,9030,-7.37,0.5975,8.64
646_45,ClC=1C=CC=C2C=CC=C(C12)N1CC=2N=C(N=C(C2CC1)N1C[C@H]2C[C@H]([C@@H](C1)N2)O)OCC21CCCN1CC(C2)F,1.9,2.6,1361,-9.62,0.8179,8.83
646_46,[C@H]12CN(C[C@H](CC1)N2)C=2C1=C(N=C(N2)OCC23CCCN3CC(C2)F)CN(CC1)C1=CC=CC2=CC=CC(=C12)Cl,,4.4,4570,-9.35,0.6738,8.615
646_47,[C@H]12CN(C[C@H](CC1)N2)C=2C1=C(N=C(N2)OCC23CCCN3CC(C2)F)CN(CC1)C1=CC(=CC2=CC=CC=C12)O,,1,537,-11.41,0.6809,8.5
646_48,[C@H]12CN(C[C@H](CC1)N2)C=2C1=C(N=C(N2)OCC23CCCN3CC(C2)F)CN(CC1)C1=C(C(=CC=C1)Cl)C(F)(F)F,,5.5,5223,-10.65,0.6365,8.52
646_51,[C@H]12CN(C[C@H](CC1)N2)C=2C1=C(N=C(N2)OCC23CCCN3CC(C2)F)CN(CC1)C1=CC=CC2=CC=CC(=C12)C(F)(F)F,,16.9,16667,-11.48,0.706,8.84
646_52,[C@H]12CN(C[C@H](CC1)N2)C=2C1=C(N=C(N2)OC[C@H]2N(CCC2)C)CN(CC1)C1=CC=CC2=CC=CC(=C12)C,250128.2,361.4,14931,-10.43,0.7789,8.552
646_53,C(C1=CC=CC=C1)N1CC=2N=C(N=C(C2CC1=O)N1C[C@H]2CC[C@@H](C1)N2)OC[C@H]2N(CCC2)C,1000000,5259,,-4.52,0.5503,5.823
646_57,[C@H]12CN(C[C@H](CC1)N2)C=2C1=C(N=C(N2)OC[C@H]2N(CCC2)C)CN(CC1)C1=CN=CC2=CC=CC=C12,98461.5,10000,,-9.77,0.7907,8.474
646_58,[C@H]12CN(C[C@H](CC1)N2)C=2C1=C(N=C(N2)OC[C@H]2N(CCC2)C)CN(CC1)C1=CN=CC2=CC=CC(=C12)Cl,438.1,282.9,16667,-8.55,0.6171,8.55
646_59,[C@H]12CN(C[C@H](CC1)N2)C=2C1=C(N=C(N2)OC[C@H]2N(CCC2)C)CN(CC1)C1=NC(=NC2=CC=CC=C12)N,597845.6,7500,,-9.42,0.7107,8.482
646_60,[C@H]12CN(C[C@H](CC1)N2)C=2C1=C(N=C(N2)OC[C@H]2N(CCC2)C)CN(CC1)C1=NC(=CC2=CC=CC=C12)N,,10000,,-9.88,0.7973,8.555
646_61,CC12CN(CC(CC1)N2)C=2C1=C(N=C(N2)OC[C@H]2N(CCC2)C)CN(CC1)C1=CC(=CC2=CC=CC=C12)O,175.5,184.3,6876,-6.71,0.6043,8.293
646_62,[C@H]12CN(C[C@H](CC1)N2)C=2C1=C(N=C(N2)OCC23CCCN3CCC2)CN(CC1)C1=CC=CC2=CC=C(C(=C12)Cl)F,8.1,1,1936,-11.55,0.7176,8.745
646_63,[C@H]12CN(C[C@H](CC1)N2)C=2C1=C(N=C(N2)OCC23CCCN3CCC2)CN(CC1)C1=C(C(=CC=C1)Cl)C(F)(F)F,12.3,5.1,6581,-10.18,0.6412,8.619
646_64,[C@H]12CN(C[C@H](CC1)N2)C=2C1=C(N=C(N2)OCC23CCCN3CCC2)CN(CC1)C1=C(C(=CC=C1)C)C(F)(F)F,67.3,13,16667,-9.85,0.6482,8.651
646_65,[C@H]12CN(C[C@H](CC1)N2)C=2C1=C(N=C(N2)OC[C@H]2N(CCC2)C)CN(CC1)C1=CC=CC2=CC=C(C(=C12)Cl)F,18.2,15.2,16667,-9.17,0.6902,8.569
646_66,[C@H]12CN(C[C@H](CC1)N2)C=2C1=C(N=C(N2)OCC23CCCN3C(CC2)COC(N(CC)CC)=O)CN(CC1)C1=CC=CC2=CC=CC(=C12)CC,,4.6,2209,-10.13,0.5663,8.649
646_67,[C@H]12CN(C[C@H](CC1)N2)C=2C1=C(N=C(N2)OCC23CCCN3C(CC2)CC2N(CCS(C2)(=O)=O)C(=O)[O-])CN(CC1)C1=CC=CC2=CC=CC(=C12)CC,,1.5,150,-7.8,0.4634,8.371
646_68,[C@H]12CN(C[C@H](CC1)N2)C=2C1=C(N=C(N2)OCC23CCCN3C(CC2)COC(N(C)OC)=O)CN(CC1)C1=CC=CC2=CC=CC(=C12)CC,,5.9,1332,-9.68,0.549,8.511
646_69,[C@H]12CN(C[C@H](CC1)N2)C=2C1=C(N=C(N2)OC[C@H]2N(CCC2)C)CN(CC1)C1=CC(=C(C2=CC=CC=C12)C)O,38443.4,10000,,-9.67,0.7198,8.565
646_70,[C@H]12CN(C[C@H](CC1)N2)C=2C1=C(N=C(N2)OC[C@H]2N(CCC2)C)CN(CC1)C1=CC=CC2=CC=CC=C12,2100,1118.9,,-10.23,0.8208,8.265
646_71,[C@H]12CN(C[C@H](CC1)N2)C=2C1=C(N=C(N2)OC[C@H]2N(CCC2)C)CN(CC1)C1=CC=CC=2CCCCC12,4217.1,1780,,-9.28,0.5971,8.278
646_72,[C@H]12CN(C[C@H](CC1)N2)C=2C1=C(N=C(N2)OC[C@H]2N(CCC2)C)CN(CC1)C1=CC=CC2=CC=C(C=C12)F,922.5,226.3,16667,-9.95,0.787,8.4
646_73,[C@H]12CN(C[C@H](CC1)N2)C=2C1=C(N=C(N2)OC[C@H]2N(CCC2)C)CN(CC1)C1=CC=CC2=CC=CC(=C12)F,3161.7,1101,,-10.62,0.843,8.58
646_74,[C@H]12CN(C[C@H](CC1)N2)C=2C1=C(N=C(N2)OC[C@H]2N(CCC2)C)CN(CC1)C1=CC=C(C2=CC=CC(=C12)Cl)Br,41604.3,10000,,-6.69,0.7602,8.762
646_75,[C@H]12CN(C[C@H](CC1)N2)C=2C1=C(N=C(N2)OC[C@H]2N(CCC2)C)CN(CC1)C1=C(C=CC=C1C(F)(F)F)F,170483.5,10000,16667,-9.2,0.7843,8.554
646_76,[C@H]12CN(C[C@H](CC1)N2)C=2C1=C(N=C(N2)OC[C@H]2N(CCC2)C)CN(CC1)C1=C(C(=CC=C1F)F)C(F)F,97014.9,10000,16667,-8.84,0.6534,8.435
646_77,[C@H]12CN(C[C@H](CC1)N2)C=2C1=C(N=C(N2)OC[C@H]2N(CCC2)C)CN(CC1)C1=C(C=CC=C1F)O,264294.8,10000,,-9.28,0.6287,8.249
646_78,[C@H]12CN(C[C@H](CC1)N2)C=2C1=C(N=C(N2)OC[C@H]2N(CCC2)C)CN(CC1)C1=C(C=CC2=CC=CC=C12)O,51441.4,10000,,-9.84,0.6918,8.331
646_79,[C@H]12CN(C[C@H](CC1)N2)C=2C1=C(N=C(N2)OC[C@H]2N(CCC2)C)CN(CC1)C=1C=CC=C2C=CC=C(C12)CCCO,1863,485.5,,-9.21,0.7008,8.659
646_80,[C@H]12CN(C[C@H](CC1)N2)C=2C1=C(N=C(N2)OC[C@H]2N(CCC2)C)CN(CC1)C=1C=CC=C2C=CC=C(C12)CCC#N,616.7,,11111,-9.23,0.686,8.768
646_81,[C@H]12CN(C[C@H](CC1)N2)C=2C1=C(N=C(N2)OC[C@H]2N(CCC2)C)CN(CC1)C1=CC=CC2=CC=CC(=C12)CCCC,,710.2,,-8.46,0.6455,8.65
646_82,[C@H]12CN(C[C@H](CC1)N2)C=2C1=C(N=C(N2)OC[C@H]2N(CCC2)C)CN(CC1)C1=CC=CC=2CCCC(C12)C,149.5,61,,-9.94,0.6489,8.496
646_83,[C@H]12CN(C[C@H](CC1)N2)C=2C1=C(N=C(N2)OC[C@H]2N(CCC2)C)CN(CC1)C=1C=CC=C2C=CC=C(C12)CCCC#N,19926.5,6565.8,,-5.86,0.6705,8.72
646_84,[C@H]12CN(C[C@H](CC1)N2)C=2C1=C(N=C(N2)OC[C@H]2N(CCC2)C)CN(CC1)C=1C=CC=C2C=CC=C(C12)CCCCO,8709.7,3688.9,,-7.55,0.6933,8.714
646_85,[C@H]12CN(C[C@H](CC1)N2)C=2C1=C(N=C(N2)OC[C@H]2N(CCC2)C)CN(CC1)C=1C=CC=C2CCCC(C12)CC#N,1509.8,,,-4.73,0.5077,8.355
646_86,ClC=1C=CC=C2C=CC=C(C12)N1CC=2N=C(N=C(C2CC1)N1C[C@H]2C[C@H]([C@@H](C1)N2)O)OCCC(F)(F)F,33232.2,2900.3,,-9.3,0.6852,8.315
646_91,ClC=1C=CC=C2C=CC=C(C12)N1CC=2N=C(N=C(C2CC1)N1C[C@H]2CC([C@@H](C1)N2)CCO)OC[C@H]2N(CCC2)C,176.1,78.4,16667,-8.91,0.6782,8.686
646_92,ClC=1C=CC=C2C=CC=C(C12)N1CC=2N=C(N=C(C2CC1)N1C[C@H]2C[C@H]([C@@H](C1)N2)C#N)OC[C@H]2N(CCC2)C,,5489.7,,-10.14,0.8514,8.928
646_97,[C@H]12CN(C[C@H](CC1)N2)C=2C1=C(N=C(N2)OC[C@@]23CCCN3[C@H](CC2)COC(=O)N2CCOCC2)CN(CC1)C1=CC=CC2=CC=CC(=C12)CC,,1.2,187,-8.95,0.4842,8.452
646_98,[C@H]12CN(C[C@H](CC1)N2)C=2C1=C(N=C(N2)OC[C@@]23CCCN3[C@H](CC2)COC(=O)N2CCOCC2)CN(CC1)C1=CC=CC2=CC=C(C(=C12)CC)F,,0.7,50,-9.89,0.6727,8.918
646_99,[C@H]12CN(C[C@H](CC1)N2)C=2C1=C(N=C(N2)OC[C@@]23CCCN3[C@H](CC2)COC(=O)N2CCCC2)CN(CC1)C1=CC=CC2=CC=CC(=C12)CC,,2.7,559,-8.12,0.5591,8.516
646_100,[C@H]12CN(C[C@H](CC1)N2)C=2C1=C(N=C(N2)OCC23CCCN3C(CC2)COC(NC)=O)CN(CC1)C1=CC=CC2=CC=CC(=C12)Cl,,9.7,1311,-9.14,0.6242,8.535
646_101,[C@H]12CN(C[C@H](CC1)N2)C=2C1=C(N=C(N2)OCC23CCCN3CCC2)CN(CC1)C1=C2CCC(C2=CC=C1)(F)F,,2485.2,,-6.63,0.441,8.02
646_102,[C@H]12CN(C[C@H](CC1)N2)C=2C1=C(N=C(N2)OCC23CCCN3CCC2)CN(CC1)C1=C2C(CCC2=CC=C1)C1CC1,,654.1,,-5.02,0.5495,6.461
646_103,[C@H]12CN(C[C@H](CC1)N2)C=2C1=C(N=C(N2)OCC23CCCN3C(CC2)CO)CN(CC1)C1=CC=CC2=CC=CC(=C12)CC,,3.9,6216,-9.5,0.7042,8.86
646_104,[C@H]12CN(C[C@H](CC1)N2)C=2C1=C(N=C(N2)OCC23CCCN3CCC2)CN(CC1)C1=C2CCCC2=CC=C1,,755.6,,-3.49,0.502,5.589
646_105,[C@H]12CN(C[C@H](CC1)N2)C=2C1=C(N=C(N2)OCC23CCCN3C(CC2)COC(=O)N2C[C@H](CC2)O)CN(CC1)C1=CC=CC2=CC=CC(=C12)CC,,2.3,561,-7.36,0.5211,8.483
646_106,[C@H]12CN(C[C@H](CC1)N2)C=2C1=C(N=C(N2)OCC23CCCN3C(CC2)COC(=O)N2C[C@@H](CC2)OC)CN(CC1)C1=CC=CC2=CC=CC(=C12)CC,,7.2,5110,-9.09,0.5709,8.696
646_107,[C@H]12CN(C[C@H](CC1)N2)C=2C1=C(N=C(N2)OC[C@@]23CCCN3[C@@H](CC2)OC(N(CC)CCO)=O)CN(CC1)C1=CC=CC2=CC=CC(=C12)CC,,2,408,-9.5,0.5797,8.516
646_108,[C@H]12CN(C[C@H](CC1)N2)C=2C1=C(N=C(N2)OC[C@@]23CCCN3[C@@H](CC2)OC(N(CCOC)C)=O)CN(CC1)C1=CC=CC2=CC=CC(=C12)CC,,2,585,-3.16,0.4352,6.589
646_109,[C@H]12CN(C[C@H](CC1)N2)C=2C1=C(N=C(N2)OC[C@H]2N(CCC2)C)CN(CC1)C1=CC(=C(C2=CC=CC=C12)Br)O,20.8,5.5,663,-7.92,0.6756,8.555
646_110,[C@H]12CN(C[C@H](CC1)N2)C=2C1=C(N=C(N2)OC[C@H]2N(CCC2)C)CN(CC1)C1=CC=CC2=CC=C(C=C12)C,3231.1,3174,,-9.65,0.7322,8.386
646_111,[C@H]12CN(C[C@H](CC1)N2)C=2C1=C(N=C(N2)OCC23CCCN3CCC2)CN(CC1)C1=CC(=CC2=CC=CC=C12)Br,,1052,,2.36,0.5337,7.798
646_112,[C@H]12CN(C[C@H](CC1)N2)C=2C1=C(N=C(N2)OCC23CCCN3CCC2)CN(CC1)C1=CC=C(C2=CC=CC=C12)Br,,5456.6,16667,-5.87,0.4809,8.09
646_113,[C@H]12CN(C[C@H](CC1)N2)C=2C1=C(N=C(N2)OC[C@H]2N(CCC2)C)CN(CC1)C1=C2C(=CC(=CC2=CC=C1)O)Cl,,806.6,,-7.44,0.6373,8.519
646_114,[C@H]12CN(C[C@H](CC1)N2)C=2C1=C(N=C(N2)OCC23CCCN3CCC2)CN(CC1)C1=CC=CC2=CC=CC=C12,,34.2,16667,-6.31,0.5132,8.01
646_115,[C@H]12CN(C[C@H](CC1)N2)C=2C1=C(N=C(N2)OCC23CCCN3CCC2)CN(CC1)C1=CC(=CC2=CC=CC(=C12)Cl)O,,0.6,118,-11.06,0.6395,8.939
646_116,[C@H]12CN(C[C@H](CC1)N2)C=2C1=C(N=C(N2)OCC23CCCN3CCC2)CN(CC1)C1=CC(=CC2=CC=C(C(=C12)Cl)F)O,,0.5,46,24.31,0.4604,7.891
646_118,[C@H]12CN(C[C@H](CC1)N2)C=2C1=C(N=C(N2)OC[C@]23CCCN3C[C@@H](C2)F)CN(CC1)C1=CC(=CC2=CC=C(C(=C12)CC)F)O,,2.1,,-9.5,0.4362,8.494
646_119,[C@H]12CN(C[C@H](CC1)N2)C=2C1=C(N=C(N2)OCC23CCCN3CCC2)CN(CC1)C1=CC(=CC2=CC=C(C(=C12)CC)F)O,,1.6,7,-9.82,0.6515,9.204
646_120,OC[C@@H]1[C@@H]2CN(C[C@H](C1)N2)C=2C1=C(N=C(N2)OC[C@H]2N(CCC2)C)CN(CC1)C1=CC(=CC2=CC=CC=C12)O,1401,,,-7.38,0.6382,8.435
646_123,C(C)C=1C=CC=C2C=CC=C(C12)N1CC=2N=C(N=C(C2CC1)[C@@H]1C([C@@H]2CC[C@H](C1)N2)O)OC[C@]21CCCN1C[C@@H](C2)F,,508.3,,-10.79,0.7,8.971
625_1,[C@H]12CN(C[C@H](CC1)N2)C3=NC(=NC4=C(C(=C(C=C34)OC5=CC=CN=C5)C6=CC(=CC7=CC=CC=C67)O)F)OC[C@H]8N(CCC8)C,,7,8391,-4.44,0.4182,6.916
625_2,[C@H]12CN(C[C@H](CC1)N2)C2=NC(=NC1=C(C(=CC=C21)C2=CC=CC1=CC=CC(=C21)Cl)F)OCC21CCCN1CCC2,8,6.1,4545,-10.85,0.6811,8.723
625_3,[C@H]12CN(C[C@H](CC1)N2)C2=NC(=NC1=C(C(=CC=C21)C2=CC(=CC1=CC=CC=C21)O)F)OCC21CCCN1CCC2,1000000,0.5,95,-11.21,0.6238,8.565
625_4,[C@H]12CN(C[C@H](CC1)N2)C2=NC(=NC1=C(C(=CC=C21)C2=CC(=CC1=CC=CC(=C21)Cl)O)F)OCC21CCCN1CCC2,,0.7,21,-11.15,0.6896,8.951
625_5,[C@H]12CN(C[C@H](CC1)N2)C2=NC(=NC1=C(C(=CC=C21)C2=CC(=CC1=CC=CC(=C21)Cl)O)F)OC[C@]21CCCN1C[C@@H](C2)F,,1.4,42,-11.26,0.7332,8.935
625_6,[C@H]12CN(C[C@H](CC1)N2)C2=NC(=NC1=C(C(=C(C=C21)Cl)C2=C(C=CC=C2F)O)F)OC[C@]21CCCN1C[C@@H](C2)F,,3.5,1800,-9.22,0.5277,8.619
625_7,[C@H]12CN(C[C@H](CC1)N2)C2=NC(=NC1=C(C(=C(C=C21)Cl)C2=CC(=CC1=CC=CC=C21)O)F)OC[C@H]2N(CCC2)C,9,11.2,1417,-9.49,0.6971,8.938
625_8,[C@H]12CN(C[C@H](CC1)N2)C2=NC(=NC1=C(C(=CC=C21)C2=CC(=CC1=CC=CC=C21)O)F)OC[C@H]2N(CCC2)C,3,4.3,271,-10.82,0.6778,8.521
625_9,ClCCN1CCN(CC1)C1=NC(=NC2=C(C(=CC=C12)C1=CC(=CC2=CC=CC=C12)O)F)OC[C@H]1N(CCC1)C,,186.7,6786,-7.81,0.541,8.394
625_10,[C@H]12CN(C[C@H](CC1)N2)C2=NC(=NC1=CC(=CC=C21)C2=CC(=CC1=CC=CC=C21)O)OC[C@H]2N(CCC2)C,19,22.9,5662,-11.23,0.7967,8.442
625_11,C12N(CC(NC1)CC2)C3=NC(=NC4=C3C=C(C(=C4F)C5=CC(=CC6=CC=CC=C56)O)[Cl])OC[C@H]7N(CCC7)C,16,10.4,2844,-10.01,0.61,8.837
625_12,FC=1C(=CC=C2C(=NC(=NC12)OC[C@H]1N(CCC1)C)N1CCNC2(CC2)C1)C1=CC(=CC2=CC=CC=C12)O,110,,5556,-12.24,0.7229,8.458
625_13,[C@H]12CN(C[C@H](CC1)N2)C2=NC(=NC1=C(C(=CC=C21)C2=CC=CC1=CC=C(C=C21)F)F)OC[C@H]2N(CCC2)C,78,61.9,5556,-10.65,0.7398,8.546
625_16,C12N(CC(NC1)CC2)C=2C1=C(N=C(N2)OC[C@H]2N(CCC2)C)CN(CC1)C1=CC(=CC2=CC=CC=C12)O,300,152.5,5948,-10.55,0.5658,8.31
625_17,[C@H]12CN(C[C@H](CC1)N2)C3=NC(=NC4=CC(=C(C=C34)OC5=C(C=C(C=C5)OC)F)C6=CC(=CC7=CC=CC=C67)O)OC[C@H]8N(CCC8)C,,8,5556,-3.82,0.416,6.875
625_18,[C@H]12CN(C[C@H](CC1)N2)C2=NC(=NC1=CC(=C(C=C21)OC2=C(C=C(C=C2)OC)Cl)C2=CC(=CC1=CC=CC=C21)O)OC[C@H]2N(CCC2)C,,11.5,1371,9.23,0.5475,8.674
625_19,[C@H]12CN(C[C@H](CC1)N2)C2=NC(=NC1=CC(=C(C=C21)OC2=C(C=CC=C2)Cl)C2=CC(=CC1=CC=CC=C21)O)OC[C@H]2N(CCC2)C,,1.3,1705,3.25,0.4485,8.604
625_20,[C@H]12CN(C[C@H](CC1)N2)C2=NC(=NC1=CC(=C(C=C21)OC2=C(C#N)C=CC=C2)C2=CC(=CC1=CC=CC=C21)O)OC[C@H]2N(CCC2)C,,1.6,2156,4.08,0.6183,8.795
625_21,[C@H]12CN(C[C@H](CC1)N2)C2=NC(=NC1=CC(=C(C=C21)OC2=C(C#N)C=CC=C2)C2=CC(=CC1=CC=CC=C21)O)OCC21CCCN1CCC2,,1,1269,3.09,0.5994,8.741
625_22,[C@H]12CN(C[C@@H](CC1)N2)C2=NC(=NC1=CC(=C(C=C21)OC2=C(C#N)C=CC=C2)C2=CC(=CC1=CC=CC=C21)O)OC[C@]21CCCN1C[C@@H](C2)F,,1.7,140,-4.74,0.4799,7.105
625_23,[C@H]12CN(C[C@H](CC1)N2)C2=NC(=NC1=CC(=C(C=C21)OC2=C(C=CC=C2)Cl)C2=CC(=CC1=CC=CC(=C21)Cl)O)OC[C@]21CCCN1C[C@@H](C2)F,,6.6,264,6.5,0.4791,8.681
625_24,[C@H]12CN(C[C@H](CC1)N2)C2=NC(=NC1=C(C(=C(C=C21)OC2=C(C#N)C=CC=C2)C2=CC(=CC1=CC=CC=C21)O)F)OC[C@H]2N(CCC2)C,,1.4,377,-4.57,0.4515,6.96
625_25,[C@H]12CN(C[C@H](CC1)N2)C2=NC(=NC1=C(C(=C(C=C21)OC2=C(C#N)C=CC=C2Cl)C2=CC(=CC1=CC=CC=C21)O)F)OC[C@H]2N(CCC2)C,,5.3,784,-4,0.4941,7.142
625_26,[C@H]12CN(C[C@H](CC1)N2)C2=NC(=NC1=C(C(=C(C=C21)OC2=C(C#N)C(=CC=C2)F)C2=CC(=CC1=CC=CC=C21)O)F)OC[C@H]2N(CCC2)C,,7.4,3541,-5.46,0.5515,7.116
625_27,[C@H]12CN(C[C@H](CC1)N2)C2=NC(=NC1=C(C(=C(C=C21)OC2=C(C#N)C=CC=C2)C2=CC(=CC1=CC=CC=C21)O)F)OC[C@]21CCCN1C[C@@H](C2)F,,3.6,44,3.69,0.5241,8.838
625_28,[C@H]12CN(C[C@H](CC1)N2)C2=NC(=NC1=C(C(=CC=C21)C2=CC(=CC1=CC=CC=C21)O)F)OC[C@]21CCCN1C[C@@H](C2)F,,0.6,171,-10.27,0.6808,8.663
625_29,[C@H]12CN(C[C@H](CC1)N2)C2=NC(=NC1=C(C(=CC=C21)C2=CC(=CC1=CC=CC=C21)O)F)OC[C@H]2N(C[C@@H](C2)F)C,5,1.8,779,-11.05,0.6922,8.517
625_30,[C@H]12CN(C[C@H](CC1)N2)C2=NC(=NC1=C(C(=CC=C21)C2=C1C=NNC1=CC(=C2C)C)F)OC[C@H]2N(CCC2)C,152,57,5093,-11.1,0.8952,9.082
625_31,[C@H]12CN(C[C@H](CC1)N2)C2=NC(=NC1=C(C(=CC=C21)C2=CC(=CC1=CC=CC=C21)O)F)OC[C@H]2N(CC(C2)(F)F)C,121,296.7,8501,-10.34,0.671,8.576
paper_5A,FC1=C(C2=C(C(Cl)=CC=C3)C3=CC=C2)N=CC4=C1N=C(OC[C@H]5N(C)CCC5)N=C4N6C[C@H](CC#N)NCC6,,100000,,-7.65,0.711,8.781
paper_5B,FC1=C(C2=C(C(Cl)=CC=C3)C3=CC=C2)N=CC4=C1N=C(OC[C@H]5N(C)CCC5)N=C4N6CCNCC6,3500,,,-13.9,0.94,9.083
paper_6,FC1=C(C2=C(C=CC=C3)C3=CC(O)=C2)N=CC4=C1N=C(OC[C@H]5N(C)CCC5)N=C4N6CCNCC6,190,980,,-12.77,0.759,8.579
paper_7,FC1=C(C2=C(C=CC=C3)C3=CC(O)=C2)N=CC4=C1N=C(OC[C@H]5N(C)CCC5)N=C4N6CCNCCC6,420,2600,,-14.23,0.8215,9.052
paper_8,FC1=C(C2=C(C=CC=C3)C3=CC(O)=C2)N=CC4=C1N=C(OC[C@H]5N(C)CCC5)N=C4N6CCN(C)CC6,8700,54000,,-3.2,0.459,5.835
paper_9,FC1=C(C2=C(C=CC=C3)C3=CC(O)=C2)N=CC4=C1N=C(OC[C@H]5N(C)CCC5)N=C4N6CCOCC6,1500,12000,,-12.1,0.6048,8.327
paper_10,FC1=C(C2=C(C=CC=C3)C3=CC(O)=C2)N=CC4=C1N=C(OC[C@H]5N(C)CCC5)N=C4N6CC(C)NCC6,380,2100,,-11.87,0.8569,8.867
paper_11,FC1=C(C2=C(C=CC=C3)C3=CC(O)=C2)N=CC4=C1N=C(OC[C@H]5N(C)CCC5)N=C4N6C(C)CNCC6,280,1500,,-2.75,0.5398,6.013
paper_12,FC1=C(C2=C(C=CC=C3)C3=CC(O)=C2)N=CC4=C1N=C(OC[C@H]5N(C)CCC5)N=C4N6CC7NCC6C7,96,650,,-13.45,0.9018,8.907
paper_14,FC1=C(C2=C(C=CC=C3)C3=CC(O)=C2)N=CC4=C1N=C(OC[C@H]5N(C)CCC5)N=C4N6CC(C7)NC7C6,73,310,,-11.21,0.7643,8.682
31678_32,CN(C1(CCC1)CNC=1C2=C(N=C(N1)OC[C@@H]1N(CCC1)C)C(=C(N=C2)C2=CC(=CC1=CC=CC=C21)O)F)C,,239.55,,-9.38,0.7265,8.9
paper_13,FC1=C(C2=C(C=CC=C3)C3=CC(O)=C2)N=CC4=C1N=C(OC[C@H]5N(C)CCC5)N=C4N6CC7NCC6CC7,46,49.4,7864,-12.12,0.6787,8.697
646_122,C(C)C2=C1C(=CC=CC1=CC=C2)N8CC3=C(C(=NC(=N3)OC[C@@]45CCCN4C[C@@H](C5)F)[C@@H]6C[C@@H]7CC[C@H](C6)N7)CC8,,121.45,2359,-11.33,0.589,8.672
646_55,OC=1C=C(C2=CC=CC=C2C1)N1CC=2N=C(N=C(C2CC1)N1C[C@@H]2C[C@@H]([C@H](C1)N2)O)OC[C@H]2N(CCC2)C,179806.37,273.2,2334.33,-7.73,0.5312,8.063
646_117,[C@H]12CN(C[C@H](CC1)N2)C=2C1=C(N=C(N2)OC[C@]23CCCN3C[C@@H](C2)F)CN(CC1)C1=CC(=CC2=CC=CC(=C12)Cl)O,,0.6,76.5,-8.96,0.6707,8.766
646_18,[C@H]12CN(C[C@H](CC1)N2)C=2C1=C(N=C(N2)OC[C@@]23CCCN3[C@H](CC2)COC(NC)=O)CN(CC1)C1=CC=CC2=CC=CC(=C12)CC,,1.8,106,-9.51,0.6227,8.695
646_7,[C@H]12CN(C[C@H](CC1)N2)C=2C1=C(N=C(N2)OC[C@]23CCCN3C[C@@H](C2)F)CN(CC1)C1=CC(=CC2=CC=CC(=C12)CC)O,,0.9,12.5,-10.69,0.6355,8.773
646_88,ClC=1C=CC=C2C=CC=C(C12)N1CC=2N=C(N=C(C2CC1)N1C[C@H]2C[C@@H]([C@@H](C1)N2)C)OC[C@H]2N(CCC2)C,1403.45,679.75,13438,-5.89,0.6165,8.692
646_90,ClC=1C=CC=C2C=CC=C(C12)N1CC=2N=C(N=C(C2CC1)N1C[C@H]2C/C(/[C@@H](C1)N2)=C/C#N)OC[C@H]2N(CCC2)C,13998.25,5731.45,,-5.7,0.6952,6.792
646_94,ClC=1C=CC=C2C=CC=C(C12)N1CC=2N=C(N=C(C2CC1)N1C[C@H]2C[C@@H]([C@@H](C1)N2)COC)OC[C@H]2N(CCC2)C,,606,16667,-3.23,0.5707,8.398
646_96,ClC=1C=CC=C2C=CC=C(C12)N1CC=2N=C(N=C(C2CC1)N1C[C@H]2C[C@@H]([C@@H](C1)N2)O)OC[C@H]2N(CCC2)C,58.3,190.9,16667,-9.24,0.8124,8.672
paper_21,FC1=C(C2=C(C=CC=C3)C3=CC(O)=C2)N=CC4=C1N=C(OCC56N(CCC6)CCC5)N=C4N7C[C@@H](CC8)N[C@@H]8C7,500000,1.25,300.25,-11.1,0.6066,8.779
paper_18,FC1=C(C2=C(C=CC=C3)C3=CC(O)=C2)N=CC4=C1N=C(N5CC(N(C)C)C5)N=C4N6C[C@@H](CC7)N[C@@H]7C6,42.1,48.9,1696.45,-9.07,0.6212,8.611
US_226,F[C@H]1CN2CCCC2(COc2nc(N3CC4CCC(C3)N4)c3cnc(c(F)c3n2)-c2cccc3cccc(Cl)c23)C1,6.9,14.8,3820.4,-12,0.7251,9.03
US_137,Fc1c(ncc2c(nc(OC[C@H]3CCCO3)nc12)N1CC2CCC(C1)N2)-c1cccc2cccc(Cl)c12,,3892,,-9.96,0.655,8.571
paper_33,FC1=C(C2=C(C(C#C)=CC=C3)C3=CC=C2)N=CC4=C1N=C(OCC56N(CCC6)CCC5)N=C4N7C[C@@H](CC8)N[C@@H]8C7,0.1,2.05,71.1,-8.99,0.5626,8.69
paper_17,FC1=C(C2=C(C=CC=C3)C3=CC(O)=C2)N=CC4=C1N=C(OCCN(C)C)N=C4N5C[C@@H](CC6)N[C@@H]6C5,3.1,73.4,6871.25,-10.23,0.6103,8.473
paper_16,FC1=C(C2=C(C=CC=C3)C3=CC(O)=C2)N=CC4=C1N=C([H])N=C4N5C[C@@H](CC6)N[C@@H]6C5,,1766.25,11419.55,-10.62,0.7092,7.802
paper_38,FC1=C(C2=C(C(C#C)=CC=C3)C3=CC(O)=C2)N=CC4=C1N=C(OCC56N(CCC6)CCC5)N=C4N7C[C@@H](CC8)N[C@@H]8C7,0,1.15,10.55,-8.11,0.5604,8.975
paper_26,FC1=C(C2=C(C([H])=CC=C3)C3=CC=C2)N=CC4=C1N=C(OCC56N(CCC6)CCC5)N=C4N7C[C@@H](CC8)N[C@@H]8C7,,194.6,6691.55,-11.12,0.5778,8.561
paper_30,FC1=C(C2=C(C(CC)=CC=C3)C3=CC=C2)N=CC4=C1N=C(OCC56N(CCC6)CCC5)N=C4N7C[C@@H](CC8)N[C@@H]8C7,,3.85,325.05,-9.89,0.5924,8.826
paper_36,FC1=C(C2=C(C(C#C)=C(F)C=C3)C3=CC=C2)N=CC4=C1N=C(OCC56N(CCC6)CCC5)N=C4N7C[C@@H](CC8)N[C@@H]8C7,,1.25,24.05,-10.24,0.699,9.139
paper_15,FC1=C(C2=C(C=CC=C3)C3=CC(O)=C2)N=CC4=C1N=C(OC[C@H]5N(C)CCC5)N=C4N6C[C@@H](CC7)N[C@@H]7C6,1.6,3.85,625.7,-10.63,0.6424,8.688
paper_25,FC1=C(C2=C(C=CC=C3)C3=CC(O)=C2)N=CC4=C1N=C(OC[C@]56N(C[C@H](F)C6)CCC5)N=C4N7C[C@@H](CC8)N[C@@H]8C7,1.7,1.74,58.4,-11.16,0.6166,8.701
US_459,[C@H]12CN(C[C@H](CC1)N2)C=2C1=C(N=C(N2)CCC23CCCN3CCC2)C(=C(N=C1)C1=CC=CC2=CC=CC(=C12)F)F,,1600,,-9.97,0.5898,8.906
US_225,CO[C@H]1CN2CCC[C@]2(COc2nc(N3CC4CCC(C3)N4)c3cnc(c(F)c3n2)-c2cccc3cccc(Cl)c23)C1,8.1,8.65,2545.15,-9.49,0.7253,9.073
US_224,O[C@H]1CN2CCC[C@]2(COc2nc(N3CC4CCC(C3)N4)c3cnc(c(F)c3n2)-c2cccc3cccc(Cl)c23)C1,,17.05,5324.25,-12.51,0.7796,8.988
paper_27,FC1=C(C2=C(C(F)=CC=C3)C3=CC=C2)N=CC4=C1N=C(OCC56N(CCC6)CCC5)N=C4N7C[C@@H](CC8)N[C@@H]8C7,,8.95,394.5,-10.71,0.5944,8.781
paper_31,FC1=C(C2=C(C(OC)=CC=C3)C3=CC=C2)N=CC4=C1N=C(OCC56N(CCC6)CCC5)N=C4N7C[C@@H](CC8)N[C@@H]8C7,,55.5,1913.15,-9.68,0.5839,8.629
paper_32,FC1=C(C2=C(C(CO)=CC=C3)C3=CC=C2)N=CC4=C1N=C(OCC56N(CCC6)CCC5)N=C4N7C[C@@H](CC8)N[C@@H]8C7,,47.55,7328.45,-11.14,0.5549,8.615
US_330,Oc1cc(-c2ncc3c(nc(OCC45CCCN4C[C@H](F)C5)nc3c2F)N2CC3CCC(C2)N3)c2c(Cl)cccc2c1,,1.35,11.05,-11.83,0.72,9.13
paper_1,FC1=C(C2=C(C(C#C)=C(F)C=C3)C3=CC(O)=C2)N=CC4=C1N=C(OC[C@]56N(C[C@H](F)C6)CCC5)N=C4N7C[C@@H](CC8)N[C@@H]8C7,0,1.47,2.07,-11.69,0.731,9.342
US_468,[C@H]12CN(C[C@H](CC1)N2)C=2C1=C(N=C(N2)OC[C@@]23CCCN3C[C@H](C2)F)C(=C(N=C1)C1=CC(=CC2=CC=CC(=C12)CC)O)F,,1.4,16.35,-12,0.7086,9.184
US_461,[C@@H]12OC[C@@H](N(C1)CCOC=1N=C(C3=C(N1)C(=C(N=C3)C3=CC(=CC1=CC=CC=C31)O)F)N3C[C@H]1CC[C@@H](C3)N1)C2,27.9,55.37,3641.35,-10.61,0.6915,8.598
US_366,[C@H]12CN(C[C@H](CC1)N2)C=2C1=C(N=C(N2)OCC23CCCN3CC(C2)F)C(=C(N=C1)C1=CC(=CC2=CC=CC(=C12)F)O)F,,0.6,5.95,-12.08,0.711,9.084
US_288,C[C@@H]1C[C@H]1c1ccccc1-c1ncc2c(nc(OCC34CCCN3CCC4)nc2c1F)N1CC2CCC(C1)N2,,228.95,4900.25,-7.92,0.6383,8.764
paper_19,FC1=C(C2=C(C=CC=C3)C3=CC(O)=C2)N=CC4=C1N=C(OCCC5=NC=CN5C)N=C4N6C[C@@H](CC7)N[C@@H]7C6,8.3,19.75,6891.55,-10.72,0.5502,8.597
paper_29,FC1=C(C2=C(C(C)=CC=C3)C3=CC=C2)N=CC4=C1N=C(OCC56N(CCC6)CCC5)N=C4N7C[C@@H](CC8)N[C@@H]8C7,,27.5,2704.65,-10.61,0.5879,8.734
US_149,CO[C@H]1CC(COc2nc(N3CC4CCC(C3)N4)c3cnc(c(F)c3n2)-c2cccc3cccc(Cl)c23)N(C)C1,119.3,502.45,4207.8,-9.67,0.6926,8.732
US_357,CN1CC[C@H](COc2nc(N3CC4CCC(C3)N4)c3cnc(c(F)c3n2)-c2cccc3cccc(Cl)c23)C1,,262.6,11920.1,-10.57,0.6752,8.844
US_359,CN1CC[C@@H](C1)Oc1nc(N2CC3CCC(C2)N3)c2cnc(c(F)c2n1)-c1cccc2cccc(Cl)c12,,1808.85,,-9.65,0.725,8.74
paper_37,FC1=C(C2=C(C(Cl)=CC=C3)C3=CC(O)=C2)N=CC4=C1N=C(OCC56N(CCC6)CCC5)N=C4N7C[C@@H](CC8)N[C@@H]8C7,,1.2,85.4,-11.25,0.7281,9.163
US_448,[C@H]12CN(C[C@H](CC1)N2)C=2C1=C(N=C(N2)OC[C@]23CCCN3C[C@@H](C2)F)C(=C(N=C1)C1=C(C=CC=C1)C1CC1)F,,168.8,,-10.61,0.5681,8.686
US_406,CO[C@H]1CN2CCC[C@]2(COc2nc(N3CC4CCC(C3)N4)c3cnc(c(F)c3n2)-c2cc(O)cc3cccc(F)c23)C1,,0.75,240.25,-10.1,0.7626,9.135
paper_28,FC1=C(C2=C(C(Cl)=CC=C3)C3=CC=C2)N=CC4=C1N=C(OCC56N(CCC6)CCC5)N=C4N7C[C@@H](CC8)N[C@@H]8C7,5.1,10.25,515,-10.28,0.6321,8.905
US_452,C[C@@H]1C[C@H]1c1c(Cl)cc(O)cc1-c1ncc2c(nc(OC[C@@]34CCCN3C[C@H](F)C4)nc2c1F)N1CC2CCC(C1)N2,,1.33,46,-11.05,0.6622,9.251
paper_34,FC1=C(C2=C(C=C(F)C=C3)C3=CC=C2)N=CC4=C1N=C(OCC56N(CCC6)CCC5)N=C4N7C[C@@H](CC8)N[C@@H]8C7,,27,370,-10.82,0.6259,8.814
paper_23,FC1=C(C2=C(C=CC=C3)C3=CC(O)=C2)N=CC4=C1N=C(OCC56N(CCC6)C(CC5)=O)N=C4N7C[C@@H](CC8)N[C@@H]8C7,,750.5,10000,-10.47,0.6446,8.832
paper_22,FC1=C(C2=C(C=CC=C3)C3=CC(O)=C2)N=CC4=C1N=C(OCC5(CCCC6)N6CCC5)N=C4N7C[C@@H](CC8)N[C@@H]8C7,,12,650,-11.73,0.6263,8.756
paper_35,FC1=C(C2=C(C(F)=C(F)C=C3)C3=CC=C2)N=CC4=C1N=C(OCC56N(CCC6)CCC5)N=C4N7C[C@@H](CC8)N[C@@H]8C7,,7,97,-11.64,0.7044,9.154
US_56,OC[C@@H](O)COc1nc(N2CC3CCC(C2)N3)c2cnc(c(F)c2n1)-c1cccc2cccc(Cl)c12,13805.3,6024,,-10.9,0.7041,8.599
US_66,Fc1c(ncc2c(nc(OC[C@@]34CCCN3C(CCl)CC4)nc12)N1CC2CCC(C1)N2)-c1cccc2cccc(Cl)c12,,273.8,1332.6,-11.45,0.71,9.03
