ID,SMILES,Affinity,CNN_Pose_Score,CNN_Affinity
mrtx,C#Cc1c(F)ccc(c12)cc(O)cc2-c(nc3)c(F)c(c34)nc(nc4N(C[C@H]56)C[C@H](N6)CC5)OC[C@@]78N(C[C@H](F)C7)CCC8,-11.67,0.7473,9.381
hop_1,C#Cc1c(F)ccc(c12)cc(O)cc2Cc3csc(c34)c(nc([nH+]4)N(C[C@H]56)C[C@H](N6)CC5)OC[C@@]78N(C[C@H](F)C7)CCC8 St 1 from Cc1csc(c12)cnc[nH+]2,-4.28,0.4276,6.573
hop_2,C1[C@@H](F)CN(CCC2)[C@]12COc3cc(N(C[C@H]45)C[C@H](N5)CC4)cn(c36)c(c[nH+]6)Cc7cc(O)cc(c78)ccc(F)c8C#C St 2 from [nH+]1cc(C)n(c12)cccc2,-6.28,0.7264,9.243
hop_3,C1[C@@H](F)CN(CCC2)[C@]12COc(nc3N(C[C@H]45)C[C@H](N5)CC4)nc(c36)C[C@@H]([C@@H]([NH3+])C6)c7cc(O)cc(c78)ccc(F)c8C#C St 2 from C1[C@H]([NH3+])CCc(c12)ncnc2,-3.05,0.5356,6.429
hop_4,C1[C@@H](F)CN(CCC2)[C@]12COc3nc(N(C[C@H]45)C[C@H](N5)CC4)cn(c36)c(cn6)Cc7cc(O)cc(c78)ccc(F)c8C#C St 1 from n1cc(C)n(c12)ccnc2,-6.8,0.7382,9.158
hop_5,C#Cc1c(F)ccc(c12)cc(O)cc2C[C@@H]3NC(=O)Oc(c34)c(c(N)c(c4)N(C[C@H]56)C[C@H](N6)CC5)OC[C@@]78N(C[C@H](F)C7)CCC8 St 2 from C[C@@H]1NC(=O)Oc(c12)cc(N)cc2,-6.63,0.5259,6.768
hop_6,C1[C@@H](F)CN(CCC2)[C@]12COc(c3NC4=O)cc(N(C[C@H]56)C[C@H](N6)CC5)c(c3[C@@H]47)CC[C@H]7c8cc(O)cc(c89)ccc(F)c9C#C St 2 from c12c3cccc2CCC[C@H]1C(=O)N3,-2.85,0.659,6.927
hop_7,C#Cc1c(F)ccc(c12)cc(O)cc2Cc3o[nH+]c(c34)c(cc(c4)N(C[C@H]56)C[C@H](N6)CC5)OC[C@@]78N(C[C@H](F)C7)CCC8 St 1 from Cc1o[nH+]c(c12)cccc2,-6.51,0.7377,9.059
hop_8,C1[C@@H](F)CN(CCC2)[C@]12COc(c3)cc(N(C[C@H]45)C[C@H](N5)CC4)c(c36)OC(=O)[C@H]([C@@H]6[NH3+])c7cc(O)cc(c78)ccc(F)c8C#C St 2 from c1cccc(c12)OC(=O)C[C@H]2[NH3+],-4.81,0.494,6.492
hop_9,C#Cc1c(F)ccc(c12)cc(O)cc2Cc3n(C)[nH+]c(c34)c(c(N)c(c4)N(C[C@H]56)C[C@H](N6)CC5)OC[C@@]78N(C[C@H](F)C7)CCC8 St 2 from Cc1n(C)[nH+]c(c12)cc(N)cc2,-5.04,0.4637,6.873
hop_10,C#Cc1c(F)ccc(c12)cc(O)cc2Cc3c(N)ncc(c34)c(c([NH3+])c(c4)N(C[C@H]56)C[C@H](N6)CC5)OC[C@@]78N(C[C@H](F)C7)CCC8 St 2 from Cc1c(N)ncc(c12)cc([NH3+])cc2,-5.22,0.4199,6.961
hop_11,C#Cc1c(F)ccc(c12)cc(O)cc2Cc(cc3C)n(c34)nc(N(C[C@H]56)C[C@H](N6)CC5)cc4OC[C@@]78N(C[C@H](F)C7)CCC8 St 1 from Cc1cc(C)n(c12)nccc2,-6.26,0.3704,6.819
hop_12,C1[C@@H](F)CN(CCC2)[C@]12COc(cc3N(C[C@H]45)C[C@H](N5)CC4)cn(c36)c(c[nH+]6)Cc7cc(O)cc(c78)ccc(F)c8C#C St 1 from [nH+]1cc(C)n(c12)cccc2,-4.43,0.6081,8.954
hop_13,C#Cc1c(F)ccc(c12)cc(O)cc2Cc3nnn(c34)c(cc(c4)N(C[C@H]56)C[C@H](N6)CC5)OC[C@@]78N(C[C@H](F)C7)CCC8 St 1 from Cc1nnn(c12)cccc2,-6.53,0.7481,9.126
hop_14,C#Cc1c(F)ccc(c12)cc(O)cc2[C@@H]([C@@H]3[NH3+])[C@@H](C)Oc(c34)c(N(C[C@H]56)C[C@H](N6)CC5)cc(c4)OC[C@@]78N(C[C@H](F)C7)CCC8 St 1 from [NH3+][C@@H]1C[C@H](C)Oc(c12)cccc2,-3.87,0.5056,8.722
hop_15,C#Cc1c(F)ccc(c12)cc(O)cc2Cc3cn(C)c(c34)c([nH+]c(c4)N(C[C@H]56)C[C@H](N6)CC5)OC[C@@]78N(C[C@H](F)C7)CCC8 St 2 from Cc1cn(C)c(c12)c[nH+]cc2,-6.78,0.3466,6.696
hop_16,C#Cc1c(F)ccc(c12)cc(O)cc2[C@@H](C3)CNc(c34)c(N(C[C@H]56)C[C@H](N6)CC5)cc(c4C#N)OC[C@@]78N(C[C@H](F)C7)CCC8 St 2 from N#Cc1cccc(c12)NCCC2,-5.35,0.5058,6.598
hop_17,C1[C@@H](F)CN(CCC2)[C@]12COc(cc(c3)N(C[C@H]45)C[C@H](N5)CC4)c(c36)oc(C#N)c6Cc7cc(O)cc(c78)ccc(F)c8C#C St 2 from Cc1c(C#N)oc(c12)cccc2,-4.64,0.47,6.751
hop_18,C#Cc1c(F)ccc(c12)cc(O)cc2Cc3n(C)[nH+]c(c34)c(N(C[C@H]56)C[C@H](N6)CC5)c(N)c(c4)OC[C@@]78N(C[C@H](F)C7)CCC8 St 1 from Cc1n(C)[nH+]c(c12)cc(N)cc2,-4.48,0.6803,9.123
hop_19,C1[C@@H](F)CN(CCC2)[C@]12COc(nc3N(C[C@H]45)C[C@H](N5)CC4)n(c36)CC[C@H](NC6)C(=O)c7cc(O)cc(c78)ccc(F)c8C#C St 1 from c1ncn(c12)CCCNC2,-4.67,0.4432,6.356
hop_20,C#Cc1c(F)ccc(c12)cc(O)cc2Cc3cnn(c34)c(c(C)c(c4)N(C[C@H]56)C[C@H](N6)CC5)OC[C@@]78N(C[C@H](F)C7)CCC8 St 1 from Cc1cnn(c12)cc(C)cc2,-6.2,0.7502,9.296
hop_21,C1[C@@H](F)CN(CCC2)[C@]12COC[C@]3(C)C(CC(=O)N(C[C@H]45)C[C@H](N5)CC4)=C(C(=O)OC3)Cc6cc(O)cc(c67)ccc(F)c7C#C St 1 from C1OC(=O)C(C)=CC1(C)C,-5.22,0.5244,6.23
hop_22,C1[C@@H](F)CN(CCC2)[C@]12COc(cc3N(C[C@H]45)C[C@H](N5)CC4)cc(c36)S[N@H+](C6=O)C(=O)c7cc(O)cc(c78)ccc(F)c8C#C St 1 from O=C1[NH2+]Sc(c12)cccc2,-7.55,0.5816,8.735
hop_23,C1[C@@H](F)CN(CCC2)[C@]12COc(nc3N(C[C@H]45)C[C@H](N5)CC4)cn(c36)c(cn6)Cc7cc(O)cc(c78)ccc(F)c8C#C St 2 from n1cc(C)n(c12)ccnc2,-4.22,0.4255,6.749
hop_24,C1[C@@H](F)CN(CCC2)[C@]12COc3cc(N(C[C@H]45)C[C@H](N5)CC4)cn(c36)c(nc6C#N)Cc7cc(O)cc(c78)ccc(F)c8C#C St 1 from N#Cc1nc(C)n(c12)cccc2,-4.9,0.4844,7.088
hop_25,C1[C@@H](F)CN(CCC2)[C@]12COc(n3)c(C)c(N(C[C@H]45)C[C@H](N5)CC4)n(c36)cc(C)c6Cc7cc(O)cc(c78)ccc(F)c8C#C St 1 from Cc1c(C)cn(c12)cc(C)cn2,-0.92,0.5741,9.222
hop_26,C#Cc1c(F)ccc(c12)cc(O)cc2Cc3cc(C)[nH]c(c34)c(N(C[C@H]56)C[C@H](N6)CC5)cc(c4=O)OC[C@@]78N(C[C@H](F)C7)CCC8 St 1 from Cc1cc(C)[nH]c(c12)cccc2=O,-0.95,0.7255,9.147
hop_27,C#Cc1c(F)ccc(c12)cc(O)cc2[C@@H](C3)/C(=N\O)Nc(c34)c(N(C[C@H]56)C[C@H](N6)CC5)cc(c4)OC[C@@]78N(C[C@H](F)C7)CCC8 St 1 from C1C/C(=N\O)Nc(c12)cccc2,-0.78,0.5392,8.875
hop_28,C1[C@@H](F)CN(CCC2)[C@]12COc(cc(c3NC4=O)N(C[C@H]56)C[C@H](N6)CC5)c(c3[C@H]47)CC[C@@H]7c8cc(O)cc(c89)ccc(F)c9C#C St 1 from c12c3cccc2CCC[C@H]1C(=O)N3,0.31,0.6881,9.085
hop_29,C#Cc1c(F)ccc(c12)cc(O)cc2CC(NC(=O)N3)=C([C@H]34)C[C@H](N(C[C@H]56)C[C@H](N6)CC5)C[C@@H]4OC[C@@]78N(C[C@H](F)C7)CCC8 St 2 from CC=1NC(=O)N[C@@H](C12)CCCC2,-4.96,0.4647,6.699
hop_30,C1[C@@H](F)CN(CCC2)[C@]12COc(nc([nH+]3)N(C[C@H]45)C[C@H](N5)CC4)c(c36)[nH]nc6Cc7cc(O)cc(c78)ccc(F)c8C#C St 2 from Cc1n[nH]c(c12)cnc[nH+]2,-7.59,0.682,9.031
hop_31,C1[C@@H](F)CN(CCC2)[C@]12COc(cc3N(C[C@H]45)C[C@H](N5)CC4)cn(c36)c(nc6C#N)Cc7cc(O)cc(c78)ccc(F)c8C#C St 3 from N#Cc1nc(C)n(c12)cccc2,-3.42,0.6087,7.195
hop_32,C#Cc1c(F)ccc(c12)cc(O)cc2Cc(no3)c(c34)cc(c(Cl)c4N(C[C@H]56)C[C@H](N6)CC5)OC[C@@]78N(C[C@H](F)C7)CCC8 St 1 from Cc1noc(c12)cc(Cl)cc2,-3.74,0.5651,8.734
hop_33,C#Cc1c(F)ccc(c12)cc(O)cc2Cc(c[nH]3)c(c34)c(C#N)c(N(C[C@H]56)C[C@H](N6)CC5)cc4OC[C@@]78N(C[C@H](F)C7)CCC8 St 1 from N#Cc1cccc(c12)[nH]cc2C,-5.83,0.718,9.526
hop_34,C1[C@@H](F)CN(CCC2)[C@]12COc(c(C#CC)c3N(C[C@H]45)C[C@H](N5)CC4)cc(c36)C[C@@H](CC6)c7cc(O)cc(c78)ccc(F)c8C#C St 1 from CC#Cc(c1)ccc(c12)CCCC2,-2.55,0.4082,6.441
hop_35,C1[C@@H](F)CN(CCC2)[C@]12COC[C@]3(C)C(CC(=O)N(C[C@H]45)C[C@H](N5)CC4)=C(CCC3)Cc6cc(O)cc(c67)ccc(F)c7C#C St 1 from C1CCC(C)=CC1(C)C,-4.95,0.604,6.854
hop_36,C1[C@@H](F)CN(CCC2)[C@]12COc(cc3N(C[C@H]45)C[C@H](N5)CC4)[nH+]c(c36)[C@H](O)C[C@H](CC6)C(=O)c7cc(O)cc(c78)ccc(F)c8C#C St 1 from c1cc[nH+]c(c12)[C@H](O)CCCC2,-4.99,0.4175,6.529
hop_37,C1[C@@H](F)CN(CCC2)[C@]12COc3[nH+]c(N(C[C@H]45)C[C@H](N5)CC4)c(c(=O)[nH]3)NS(=O)(=O)Cc6cc(O)cc(c67)ccc(F)c7C#C St 1 from O=c1cc[nH+]c[nH]1,-9.31,0.7405,8.913
hop_38,C#Cc1c(F)ccc(c12)cc(O)cc2C(=O)Cc3cc(N(C[C@H]45)C[C@H](N5)CC4)o[n+]3C(=O)OC[C@@]67N(C[C@H](F)C6)CCC7 St 1 from Cc1cco[nH+]1,-4.92,0.5146,6.386
hop_39,C#Cc1c(F)ccc(c12)cc(O)cc2Cc3c(N)ncc(c34)c(N(C[C@H]56)C[C@H](N6)CC5)c([NH3+])c(c4)OC[C@@]78N(C[C@H](F)C7)CCC8 St 1 from Cc1c(N)ncc(c12)cc([NH3+])cc2,-2.2,0.6457,9.525
hop_40,C1[C@@H](F)CN(CCC2)[C@]12COc(cc3N(C[C@H]45)C[C@H](N5)CC4)c([O-])n(c3=O)CC(=O)c6cc(O)cc(c67)ccc(F)c7C#C St 1 from Cn1c(=O)cccc1[O-],-4.33,0.6301,6.647
hop_41,C1[C@@H](F)CN(CCC2)[C@]12COc(nc3N(C[C@H]45)C[C@H](N5)CC4)[nH+]nc3CS(=O)(=O)Cc6cc(O)cc(c67)ccc(F)c7C#C St 1 from Cc1cnc[nH+]n1,-11.35,0.7583,9.036
hop_42,C1[C@@H](F)CN(CCC2)[C@]12COC(=O)c([nH+]c3N(C[C@H]45)C[C@H](N5)CC4)n(c36)c(c(s6)C)Cc7cc(O)cc(c78)ccc(F)c8C#C St 2 from Cc(s1)c(C)n(c12)c[nH+]c2,-5.59,0.4002,6.684
hop_43,C1[C@@H](F)CN(CCC2)[C@]12COc(c3)cc(N(C[C@H]45)C[C@H](N5)CC4)c(c36)oc(C#N)c6Cc7cc(O)cc(c78)ccc(F)c8C#C St 1 from Cc1c(C#N)oc(c12)cccc2,-4.4,0.5781,8.81
hop_44,C#Cc1c(F)ccc(c12)cc(O)cc2Cc(cc(C)n3C)c(c34)c(=O)c(N(C[C@H]56)C[C@H](N6)CC5)cc4OC[C@@]78N(C[C@H](F)C7)CCC8 St 1 from Cc1cc(C)n(C)c(c12)cccc2=O,-4.02,0.4878,7.003
hop_45,C#Cc1c(F)ccc(c12)cc(O)cc2Cc3coc(c34)c(N(C[C@H]56)C[C@H](N6)CC5)cc(c4N)OC[C@@]78N(C[C@H](F)C7)CCC8 St 1 from Cc1coc(c12)cccc2N,-5.38,0.478,6.673
hop_46,C1[C@@H](F)CN(CCC2)[C@]12COC(=O)c(c3)c(N(C[C@H]45)C[C@H](N5)CC4)cn(c36)c(nc6C#N)Cc7cc(O)cc(c78)ccc(F)c8C#C St 2 from N#Cc1nc(C)n(c12)cccc2,-4.76,0.3522,6.588
hop_47,C#Cc1c(F)ccc(c12)cc(O)cc2C(=O)[C@H]([NH2+][C@@H]3C)COc(c34)c(N(C[C@H]56)C[C@H](N6)CC5)cc(c4)OC[C@@]78N(C[C@H](F)C7)CCC8 St 1 from C[C@H]1[NH2+]CCOc(c12)cccc2,0.11,0.5721,9.037
hop_48,C1[C@@H](F)CN(CCC2)[C@]12COc(cc([nH+]3)N(C[C@H]45)C[C@H](N5)CC4)cc3CC(=O)c6cc(O)cc(c67)ccc(F)c7C#C St 1 from c1cc[nH+]cc1,-8.31,0.7106,8.923
hop_49,C#Cc1c(F)ccc(c12)cc(O)cc2Cc(cc3)nc(c34)c(N(C[C@H]56)C[C@H](N6)CC5)n(n4)C(=O)OC[C@@]78N(C[C@H](F)C7)CCC8 St 1 from Cc(n1)ccc(c12)n[nH]c2,-10.45,0.5185,8.802
hop_50,C1[C@@H](F)CN(CCC2)[C@]12COc(cc3N(C[C@H]45)C[C@H](N5)CC4)cc(c36)[C@H](OC6(C)C)Cc7cc(O)cc(c78)ccc(F)c8C#C St 1 from CC1(C)O[C@@H](C)c(c12)cccc2,-5.78,0.5988,6.657
hop_51,C#Cc1c(F)ccc(c12)cc(O)cc2Cc(cc3C)n(c34)nc(cc4N(C[C@H]56)C[C@H](N6)CC5)OC[C@@]78N(C[C@H](F)C7)CCC8 St 2 from Cc1cc(C)n(c12)nccc2,-4.69,0.5316,8.674
hop_52,C1[C@@H](F)CN(CCC2)[C@]12COC[C@H]3[NH2+][C@H](C)CC(=C3CCN(C[C@H]45)C[C@H](N5)CC4)Cc6cc(O)cc(c67)ccc(F)c7C#C St 1 from CC1=C[C@H](C)[NH2+][C@@H](C)C1,-5.2,0.4118,6.449
hop_53,C#Cc1c(F)ccc(c12)cc(O)cc2Cc3cn(C)c(c34)c(N(C[C@H]56)C[C@H](N6)CC5)[nH+]c(c4)OC[C@@]78N(C[C@H](F)C7)CCC8 St 1 from Cc1cn(C)c(c12)c[nH+]cc2,-3.71,0.6448,8.85
hop_54,C#Cc1c(F)ccc(c12)cc(O)cc2[C@@H](CCC3)[C@@H](O)c(c34)[nH+]c(N(C[C@H]56)C[C@H](N6)CC5)cc4OC[C@@]78N(C[C@H](F)C7)CCC8 St 2 from c1cc[nH+]c(c12)[C@H](O)CCCC2,-5.54,0.4414,6.422
hop_55,C#Cc1c(F)ccc(c12)cc(O)cc2Cc(c3)ccc(c34)c(n(C)c4N(C[C@H]56)C[C@H](N6)CC5)OC[C@@]78N(C[C@H](F)C7)CCC8 St 1 from Cc(c1)ccc(c12)cn(C)c2,-8.85,0.7077,9.175
hop_56,C1[C@@H](F)CN(CCC2)[C@]12COc(cc(c3)N(C[C@H]45)C[C@H](N5)CC4)c(c36)[S@](=O)C[C@@H](/C6=N/O)c7cc(O)cc(c78)ccc(F)c8C#C St 1 from c1cccc(c12)[S@](=O)CCC\2=N\O,8.39,0.6916,8.586
hop_57,C#Cc1c(F)ccc(c12)cc(O)cc2CC(C(=O)[C@H]3C)=C([C@H]34)C[C@H](N(C[C@H]56)C[C@H](N6)CC5)C[C@@H]4OC[C@@]78N(C[C@H](F)C7)CCC8 St 1 from CC=1C(=O)[C@H](C)[C@H](C12)CCCC2,-4.24,0.6604,9.256
hop_58,C#Cc1c(F)ccc(c12)cc(O)cc2Cc(c(cn3)C#N)c(c34)cc(c([O-])c4N(C[C@H]56)C[C@H](N6)CC5)OC[C@@]78N(C[C@H](F)C7)CCC8 St 1 from Cc1c(C#N)cnc(c12)cc([O-])cc2,1.97,0.5197,9.103
hop_59,C1[C@@H](F)CN(CCC2)[C@]12COc3n[nH+]c(c(c3C)N(C[C@H]45)C[C@H](N5)CC4)NCC(=O)c6cc(O)cc(c67)ccc(F)c7C#C St 1 from Cc1cc(N)[nH+]nc1,-10.88,0.8692,9.41
hop_60,C#Cc1c(F)ccc(c12)cc(O)cc2C[C@@H](N(C)C3=O)c(c34)nc(cc4N(C[C@H]56)C[C@H](N6)CC5)OC[C@@]78N(C[C@H](F)C7)CCC8 St 1 from O=C1N(C)[C@H](C)c(c12)nccc2,-3.58,0.3935,6.428
hop_61,C1[C@@H](F)CN(CCC2)[C@]12COC(=O)C3=NCC[N@H+](C[C@@H]3N(C[C@H]45)C[C@H](N5)CC4)C(=O)c6cc(O)cc(c67)ccc(F)c7C#C St 1 from C1=NCC[NH2+]CC1,-5.6,0.4384,6.274
hop_62,C1[C@@H](F)CN(CCC2)[C@]12COc(c(F)c3N(C[C@H]45)C[C@H](N5)CC4)c(c6c37)[nH]cc6[C@@H](CNC7=O)c8cc(O)cc(c89)ccc(F)c9C#C St 1 from c12c3c[nH]c1cc(F)cc2C(=O)NCC3,-2.61,0.4328,6.983
hop_63,C1[C@@H](F)CN(CCC2)[C@]12COc(cc(c3C)N(C[C@H]45)C[C@H](N5)CC4)n(c36)ncc6Cc7cc(O)cc(c78)ccc(F)c8C#C St 1 from Cc1cnn(c12)cccc2C,-6.4,0.7553,9.375
hop_64,C1[C@@H](F)CN(CCC2)[C@]12COC(=O)n3c(N(C[C@H]45)C[C@H](N5)CC4)c(C#N)c(c36)c(cc(n6)C)Cc7cc(O)cc(c78)ccc(F)c8C#C St 1 from N#Cc1c[nH]c(c12)nc(C)cc2C,-2.79,0.4029,6.861
hop_65,C1[C@@H](F)CN(CCC2)[C@]12COC(=O)[n+](c3N(C[C@H]45)C[C@H](N5)CC4)cn(n3)CC(=O)c6cc(O)cc(c67)ccc(F)c7C#C St 1 from Cn1c[nH+]cn1,-9.97,0.6333,8.644
hop_66,C1[C@@H](F)CN(CCC2)[C@]12COC(=O)c(c3N(C[C@H]45)C[C@H](N5)CC4)sc(c36)C(=O)[C@@H](CS6)c7cc(O)cc(c78)ccc(F)c8C#C St 1 from c1csc(c12)C(=O)CCS2,-6.58,0.5195,8.655
hop_67,C#Cc1c(F)ccc(c12)cc(O)cc2C\C(C)=C\3[C@H](NN[C@H]34)[C@@H](N(C)C(=O)N(C[C@H]56)C[C@H](N6)CC5)[C@@H]4OC[C@@]78N(C[C@H](F)C7)CCC8 St 1 from CC(C)=C([C@H]12)[C@@H](CC1)NN2,8.76,0.4253,8.566
hop_68,C1[C@@H](F)CN(CCC2)[C@]12COc(n(c34)cn[nH+]4)cc(N(C[C@H]56)C[C@H](N6)CC5)c3NS(=O)(=O)Cc7cc(O)cc(c78)ccc(F)c8C#C St 1 from [nH+]1ncn(c12)cccc2,-4.75,0.3445,6.632
hop_69,C1[C@@H](F)CN(CCC2)[C@]12COC(=O)C[C@H]3[C@@H](OC[C@@H]([NH2+]3)C(=O)N(C[C@H]45)C[C@H](N5)CC4)Cc6cc(O)cc(c67)ccc(F)c7C#C St 1 from C[C@@H]1[C@@H](C)OCC[NH2+]1,-5.25,0.3966,6.242
hop_70,C1[C@@H](F)CN(CCC2)[C@]12COC(=O)[C@@H](c(c34)[nH]cc4C#N)[C@@H](N(C[C@H]56)C[C@H](N6)CC5)CC[C@@H]3c7cc(O)cc(c78)ccc(F)c8C#C St 1 from N#Cc1c[nH]c(c12)CCCCC2,-3.89,0.5605,6.809
hop_71,C#Cc1c(F)ccc(c12)cc(O)cc2Cc(c[nH]3)c(c34)c(C#N)c(cc4N(C[C@H]56)C[C@H](N6)CC5)OC[C@@]78N(C[C@H](F)C7)CCC8 St 2 from N#Cc1cccc(c12)[nH]cc2C,-5.14,0.5368,6.955
hop_72,C#Cc1c(F)ccc(c12)cc(O)cc2C(=O)CN(C3)C[C@H]([C@]34C)C[C@@H](N(C[C@H]56)C[C@H](N6)CC5)[C@@H]4OC[C@@]78N(C[C@H](F)C7)CCC8 St 1 from C1CC[C@@H]([C@@]12C)CN(C)C2,-5.64,0.46,6.679
hop_73,C1[C@@H](F)CN(CCC2)[C@]12CO[C@@]34C[C@@H](N(C[C@H]56)C[C@H](N6)CC5)C[C@@H](C3)N(C4)CC(=O)c7cc(O)cc(c78)ccc(F)c8C#C St 2 from CN(C1)[C@H](C[C@H]12)CCC2,-4.55,0.4427,6.322
hop_74,C#Cc1c(F)ccc(c12)cc(O)cc2Cc(cc3=O)[nH]c(c34)c(N(C[C@H]56)C[C@H](N6)CC5)n(n4)C(=O)OC[C@@]78N(C[C@H](F)C7)CCC8 St 1 from Cc([nH]1)cc(=O)c(c12)n[nH]c2,-5.72,0.5378,8.643
hop_75,C1[C@@H](F)CN(CCC2)[C@]12CO[C@@H](C[C@H](C3)N(C[C@H]45)C[C@H](N5)CC4)[C@H]([N@@H+]36)CCC[C@H]6Cc7cc(O)cc(c78)ccc(F)c8C#C St 1 from C1CC[C@H](C)[N@H+]([C@@H]12)CCCC2,-4.0,0.3855,6.449
hop_76,C1[C@@H](F)CN(CCC2)[C@]12CO[C@H](C3)C[C@@H](N(C[C@H]45)C[C@H](N5)CC4)[C@@H]([N@H+]36)CC[C@H]([C@@H]6C)c7cc(O)cc(c78)ccc(F)c8C#C St 3 from C1CC[C@H](C)[N@H+]([C@@H]12)CCCC2,-2.93,0.3856,5.813
hop_77,C1[C@@H](F)CN(CCC2)[C@]12COc3[nH+]c(N(C[C@H]45)C[C@H](N5)CC4)cn(c3=O)S(=O)(=O)Cc6cc(O)cc(c67)ccc(F)c7C#C St 1 from O=c1c[nH+]cc[nH]1,-5.43,0.45,6.551
hop_78,C1[C@@H](F)CN(CCC2)[C@]12COc(cc(c3)N(C[C@H]45)C[C@H](N5)CC4)c(c36)CCS(=O)(=O)[C@@H]([C@H]6O)c7cc(O)cc(c78)ccc(F)c8C#C St 1 from c1cccc(c12)CCS(=O)(=O)C[C@@H]2O,8.44,0.5871,8.561
hop_79,C1[C@@H](F)CN(CCC2)[C@]12CO[C@H]3C[NH2+]C[C@@H]([C@@]34O)C[C@H](C[C@@H]4C(=O)N(C[C@H]56)C[C@H](N6)CC5)c7cc(O)cc(c78)ccc(F)c8C#C St 2 from C1C[NH2+]C[C@@H]([C@@]12O)CCCC2,-1.36,0.4475,6.075
hop_80,C1[C@@H](F)CN(CCC2)[C@]12COc3c(N)c(N(C[C@H]45)C[C@H](N5)CC4)c(c(c36)c[nH+]cc6)NS(=O)(=O)Cc7cc(O)cc(c78)ccc(F)c8C#C St 1 from c1c[nH+]cc(c12)ccc(c2)N,-4.63,0.4269,6.81
hop_81,C1[C@@H](F)CN(CCC2)[C@]12COC[C@H]3CC[N@H+](C[C@@H]3N(C[C@H]45)C[C@H](N5)CC4)NC(=O)c6cc(O)cc(c67)ccc(F)c7C#C St 1 from C[C@H]1CC[N@@H+](N)CC1,-4.24,0.5083,6.607
hop_82,C1[C@@H](F)CN(CCC2)[C@]12COc3c[nH+]c(c(n3)N(C[C@H]45)C[C@H](N5)CC4)NS(=O)(=O)Cc6cc(O)cc(c67)ccc(F)c7C#C St 1 from Nc1cncc[nH+]1,-11.74,0.7084,9.038
hop_83,C1[C@@H](F)CN(CCC2)[C@]12COC(=O)c(c3)c(N(C[C@H]45)C[C@H](N5)CC4)c(cc36)[NH2+]C[C@@H]6c7cc(O)cc(c78)ccc(F)c8C#C St 1 from C1C[NH2+]c(cc12)ccc2,-3.55,0.4536,5.957
hop_84,C1[C@@H](F)CN(CCC2)[C@]12COc3cc(N(C[C@H]45)C[C@H](N5)CC4)c(=N/C)\n(c3C)S(=O)(=O)Cc6cc(O)cc(c67)ccc(F)c7C#C St 1 from Cc1ccc/c([nH]1)=N\C,-4.75,0.4873,6.56
hop_85,C#Cc1c(F)ccc(c12)cc(O)cc2Cc3csc(c34)c(N(C[C@H]56)C[C@H](N6)CC5)nc([nH+]4)OC[C@@]78N(C[C@H](F)C7)CCC8 St 2 from Cc1csc(c12)cnc[nH+]2,-5.61,0.508,8.724
hop_86,C1[C@@H](F)CN(CCC2)[C@]12COc(cc3N(C[C@H]45)C[C@H](N5)CC4)cc(c36)[NH2+]N(N6)C(=O)c7cc(O)cc(c78)ccc(F)c8C#C St 1 from N1N[NH2+]c(c12)cccc2,-5.06,0.5536,6.845
hop_87,C1[C@@H](F)CN(CCC2)[C@]12COc(n3)c[n+](nc3N(C[C@H]45)C[C@H](N5)CC4)S(=O)(=O)Cc6cc(O)cc(c67)ccc(F)c7C#C St 1 from c1c[nH+]ncn1,-7.05,0.6937,8.898
hop_88,C1[C@@H](F)CN(CCC2)[C@]12CO[C@]34CC[C@](CC3)(C[C@H](C4)N(C[C@H]56)C[C@H](N6)CC5)OC(=O)c7cc(O)cc(c78)ccc(F)c8C#C St 2 from O[C@]12CC[C@H](CC1)CCC2,-4.84,0.5025,6.464
hop_89,C1[C@@H](F)CN(CCC2)[C@]12COC(=O)O[C@H]([C@H]([C@H]3[NH3+])N(C[C@H]45)C[C@H](N5)CC4)[C@]36CC[C@@H](C6)c7cc(O)cc(c78)ccc(F)c8C#C St 1 from O[C@@H]1C[C@@H]([NH3+])C12CCCC2,-10.76,0.6645,9.096
hop_90,C#Cc1c(F)ccc(c12)cc(O)cc2[C@H](CN(C)C3=O)c4cn(C)c(c4c35)c(cc5N(C[C@H]67)C[C@H](N7)CC6)OC[C@@]89N(C[C@H](F)C8)CCC9 St 1 from c12c3cn(C)c1cccc2C(=O)N(C)CC3,10.1,0.4982,8.941
hop_91,C1[C@@H](F)CN(CCC2)[C@]12COC(=O)n3nc(N(C[C@H]45)C[C@H](N5)CC4)c(c36)c(=O)c(c([O-])[nH]6)Cc7cc(O)cc(c78)ccc(F)c8C#C St 1 from O=c1c(C)c([O-])[nH]c(c12)[nH]nc2,-4.62,0.4548,6.692
hop_92,C1[C@@H](F)CN(CCC2)[C@]12CO[C@H]3C[C@@H](N(C[C@H]45)C[C@H](N5)CC4)[C@H](O)[C@H]([C@@H]36)C(=O)[C@H](CCC6)c7cc(O)cc(c78)ccc(F)c8C#C St 1 from O[C@H]1CCC[C@H]([C@@H]12)CCCCC2=O,-3.1,0.474,6.314
hop_93,C1[C@@H](F)CN(CCC2)[C@]12CO[C@@H](C[C@H](C3)N(C[C@H]45)C[C@H](N5)CC4)[C@H]([C@]36C)C(=O)C[C@@H](C6)c7cc(O)cc(c78)ccc(F)c8C#C St 1 from C1CCC[C@H]([C@]12C)C(=O)CCC2,-4.8,0.5767,6.724
hop_94,C1[C@@H](F)CN(CCC2)[C@]12CO[C@@H]3[C@H](CN4C)[C@H](C)[C@@](C)([C@@H]([C@@H]34)C(=O)N(C[C@H]56)C[C@H](N6)CC5)Cc7cc(O)cc(c78)ccc(F)c8C#C St 1 from C[C@H]1C(C)(C)C[C@H](C[C@H]12)N(C)C2,-4.87,0.4508,6.471
hop_95,C#Cc1c(F)ccc(c12)cc(O)cc2CC([C@H]3S(=O)(=O)CN(C[C@H]45)C[C@H](N5)CC4)=C(C)c(c36)oc(n6)OC[C@@]78N(C[C@H](F)C7)CCC8 St 1 from CC1=C(C)Cc(c12)nco2,-7.78,0.5818,9.06
hop_96,C1[C@@H](F)CN(CCC2)[C@]12COc3[nH]c(N(C[C@H]45)C[C@H](N5)CC4)cc3NS(=O)(=O)Cc6cc(O)cc(c67)ccc(F)c7C#C St 1 from c1cc[nH]c1,-9.2,0.6575,8.958
hop_97,C1[C@@H](F)CN(CCC2)[C@]12COC[C@H]([C@@]3(C)C(=O)N(C[C@H]45)C[C@H](N5)CC4)ON[C@@H]3Cc6cc(O)cc(c67)ccc(F)c7C#C St 1 from C[C@@H]1[C@@H](C)NO[C@@H]1C,-7.97,0.5982,8.925
hop_98,C1[C@@H](F)CN(CCC2)[C@]12COc3[nH+]c(N(C[C@H]45)C[C@H](N5)CC4)n(c36)c(cs6)Cc7cc(O)cc(c78)ccc(F)c8C#C St 1 from s1cc(C)n(c12)c[nH+]c2,-4.19,0.3455,6.558
hop_99,C#Cc1c(F)ccc(c12)cc(O)cc2C[C@@](O)(CCO3)C[C@]3(CN(C[C@H]45)C[C@H](N5)CC4)CN(C)C(=O)OC[C@@]67N(C[C@H](F)C6)CCC7 St 2 from C[C@]1(O)C[C@@H](C)OCC1,-3.77,0.6627,8.977
hop_100,C1[C@@H](F)CN(CCC2)[C@]12COC(=O)N(C)[C@H]([C@@](O)(C[C@H]34)CN(C[C@H]56)C[C@H](N6)CC5)[C@@H]([N@@H+]3C)C[C@H]4c7cc(O)cc(c78)ccc(F)c8C#C St 1 from C[C@](C1)(O)C[C@H]([N@H+]2C)CC[C@@H]12,-5.7,0.492,9.264
hop_101,C#Cc1c(F)ccc(c12)cc(O)cc2C[C@H]3NC(=O)Oc(c34)c(N(C[C@H]56)C[C@H](N6)CC5)c(N)c(c4)OC[C@@]78N(C[C@H](F)C7)CCC8 St 1 from C[C@@H]1NC(=O)Oc(c12)cc(N)cc2,-4.33,0.3945,6.549
hop_102,C#Cc1c(F)ccc(c12)cc(O)cc2CC(NC(=O)N3)=C([C@@H]34)C[C@H](C[C@H]4N(C[C@H]56)C[C@H](N6)CC5)OC[C@@]78N(C[C@H](F)C7)CCC8 St 1 from CC=1NC(=O)N[C@@H](C12)CCCC2,-3.31,0.3743,6.287
hop_103,C#Cc1c(F)ccc(c12)cc(O)cc2[C@H](C3)CNc(c34)c(cc(c4C#N)N(C[C@H]56)C[C@H](N6)CC5)OC[C@@]78N(C[C@H](F)C7)CCC8 St 1 from N#Cc1cccc(c12)NCCC2,-1.92,0.5937,9.131
hop_104,C1[C@@H](F)CN(CCC2)[C@]12COCc(nc3)[n+](CC(=O)N(C[C@H]45)C[C@H](N5)CC4)c(c36)c([nH]n6)Cc7cc(O)cc(c78)ccc(F)c8C#C St 1 from Cc1[nH]nc(c12)cnc(C)[nH+]2,-4.18,0.2166,6.204
hop_105,C1[C@@H](F)CN(CCC2)[C@]12COCS(=O)(=O)N[C@]3(CN(C[C@H]45)C[C@H](N5)CC4)[C@H](C3)NCC(=O)c6cc(O)cc(c67)ccc(F)c7C#C St 1 from C[C@]1(N)[C@@H](C1)N,-9.58,0.5536,8.873
hop_106,C1[C@@H](F)CN(CCC2)[C@]12CO[C@H]([C@H]3C)C[C@@H](N(C[C@H]45)C[C@H](N5)CC4)[C@@H]([N@H+]36)CC[C@H](C6)c7cc(O)cc(c78)ccc(F)c8C#C St 2 from C1CC[C@H](C)[N@H+]([C@@H]12)CCCC2,-4.01,0.4792,6.208
hop_107,C1[C@@H](F)CN(CCC2)[C@]12COC(=O)N(C)C[C@@H]([C@@]3(O)CN(C[C@H]45)C[C@H](N5)CC4)[C@@](C)(NC(=O)C3)Cc6cc(O)cc(c67)ccc(F)c7C#C St 1 from CC1(C)C[C@@](C)(O)CC(=O)N1,-5.56,0.4826,6.589
hop_108,C#Cc1c(F)ccc(c12)cc(O)cc2[C@H](\C(=N\O)C\3=C(C)\CN(C[C@H]45)C[C@H](N5)CC4)[C@H](C)C[C@@H]3C(=O)OC[C@@]67N(C[C@H](F)C6)CCC7 St 1 from CC(C)=C1/C(=N\O)C[C@H](C)CC1,-2.6,0.5503,6.354
hop_109,C1[C@@H](F)CN(CCC2)[C@]12COc(c3C#N)[nH+]c(N(C[C@H]45)C[C@H](N5)CC4)cc3S(=O)(=O)Cc6cc(O)cc(c67)ccc(F)c7C#C St 2 from N#Cc1ccc[nH+]c1,-4.69,0.4078,6.49
hop_110,C1[C@@H](F)CN(CCC2)[C@]12COc(c(C#N)c3N(C[C@H]45)C[C@H](N5)CC4)cc(c36)c(cn6C)Cc7cc(O)cc(c78)ccc(F)c8C#C St 1 from c1cc(C#N)cc(c12)n(C)cc2C,-3.97,0.397,6.935
hop_111,C#Cc1c(F)ccc(c12)cc(O)cc2C(=O)C[C@]3(C)NCC(C)=C([C@H]3N(C[C@H]45)C[C@H](N5)CC4)COC[C@@]67N(C[C@H](F)C6)CCC7 St 1 from N1CC(C)=C(C)CC1(C)C,-6.4,0.2862,6.312
hop_112,C1[C@@H](F)CN(CCC2)[C@]12COC(=O)C[C@H]3[C@@H](OC[C@@H](N3)C(=O)N(C[C@H]45)C[C@H](N5)CC4)Cc6cc(O)cc(c67)ccc(F)c7C#C St 1 from C[C@@H]1[C@@H](C)OCCN1,-6.64,0.4163,8.435
hop_113,C1[C@@H](F)CN(CCC2)[C@]12COC(=O)[n+](c3N(C[C@H]45)C[C@H](N5)CC4)c(C)n(c36)c(cs6)Cc7cc(O)cc(c78)ccc(F)c8C#C St 1 from s1cc(C)n(c12)c(C)[nH+]c2,-2.69,0.3509,6.379
hop_114,C1[C@@H](F)CN(CCC2)[C@]12COc(c3)c[n+](cc3N(C[C@H]45)C[C@H](N5)CC4)S(=O)(=O)Cc6cc(O)cc(c67)ccc(F)c7C#C St 2 from c1cc[nH+]cc1,-6.53,0.6967,8.717
hop_115,C1[C@@H](F)CN(CCC2)[C@]12CO[C@H](C3)C[C@@H](N(C[C@H]45)C[C@H](N5)CC4)[C@@H]([C@H]36)C(=O)C(C)(C)[C@H](C6)c7cc(O)cc(c78)ccc(F)c8C#C St 1 from O=C1C(C)(C)CC[C@H]([C@@H]12)CCCC2,-5.44,0.4685,6.579
hop_116,C#Cc1c(F)ccc(c12)cc(O)cc2[C@@H](CC3(C)C)\C(=N\O)c(c34)cc(N(C[C@H]56)C[C@H](N6)CC5)cc4OC[C@@]78N(C[C@H](F)C7)CCC8 St 1 from CC1(C)CCC(=N\O)\c(c12)cccc2,-3.02,0.5809,9.359
hop_117,C1[C@@H](F)CN(CCC2)[C@]12CO[C@@H](C3)CC(C[C@@H]3N(C[C@H]45)C[C@H](N5)CC4)=C=CC(=O)c6cc(O)cc(c67)ccc(F)c7C#C St 1 from C=C=C1CCCCC1,-6.39,0.6759,9.167
hop_118,C1[C@@H](F)CN(CCC2)[C@]12CO[C@@](C)(c(c34)[nH]nc4C)C[C@@H](C(=O)N(C[C@H]56)C[C@H](N6)CC5)[C@H]3Cc7cc(O)cc(c78)ccc(F)c8C#C St 1 from Cc1n[nH]c(c12)[C@@H](C)CC[C@H]2C,-4.43,0.4304,6.667
hop_119,C1[C@@H](F)CN(CCC2)[C@]12CO[C@@H](C[C@H]3N(C[C@H]45)C[C@H](N5)CC4)C[C@@H]([C@H]36)C[C@@H]([C@H](S6)C)c7cc(O)cc(c78)ccc(F)c8C#C St 1 from C1C[C@@H](C)S[C@H]([C@@H]12)CCCC2,-6.13,0.5036,6.623
hop_120,C1[C@@H](F)CN(CCC2)[C@]12COc(n3C)nc(N(C[C@H]45)C[C@H](N5)CC4)c(c36)nc(n6)NCCc7cc(O)cc(c78)ccc(F)c8C#C St 1 from c1ncn(C)c(c12)nc(n2)N,-7.99,0.5826,8.74
hop_121,C#Cc1c(F)ccc(c12)cc(O)cc2C[C@@H](C[C@H]34)C[C@@H](C3)[C@H](C(=O)[C@@H]4N(C[C@H]56)C[C@H](N6)CC5)OC[C@@]78N(C[C@H](F)C7)CCC8 St 1 from C[C@@H](C1)C[C@@H](C2)CC(=O)C[C@H]12,-6.46,0.6038,6.952
hop_122,C#Cc1c(F)ccc(c12)cc(O)cc2C[C@@]3(C)CCC(=O)C[C@@H](CN(C[C@H]45)C[C@H](N5)CC4)[C@@H]3CNC(=O)OC[C@@]67N(C[C@H](F)C6)CCC7 St 2 from CC1(C)C[C@@H](C)CC(=O)CC1,-3.27,0.4295,6.393
hop_123,C1[C@@H](F)CN(CCC2)[C@]12COC(=O)[C@@H](N(C)C3)[C@H]([C@]34N(C[C@H]56)C[C@H](N6)CC5)[C@H]([NH2+]C4)Cc7cc(O)cc(c78)ccc(F)c8C#C St 1 from C[C@@H]1[NH2+]C[C@@H]([C@@H]12)CN(C)C2,-3.45,0.4237,6.406
hop_124,C1[C@@H](F)CN(CCC2)[C@]12COc3cc(N(C[C@H]45)C[C@H](N5)CC4)c/c(n3C)=N\CC(=O)c6cc(O)cc(c67)ccc(F)c7C#C St 1 from C/N=c1\ccccn1C,-2.47,0.689,8.937
hop_125,C1[C@@H](F)CN(CCC2)[C@]12CO[C@H](C3)C[C@@H](N(C[C@H]45)C[C@H](N5)CC4)C([C@H]36)=NN=C6Cc7cc(O)cc(c78)ccc(F)c8C#C St 1 from N1N=C(C)[C@@H](C=12)CCCC2,-6.64,0.5871,8.958
hop_126,C1[C@@H](F)CN(CCC2)[C@]12COC(=O)[C@@]34[C@](O)(C[C@@H](CC4)N(C[C@H]56)C[C@H](N6)CC5)C[C@@H](C[NH2+]3)c7cc(O)cc(c78)ccc(F)c8C#C St 1 from C1CC[NH2+][C@H]([C@]12O)CCCC2,-4.33,0.5917,6.329
hop_127,C1[C@@H](F)CN(CCC2)[C@]12COCS(=O)(=O)[C@@H]3C(=NN[C@@]34C[C@@H]4N(C[C@H]56)C[C@H](N6)CC5)Cc7cc(O)cc(c78)ccc(F)c8C#C St 1 from N1N=C(C)CC12CC2,-7.74,0.68,8.866
hop_128,C1[C@@H](F)CN(CCC2)[C@]12COc(n3)nc([nH+]c3N(C[C@H]45)C[C@H](N5)CC4)CC(=O)c6cc(O)cc(c67)ccc(F)c7C#C St 1 from c1nc[nH+]cn1,-7.82,0.5991,8.694
hop_129,C#Cc1c(F)ccc(c12)cc(O)cc2C[C@](C)(c(c34)ncnn4)O[C@@]3(CN(C[C@H]56)C[C@H](N6)CC5)CN(C)C(=O)OC[C@@]78N(C[C@H](F)C7)CCC8 St 1 from CC1(C)OC(C)(C)c(c12)nncn2,-3.8,0.4497,6.75
hop_130,C1[C@@H](F)CN(CCC2)[C@]12COC(=O)C[C@@]34N(C[C@H](C4)N(C[C@H]56)C[C@H](N6)CC5)C[C@@H](C3)c7cc(O)cc(c78)ccc(F)c8C#C St 2 from C1CCN(C12C)CCC2,-4.69,0.4942,6.492
hop_131,C1[C@@H](F)CN(CCC2)[C@]12COc(cc(c3C#N)N(C[C@H]45)C[C@H](N5)CC4)c(c36)N(C)C[C@@H](C6)c7cc(O)cc(c78)ccc(F)c8C#C St 1 from N#Cc1cccc(c12)N(C)CCC2,-3.25,0.4651,6.95
hop_132,C1[C@@H](F)CN(CCC2)[C@]12COCS(=O)(=O)[C@@H]([C@H]34)[C@H]([NH3+])[C@@H](N(C[C@H]56)C[C@H](N6)CC5)[C@H](N4C)CC[C@@H]3c7cc(O)cc(c78)ccc(F)c8C#C St 1 from C1CC[C@@H](N2C)C[C@@H]([NH3+])C[C@H]12,-4.21,0.5291,6.673
hop_133,C1[C@@H](F)CN(CCC2)[C@]12COC[C@@H]([C@]34N(C[C@H]56)C[C@H](N6)CC5)C[C@H](C4)[C@@H]([C@H]3C#N)CC(=O)c7cc(O)cc(c78)ccc(F)c8C#C St 2 from N#C[C@@H]([C@@H]12)[C@@H](C)[C@@H](C2)C[C@H]1C,-5.33,0.5181,6.343
hop_134,C1[C@@H](F)CN(CCC2)[C@]12CO[C@@H](C[C@H]3N(C[C@H]45)C[C@H](N5)CC4)CC(=C36)C[C@H](C(=O)C6)c7cc(O)cc(c78)ccc(F)c8C#C St 1 from C1CCCC(=C12)CCC(=O)C2,-2.96,0.4277,6.219
hop_135,C1[C@@H](F)CN(CCC2)[C@]12CO[C@@H](C[C@H]3N(C[C@H]45)C[C@H](N5)CC4)C[C@@H]([C@H]36)[C@@H](O)[C@@H]([C@H](S6)C)c7cc(O)cc(c78)ccc(F)c8C#C St 1 from O[C@H]1C[C@@H](C)S[C@H]([C@@H]12)CCCC2,-5.2,0.6482,9.45
hop_136,C1[C@@H](F)CN(CCC2)[C@]12COC(=O)[C@@H]([C@@H]34)C[C@H](N3)CN(C[C@@H]4N(C[C@H]56)C[C@H](N6)CC5)CC(=O)c7cc(O)cc(c78)ccc(F)c8C#C St 1 from C1CN(C)C[C@H](N2)CC[C@@H]12,-6.07,0.4378,6.541
hop_137,C#Cc1c(F)ccc(c12)cc(O)cc2[C@@H](S3(=O)=O)CN[C@@H](CN(C[C@H]45)C[C@H](N5)CC4)[C@@H]3N(C)C(=O)OC[C@@]67N(C[C@H](F)C6)CCC7 St 1 from O=S1(=O)C[C@@H](C)NCC1,-5.03,0.3842,6.207
hop_138,C1[C@@H](F)CN(CCC2)[C@]12CO[C@H]([C@@]3(C)O)[C@H](CC(=O)N(C[C@H]45)C[C@H](N5)CC4)[C@@H]([C@]3([NH3+])C)Cc6cc(O)cc(c67)ccc(F)c7C#C St 1 from C[C@]1([NH3+])[C@](C)(O)CC[C@@H]1C,-4.32,0.6134,6.607
hop_139,C1[C@@H](F)CN(CCC2)[C@]12COC(=O)[C@H]3[N@H+](C)C[C@@](CNC4)([C@]34C(=O)N(C[C@H]56)C[C@H](N6)CC5)Cc7cc(O)cc(c78)ccc(F)c8C#C St 1 from C1NC[C@@H]([C@@]12C)C[N@@H+](C)C2,-5.18,0.4084,6.399
hop_140,C1[C@@H](F)CN(CCC2)[C@]12CO[C@H]3[C@@H](C[NH2+]4)[C@@H](C(=O)N(C[C@H]56)C[C@H](N6)CC5)[C@](C)(C[C@H]34)Cc7cc(O)cc(c78)ccc(F)c8C#C St 1 from CC(C)(C1)C[C@@H](C[C@@H]12)[NH2+]C2,-4.9,0.5684,6.445
hop_141,C1[C@@H](F)CN(CCC2)[C@]12COc(c(C)c(c3=O)N(C[C@H]45)C[C@H](N5)CC4)nn3S(=O)(=O)Cc6cc(O)cc(c67)ccc(F)c7C#C St 1 from Cc1cc(=O)[nH]nc1,-7.57,0.6531,8.784
hop_142,C1[C@@H](F)CN(CCC2)[C@]12COC(=O)[C@@](N)([C@H]3N(C[C@H]45)C[C@H](N5)CC4)[C@H]([C@H]36)N[C@H](C6)C(=O)c7cc(O)cc(c78)ccc(F)c8C#C St 2 from N1CC[C@@H]([C@@H]12)C[C@@H]2N,-3.76,0.4348,6.027
hop_143,C1[C@@H](F)CN(CCC2)[C@]12CO[C@H](C3)[C@@H](C(=O)[C@H](C)[C@@H]34)[C@@H](C(=O)N(C[C@H]56)C[C@H](N6)CC5)[C@@]4(C)Cc7cc(O)cc(c78)ccc(F)c8C#C St 1 from CC(C)([C@@H]12)C[C@@H](CC2)C(=O)[C@@H]1C,-2.74,0.5357,6.455
hop_144,C1[C@@H](F)CN(CCC2)[C@]12COC[C@]3(C)N(CC(=O)N(C[C@H]45)C[C@H](N5)CC4)[C@](C)([C@@H]([NH3+])C3)Cc6cc(O)cc(c67)ccc(F)c7C#C St 1 from CC1(C)[C@H]([NH3+])CC(C)(C)N1,-4.75,0.4622,6.171
hop_145,C#Cc1c(F)ccc(c12)cc(O)cc2[C@]34CNC[C@H](C3)[C@H]5N(C4)C(=O)[C@H](N(C[C@H]67)C[C@H](N7)CC6)C[C@@H]5OC[C@@]89N(C[C@H](F)C8)CCC9 St 1 from C1CCC(=O)N([C@H]1[C@H]23)C[C@@H](C2)CNC3,8.65,0.4211,6.636
hop_146,C1[C@@H](F)CN(CCC2)[C@]12CO[C@@H]([C@@H]3[NH3+])CC[C@H]([C@@H]3N(C[C@H]45)C[C@H](N5)CC4)NC(=O)c6cc(O)cc(c67)ccc(F)c7C#C St 1 from N[C@@H]1C[C@H]([NH3+])CCC1,-4.9,0.5716,6.587
hop_147,C1[C@@H](F)CN(CCC2)[C@]12COc(c(Cl)c(n3)N(C[C@H]45)C[C@H](N5)CC4)c(c36)NC(=O)[C@H](O6)C(=O)c7cc(O)cc(c78)ccc(F)c8C#C St 1 from N1C(=O)COc(c12)ncc(Cl)c2,-3.07,0.4543,6.716
hop_148,C#Cc1c(F)ccc(c12)cc(O)cc2[C@@H](C(=O)N3C)[C@@H](C)[N@@H+](C)c(c34)c(N(C[C@H]56)C[C@H](N6)CC5)cc(c4)OC[C@@]78N(C[C@H](F)C7)CCC8 St 1 from CN1C(=O)C[C@@H](C)[N@@H+](C)c(c12)cccc2,2.92,0.407,8.875
hop_149,C1[C@@H](F)CN(CCC2)[C@]12CO[C@@H](C[C@H]3N(C[C@H]45)C[C@H](N5)CC4)C[C@@H]([C@H]36)C(=O)[C@@H]([C@@H](S6)C)c7cc(O)cc(c78)ccc(F)c8C#C St 1 from O=C1C[C@H](C)S[C@H]([C@@H]12)CCCC2,-2.85,0.5649,6.737
hop_150,C1[C@@H](F)CN(CCC2)[C@]12CO[C@H]3[C@@H](CC[C@@H]34)C(C(=O)N(C[C@H]56)C[C@H](N6)CC5)=C4CC(=O)c7cc(O)cc(c78)ccc(F)c8C#C St 1 from CC([C@H]12)=C[C@@H](C1)CC2,-5.74,0.6204,6.748
hop_151,C1[C@@H](F)CN(CCC2)[C@]12COc(n3)cc(C(=O)N(C[C@H]45)C[C@H](N5)CC4)n(c36)c(cn6)[NH2+]C(=O)c7cc(O)cc(c78)ccc(F)c8C#C St 1 from n1cc([NH3+])n(c12)cccn2,-5.17,0.5775,8.884
hop_152,C1[C@@H](F)CN(CCC2)[C@]12COC(=O)C[C@H]([C@H](CCC3)N(C[C@H]45)C[C@H](N5)CC4)CC[C@@H]3c6cc(O)cc(c67)ccc(F)c7C#C St 1 from C1CCCCCCC1,-7.75,0.579,8.96
hop_153,C1[C@@H](F)CN(CCC2)[C@]12CO[C@H]([C@]3(C)C#N)C[C@@H](N(C[C@H]45)C[C@H](N5)CC4)[C@@H]([N@H+]36)CC[C@H](C6)c7cc(O)cc(c78)ccc(F)c8C#C St 1 from C1CC[C@](C#N)(C)[N@H+]([C@@H]12)CCCC2,-2.51,0.4044,6.421
hop_154,C1[C@@H](F)CN(CCC2)[C@]12CO[C@@H](C[C@]34N(C[C@H]56)C[C@H](N6)CC5)C(=O)[C@@](NC3=O)(C4(C)C)CC(=O)c7cc(O)cc(c78)ccc(F)c8C#C St 2 from C[C@]12C(C)(C)[C@@H](C(=O)N2)CCC1=O,-6.03,0.4512,6.37
hop_155,C1[C@@H](F)CN(CCC2)[C@]12COC(=O)[n+](c3N(C[C@H]45)C[C@H](N5)CC4)c(=O)cc(s3)CC(=O)c6cc(O)cc(c67)ccc(F)c7C#C St 1 from Cc1cc(=O)[nH+]cs1,-8.02,0.6358,8.879
hop_156,C1[C@@H](F)CN(CCC2)[C@]12CO[C@H]3[C@](C)(C(=O)N(C[C@H]45)C[C@H](N5)CC4)ON(CCCC6)[C@]36\C=C\Cc7cc(O)cc(c78)ccc(F)c8C#C St 1 from C[C@@H](C1)ON([C@@H]12)CCCC2,-5.96,0.3839,6.609
hop_157,C1[C@@H](F)CN(CCC2)[C@]12CO[C@@](C3=O)(CCC4)[C@@H](C)[C@H]([C@H]5[C@@]34N(C[C@H]67)C[C@H](N7)CC6)C[C@H](CC5)c8cc(O)cc(c89)ccc(F)c9C#C St 1 from C1CCC[C@H]([C@@H]2C)[C@H]1[C@@H](C(=O)[C@@H]23)CCC3,-3.2,0.5147,6.661
hop_158,C1[C@@H](F)CN(CCC2)[C@]12CO[C@H](C3)C[C@@H](N(C[C@H]45)C[C@H](N5)CC4)[C@@H]([C@H]36)S(=O)(=O)[C@H](C)[C@H](C6=O)c7cc(O)cc(c78)ccc(F)c8C#C St 1 from O=C1C[C@@H](C)S(=O)(=O)[C@H]([C@@H]12)CCCC2,-1.58,0.4949,6.487
hop_159,C1[C@@H](F)CN(CCC2)[C@]12CO[C@@](C3=O)(CCC4)[C@@H](C)[C@H]([C@@]5(O)[C@@]34N(C[C@H]67)C[C@H](N7)CC6)C[C@H](CC5)c8cc(O)cc(c89)ccc(F)c9C#C St 1 from O[C@@]12[C@H]3C(=O)[C@H](CCC3)[C@@H](C)[C@H]1CCCC2,-5.05,0.4569,6.576
hop_160,C1[C@@H](F)CN(CCC2)[C@]12CO[C@H]([C@@H](C3)C)[C@@H](N[C@@H]34)[C@@H](N(C[C@H]56)C[C@H](N6)CC5)C[C@@H]4C(=O)Cc7cc(O)cc(c78)ccc(F)c8C#C St 1 from [C@@H]12C[C@H](C)C[C@H](N2)CCC1,-6.5,0.4271,6.662
hop_161,C1[C@@H](F)CN(CCC2)[C@]12COC(=O)[C@H]([C@H]([C@H]34)N=NN3)[C@H](N(C[C@H]56)C[C@H](N6)CC5)CC[C@H]4C(=O)c7cc(O)cc(c78)ccc(F)c8C#C St 1 from N1=NN[C@@H]([C@H]12)CCCCC2,-3.24,0.3942,6.477
hop_162,C1[C@@H](F)CN(CCC2)[C@]12COc3[nH+]c(N(C[C@H]45)C[C@H](N5)CC4)n(c36)c(c(s6)C)Cc7cc(O)cc(c78)ccc(F)c8C#C St 1 from Cc(s1)c(C)n(c12)c[nH+]c2,-3.34,0.457,6.767
hop_163,C1[C@@H](F)CN(CCC2)[C@]12CO[C@@H](C[C@H]([C@@H]([C@@]345)COC3)N(C[C@H]67)C[C@H](N7)CC6)[C@H]5C(C)(C)C(=O)[C@H](C4)c8cc(O)cc(c89)ccc(F)c9C#C St 4 from C1CC(=O)C(C)(C)[C@H]2CCC[C@H]([C@]123)COC3,8.03,0.5355,9.178
hop_164,C#Cc1c(F)ccc(c12)cc(O)cc2C(=O)[C@H](N(C)C3=O)Cc(n34)c(N(C[C@H]56)C[C@H](N6)CC5)nc4OC[C@@]78N(C[C@H](F)C7)CCC8 St 1 from C1CN(C)C(=O)n(c12)cnc2,-5.43,0.4374,6.532
hop_165,C1[C@@H](F)CN(CCC2)[C@]12COc3cc(N(C[C@H]45)C[C@H](N5)CC4)cc(c36)n([nH+]c6N)CC(=O)c7cc(O)cc(c78)ccc(F)c8C#C St 1 from Nc1[nH+]n(C)c(c12)cccc2,-4.8,0.4088,6.686
hop_166,C1[C@@H](F)CN(CCC2)[C@]12COC(=O)OC([C@H](C3)N(C[C@H]45)C[C@H](N5)CC4)=Nc(c36)[nH]c([nH+]6)-c7cc(O)cc(c78)ccc(F)c8C#C St 1 from [nH+]1c[nH]c(c12)N=C(O)CC2,-12.09,0.634,8.793
hop_167,C1[C@@H](F)CN(CCC2)[C@]12COC(=O)[C@@H]([C@@H](c(c34)[nH]nc3)N(C[C@H]56)C[C@H](N6)CC5)[N@@H+](C)C[C@H]4c7cc(O)cc(c78)ccc(F)c8C#C St 1 from C1C[N@@H+](C)CCc(c12)[nH]nc2,-5.04,0.4444,6.484
hop_168,C#Cc1c(F)ccc(c12)cc(O)cc2[C@@H](CNC[C@H]3CN(C[C@H]45)C[C@H](N5)CC4)C[N@@H+]3CC(=O)OC[C@@]67N(C[C@H](F)C6)CCC7 St 1 from C[C@@H]1CNCCC[NH2+]1,-6.59,0.5071,8.746
hop_169,C1[C@@H](F)CN(CCC2)[C@]12COc3cc(N(C[C@H]45)C[C@H](N5)CC4)c(c(c36)[nH]c(=O)/c(=N\O)nc6)NS(=O)(=O)Cc7cc(O)cc(c78)ccc(F)c8C#C St 1 from c1cccc(c12)[nH]c(=O)/c(=N\O)nc2,-5.49,0.3591,6.762
hop_170,C1[C@@H](F)CN(CCC2)[C@]12COc(c3[O-])ccc(N(C[C@H]45)C[C@H](N5)CC4)c(=O)c3S(=O)(=O)Cc6cc(O)cc(c67)ccc(F)c7C#C St 1 from [O-]c1cc(=O)cccc1,-4.54,0.4907,6.54
hop_171,C1[C@@H](F)CN(CCC2)[C@]12CO[C@H](S3(=O)=O)C[N@H+](C(=O)N(C[C@H]45)C[C@H](N5)CC4)[C@@H]([C@H]3C)Cc6cc(O)cc(c67)ccc(F)c7C#C St 1 from O=S1(=O)[C@H](C)[C@@H](C)[NH2+]CC1,-6.23,0.4196,6.546
hop_172,C#Cc1c(F)ccc(c12)cc(O)cc2CC(=C3C)[C@H](O)CC[C@]3(CN(C[C@H]45)C[C@H](N5)CC4)CN(C)C(=O)OC[C@@]67N(C[C@H](F)C6)CCC7 St 2 from CC1(C)C(C)=C(C)[C@H](O)CC1,-3.89,0.505,6.423
hop_173,C1[C@@H](F)CN(CCC2)[C@]12COc(cc(c3)N(C[C@H]45)C[C@H](N5)CC4)c(c36)N(C)C[C@@H]([C@H]6C#N)c7cc(O)cc(c78)ccc(F)c8C#C St 1 from N#C[C@@H]1CCN(C)c(c12)cccc2,-3.26,0.489,6.987
hop_174,C#Cc1c(F)ccc(c12)cc(O)cc2C(=O)[C@](C)([C@H](O)C[C@H]3N(C[C@H]45)C[C@H](N5)CC4)[C@H]([C@@H]36)CO[C@H]6C(=O)OC[C@@]78N(C[C@H](F)C7)CCC8 St 1 from C[C@@H]1[C@@H](O)CC[C@@H]([C@H]12)COC2,-3.36,0.5158,5.934
hop_175,C#Cc1c(F)ccc(c12)cc(O)cc2Cc([nH]3)[nH+]c(c34)ncc(c4N(C[C@H]56)C[C@H](N6)CC5)C(=O)OC[C@@]78N(C[C@H](F)C7)CCC8 St 1 from Cc([nH]1)[nH+]c(c12)nccc2,-9.47,0.5353,8.974
hop_176,C1[C@@H](F)CN(CCC2)[C@]12COC(=O)n(c([nH+]3)N(C[C@H]45)C[C@H](N5)CC4)c(CCN6)c3[C@]67CN(C)C(=O)C[C@@H]7c8cc(O)cc(c89)ccc(F)c9C#C St 1 from CN(C1)C(=O)CC[C@]12c3c(CCN2)[nH]c[nH+]3,-5.11,0.6013,6.661
hop_177,C1[C@@H](F)CN(CCC2)[C@]12COC[C@H]([C@]34N(C[C@H]56)C[C@H](N6)CC5)C(C)(C)[C@@H](C3)[C@@](O)(C4)C(=O)c7cc(O)cc(c78)ccc(F)c8C#C St 1 from CC(C)([C@@H]12)[C@@H](C)[C@@H](C2)C[C@H]1O,-4.42,0.4158,6.416
hop_178,C1[C@@H](F)CN(CCC2)[C@]12COC(=O)CCc(o3)[n+](cc3N(C[C@H]45)C[C@H](N5)CC4)CCc6cc(O)cc(c67)ccc(F)c7C#C St 1 from Cc1[nH+]cco1,-5.76,0.6856,8.735
hop_179,C1[C@@H](F)CN(CCC2)[C@]12COc(c3)cc(N(C[C@H]45)C[C@H](N5)CC4)c(c36)O[C@H](C#N)[C@@H](N6)C(=O)c7cc(O)cc(c78)ccc(F)c8C#C St 1 from N#C[C@@H](CN1)Oc(c12)cccc2,-4.17,0.2814,6.412
hop_180,C1[C@@H](F)CN(CCC2)[C@]12CO[C@@H]3CNC[C@H](C[C@@H](C3)N(C[C@H]45)C[C@H](N5)CC4)C(=O)c6cc(O)cc(c67)ccc(F)c7C#C St 1 from C1CCCNCCC1,-4.46,0.4361,5.979
hop_181,C#Cc1c(F)ccc(c12)cc(O)cc2C[C@H]([C@H](O)[C@H]([C@@H]34)N(C[C@H]56)C[C@H](N6)CC5)[C@@H](N4C)C[C@H]3OC[C@@]78N(C[C@H](F)C7)CCC8 St 1 from C[C@H]1[C@@H](O)C[C@@H](N2C)CC[C@H]12,-5.38,0.5015,6.642
hop_182,C1[C@@H](F)CN(CCC2)[C@]12COC[C@@H](n(c34)[nH]c(=O)c4)[C@@](C)(C(=O)N(C[C@H]56)C[C@H](N6)CC5)[C@H](N3)Cc7cc(O)cc(c78)ccc(F)c8C#C St 1 from C[C@@H](N1)[C@@H](C)[C@@H](C)n(c12)[nH]c(=O)c2,-5.39,0.3458,6.272
hop_183,C#Cc1c(F)ccc(c12)cc(O)cc2C(=O)[N@@+]3(C)CCC(=O)Nc(c34)c(c(F)c(c4)N(C[C@H]56)C[C@H](N6)CC5)OC[C@@]78N(C[C@H](F)C7)CCC8 St 1 from N1C(=O)CC[N@@H+](C)c(c12)ccc(F)c2,-3.91,0.4518,6.708
hop_184,C1[C@@H](F)CN(CCC2)[C@]12COc(c3C(=O)C4C)cc(N(C[C@H]56)C[C@H](N6)CC5)c(c3C=47)CC[C@H]7c8cc(O)cc(c89)ccc(F)c9C#C St 1 from O=C1C(C)=C2CCCc3cccc1c23,-4.15,0.5162,6.743
hop_185,C1[C@@H](F)CN(CCC2)[C@]12COc(cc3N(C[C@H]45)C[C@H](N5)CC4)cc6c3[C@H](C(=O)C7)c(cccc8)c8[C@@]67Cc9cc(O)cc(c19)ccc(F)c1C#C St 1 from c1cccc(c1[C@]23C)[C@H](C(=O)C3)c4c2cccc4,-5.55,0.4343,6.871
hop_186,C1[C@@H](F)CN(CCC2)[C@]12COc(s3)cc(c3N(C[C@H]45)C[C@H](N5)CC4)C#CCc6cc(O)cc(c67)ccc(F)c7C#C St 1 from C#Cc1ccsc1,-7.97,0.7059,8.999
hop_187,C1[C@@H](F)CN(CCC2)[C@]12CO[C@@H](C[C@H]([C@@H]34)N(C[C@H]56)C[C@H](N6)CC5)[C@@H]([NH2+]3)CC[C@@H](CC4)c7cc(O)cc(c78)ccc(F)c8C#C St 1 from [C@H]12CCC[C@H]([NH2+]2)CCCCC1,-1.87,0.48,6.531
hop_188,C1[C@@H](F)CN(CCC2)[C@]12CO[C@H]([C@H]3O)[C@@]34C[C@@]4(CC(=O)N(C[C@H]56)C[C@H](N6)CC5)CC(=O)c7cc(O)cc(c78)ccc(F)c8C#C St 1 from CC(C)(C1)[C@]12[C@H](C2)O,-6.1,0.5767,6.42
hop_189,C1[C@@H](F)CN(CCC2)[C@]12COC(=O)[C@H]([C@H]([C@@]34COCC3)N(C[C@H]56)C[C@H](N6)CC5)NC[C@@H]4N(C)C(=O)c7cc(O)cc(c78)ccc(F)c8C#C St 1 from C1OCCC12CCNCC2,-0.6,0.4699,9.009
hop_190,C#Cc1c(F)ccc(c12)cc(O)cc2C[C@H]([C@H](O)[C@H]([C@H]34)N(C[C@H]56)C[C@H](N6)CC5)[C@@H]([N@@H+]3C)C[C@H]4OC[C@@]78N(C[C@H](F)C7)CCC8 St 1 from C[C@H]1[C@@H](O)C[C@@H]([N@@H+]2C)CC[C@H]12,-6.46,0.4158,6.509
hop_191,C#Cc1c(F)ccc(c12)cc(O)cc2C(=O)C[N@@H+]3CC[C@H]([C@H]34)C(=O)[C@H](C[C@H](C4)N(C[C@H]56)C[C@H](N6)CC5)OC[C@@]78N(C[C@H](F)C7)CCC8 St 1 from C1C[N@@H+](C)[C@@H]([C@@H]12)CCCCC2=O,-5.16,0.2947,6.198
hop_192,C1[C@@H](F)CN(CCC2)[C@]12COc(n3)nn(C(=O)N(C[C@H]45)C[C@H](N5)CC4)[n+]3S(=O)(=O)Cc6cc(O)cc(c67)ccc(F)c7C#C St 1 from c1n[nH][nH+]n1,-7.34,0.5949,8.864
hop_193,C1[C@@H](F)CN(CCC2)[C@]12CO[C@H]([C@H]([C@]345)COC3)C[C@@H](N(C[C@H]67)C[C@H](N7)CC6)[C@@H]5C(C)(C)C(=O)[C@@H](C4)c8cc(O)cc(c89)ccc(F)c9C#C St 1 from C1CC(=O)C(C)(C)[C@H]2CCC[C@H]([C@]123)COC3,-0.02,0.499,6.735
hop_194,C#Cc1c(F)ccc(c12)cc(O)cc2C[C@H]([C@H](O)[C@H]([C@H]34)N(C[C@H]56)C[C@H](N6)CC5)[C@@H](N3)C[C@H]4OC[C@@]78N(C[C@H](F)C7)CCC8 St 1 from C[C@H]1[C@@H](O)C[C@@H](N2)CC[C@H]12,-6.03,0.4803,6.569
hop_195,C1[C@@H](F)CN(CCC2)[C@]12CO[C@@H](C[C@H]3N(C[C@H]45)C[C@H](N5)CC4)C[C@H]([C@@H]36)C(=N/O)\[C@H](CN6)c7cc(O)cc(c78)ccc(F)c8C#C St 1 from O/N=C\1CCN[C@@H]([C@H]12)CCCC2,-4.75,0.5966,6.832
hop_196,C1C[C@@H](N2)CN(C[C@H]12)C(=O)[C@@H]3NCCN(C[C@H]3OC[C@@]45N(C[C@H](F)C4)CCC5)CC(=O)c6cc(O)cc(c67)ccc(F)c7C#C St 1 from CN1CCCNCC1,-3.81,0.3412,5.787
hop_197,C#Cc1c(F)ccc(c12)cc(O)cc2C(=O)[C@@H]([NH2+]C3)CN([C@@H]34)CC[C@H](C[C@H]4N(C[C@H]56)C[C@H](N6)CC5)OC[C@@]78N(C[C@H](F)C7)CCC8 St 2 from C1[NH2+]CCN([C@@H]12)CCCCC2,-3.37,0.4422,6.039
hop_198,C1[C@@H](F)CN(CCC2)[C@]12COCc3cc(=O)n(cc3N(C[C@H]45)C[C@H](N5)CC4)NC(=O)c6cc(O)cc(c67)ccc(F)c7C#C St 1 from Cc1cc(=O)n(N)cc1,-6.58,0.4572,6.401
hop_199,C1[C@@H](F)CN(CCC2)[C@]12COC(=O)C[C@@](OC3(C)C)([C@@](C)(OC4=O)CN(C[C@H]56)C[C@H](N6)CC5)CC[C@@]34c7cc(O)cc(c78)ccc(F)c8C#C St 1 from CC1(C)OC(=O)[C@@H](C(O2)(C)C)CC[C@]12C,-4.35,0.5986,8.887
hop_200,C#Cc1c(F)ccc(c12)cc(O)cc2Cc(cn3C)c(c34)c(C#N)c(cc4N(C[C@H]56)C[C@H](N6)CC5)OC[C@@]78N(C[C@H](F)C7)CCC8 St 1 from N#Cc1cccc(c12)n(C)cc2C,-4.96,0.4911,6.933
hop_201,C1[C@@H](F)CN(CCC2)[C@]12CO[C@H](C3)C[C@@H](N(C[C@H]45)C[C@H](N5)CC4)[C@@H]([C@H]36)C[C@H]([NH3+])[C@H](C6)c7cc(O)cc(c78)ccc(F)c8C#C St 1 from C1CCC[C@@H]([C@H]12)CC[C@H](C2)[NH3+],-5.76,0.5906,9.17
hop_202,C#Cc1c(F)ccc(c12)cc(O)cc2Cc(n3)[nH]c(c34)cc(C#N)c(c4N(C[C@H]56)C[C@H](N6)CC5)C(=O)OC[C@@]78N(C[C@H](F)C7)CCC8 St 1 from c1cc(C#N)cc(c12)[nH]c(n2)C,-3.63,0.4609,6.951
hop_203,C1[C@@H](F)CN(CCC2)[C@]12CO[C@@](C3)(C(=O)C4)C[C@@H](C5)[C@@H]([C@H]4[C@]35N(C[C@H]67)C[C@H](N7)CC6)C(=O)c8cc(O)cc(c89)ccc(F)c9C#C St 2 from [C@H]12[C@@H]3C[C@H](C1)C[C@@H](C3)C(=O)C2,-5.54,0.5776,6.69
hop_204,C1[C@@H](F)CN(CCC2)[C@]12COc([nH+]3)nc(N(C[C@H]45)C[C@H](N5)CC4)c(c36)[nH]nc6Cc7cc(O)cc(c78)ccc(F)c8C#C St 1 from Cc1n[nH]c(c12)cnc[nH+]2,-7.08,0.3861,8.668
hop_205,C1[C@@H](F)CN(CCC2)[C@]12COC(=O)C/C(C(=O)N(C[C@H]34)C[C@H](N4)CC3)=C(/C5)SC[C@H]5c6cc(O)cc(c67)ccc(F)c7C#C St 1 from C/C=C1/CCCS1,-3.6,0.4516,6.46
hop_206,C1[C@@H](F)CN(CCC2)[C@]12COC[C@@]34[C@@H](O)C[C@H](C4)[C@H]([C@@H]3N(C)C(=O)N(C[C@H]56)C[C@H](N6)CC5)c7cc(O)cc(c78)ccc(F)c8C#C St 1 from C[C@@]12[C@H](O)C[C@@H](C1)CC2,-3.92,0.5802,6.341
hop_207,C1[C@@H](F)CN(CCC2)[C@]12COc(cc3N(C[C@H]45)C[C@H](N5)CC4)[nH+]c(c3C#N)CCc6cc(O)cc(c67)ccc(F)c7C#C St 1 from N#Cc1ccc[nH+]c1,-6.67,0.6551,9.218
hop_208,C#Cc1c(F)ccc(c12)cc(O)cc2CC3=C(N)CC(=C34)[C@H](N(C[C@H]56)C[C@H](N6)CC5)C[C@@H](C4)OC[C@@]78N(C[C@H](F)C7)CCC8 St 1 from CC1=C(N)CC(=C12)CCCC2,-9.09,0.4546,8.974
hop_209,C1[C@@H](F)CN(CCC2)[C@]12COCS(=O)(=O)N[C@@H](C([C@@H]34)=C(NC(=O)N3)CN(C[C@H]56)C[C@H](N6)CC5)CC[C@H]4c7cc(O)cc(c78)ccc(F)c8C#C St 3 from CC=1NC(=O)N[C@@H](C12)CCCC2,-3.87,0.4313,6.672
hop_210,C1[C@@H](F)CN(CCC2)[C@]12COc(cc3N(C[C@H]45)C[C@H](N5)CC4)cc(c36)N([C@H](C)CC(=N6)O)C(=O)c7cc(O)cc(c78)ccc(F)c8C#C St 1 from N1=C(O)C[C@@H](C)Nc(c12)cccc2,-2.91,0.4806,6.857
hop_211,C1[C@@H](F)CN(CCC2)[C@]12CO[C@@H](C[C@H]3N(C[C@H]45)C[C@H](N5)CC4)C[C@H]([C@@H]36)C(=N/O)\[C@H](CN6C)c7cc(O)cc(c78)ccc(F)c8C#C St 1 from O/N=C\1CCN(C)[C@@H]([C@H]12)CCCC2,-2.07,0.388,6.357
hop_212,C1C[C@@H](N2)CN(C[C@H]12)CC3=C(C)[C@H](O)CC[C@@]3(CS(=O)(=O)COC[C@@]45N(C[C@H](F)C4)CCC5)Cc6cc(O)cc(c67)ccc(F)c7C#C St 1 from CC1(C)C(C)=C(C)[C@H](O)CC1,-6.31,0.5651,6.892
hop_213,C#Cc1c(F)ccc(c12)cc(O)cc2[C@@H](CC3)CN([C@@H]3[C@]45N(C[C@H]67)C[C@H](N7)CC6)C[C@](C5)(C[NH2+]C4)OC[C@@]89N(C[C@H](F)C8)CCC9 St 1 from C1CCCN([C@H]1[C@H]23)C[C@@H](C2)C[NH2+]C3,-4.49,0.3981,6.679
hop_214,C1[C@@H](F)CN(CCC2)[C@]12COc(c3C)cc(N(C[C@H]45)C[C@H](N5)CC4)c(c36)CN(C)[C@@H](C6)CC(=O)c7cc(O)cc(c78)ccc(F)c8C#C St 1 from Cc1cccc(c12)CN(C)[C@@H](C)C2,-6.54,0.4511,6.785
hop_215,C1[C@@H](F)CN(CCC2)[C@]12CO[C@H]3[C@H](C(=O)N(C[C@H]45)C[C@H](N5)CC4)[NH2+]C[C@@H]([C@@]36O)C[C@H](CC6)c7cc(O)cc(c78)ccc(F)c8C#C St 1 from C1C[NH2+]C[C@@H]([C@@]12O)CCCC2,-3.32,0.5437,6.405
hop_216,C1[C@@H](F)CN(CCC2)[C@]12COCC(=C(CO3)C)[C@@H](N(C[C@H]45)C[C@H](N5)CC4)[C@]3(C)CC(=O)c6cc(O)cc(c67)ccc(F)c7C#C St 1 from O1CC(C)=C(C)CC1(C)C,-3.5,0.5333,6.535
hop_217,C1[C@@H](F)CN(CCC2)[C@]12COC(=O)c3c(N(C[C@H]45)C[C@H](N5)CC4)c([nH]/c(c3C#N)=N\C)CS(=O)(=O)Cc6cc(O)cc(c67)ccc(F)c7C#C St 1 from N#Cc1/c(=N/C)[nH]c(C)cc1,-6.3,0.5215,6.797
hop_218,C1C[C@@H](N2)CN(C[C@H]12)C(=O)[N@@+]3(C)[C@H](C)[C@H](OC[C@@]45N(C[C@H](F)C4)CCC5)C(=O)C[C@H]3Cc6cc(O)cc(c67)ccc(F)c7C#C St 1 from O=C1C[C@@H](C)[N@H+](C)[C@H](C)C1,-5.93,0.5999,6.667
hop_219,C1[C@@H](F)CN(CCC2)[C@]12COc3nn(C(=O)N(C[C@H]45)C[C@H](N5)CC4)c(=O)n3NS(=O)(=O)Cc6cc(O)cc(c67)ccc(F)c7C#C St 1 from O=c1n(N)cn[nH]1,-5.05,0.4014,6.521
hop_220,C#Cc1c(F)ccc(c12)cc(O)cc2C[C@@H]3N(CCC(=O)N(C[C@H]45)C[C@H](N5)CC4)[C@@H](COC3=O)CNC(=O)OC[C@@]67N(C[C@H](F)C6)CCC7 St 1 from O=C1[C@@H](C)N(C)CCO1,-6.67,0.5003,7.23
hop_221,C1[C@@H](F)CN(CCC2)[C@]12COC(=O)[C@@]34[C@@](CCCN4C)(CN(C[C@H]56)C[C@H](N6)CC5)c7c(c(=O)nc([nH]7)C)[C@@H](C3)c8cc(O)cc(c89)ccc(F)c9C#C St 1 from Cc([nH]1)nc(=O)c(c1[C@@]23C)CC[C@H]2N(C)CCC3,-3.48,0.466,6.94
hop_222,C1[C@@H](F)CN(CCC2)[C@]12CO[C@]34C5=C(N=NC5)[C@@](C4(C)C)([C@@H](C3)N(C[C@H]67)C[C@H](N7)CC6)CC(=O)c8cc(O)cc(c89)ccc(F)c9C#C St 2 from CC1(C)[C@H](CC2)C(CN=N3)=C3[C@@]12C,-5.89,0.5711,6.903
hop_223,C#Cc1c(F)ccc(c12)cc(O)cc2[C@@H]([C@H](CCCC3)[C@@]34C(=O)N(C[C@H]56)C[C@H](N6)CC5)C[C@H]([NH3+])[C@H]4C(=O)OC[C@@]78N(C[C@H](F)C7)CCC8 St 2 from C1CCC[C@@H]([C@H]12)CC[C@H](C2)[NH3+],-2.88,0.4368,6.311
hop_224,C1[C@@H](F)CN(CCC2)[C@]12CO[C@@H](S(=O)(=O)[C@H]3N(C[C@H]45)C[C@H](N5)CC4)Cc(c36)c(c(s6)N)Cc7cc(O)cc(c78)ccc(F)c8C#C St 1 from Cc1c(N)sc(c12)CS(=O)(=O)CC2,-4.41,0.4004,6.54
hop_225,C1[C@@H](F)CN(CCC2)[C@]12COc(cc3N(C[C@H]45)C[C@H](N5)CC4)cc6c3C(=O)[C@H](N(C)C(=O)N7C)[C@@]67C(=O)c8cc(O)cc(c89)ccc(F)c9C#C St 1 from CN1C(=O)N(C)[C@H](C2=O)[C@@H]1c(c23)cccc3,-5.39,0.5853,6.803
hop_226,C#Cc1c(F)ccc(c12)cc(O)cc2C(=O)C/N=C(\C[C@@H]3N(C[C@H]45)C[C@H](N5)CC4)C(C)=C3C(=O)OC[C@@]67N(C[C@H](F)C6)CCC7 St 1 from CC1=CCCC\1=N/C,-9.39,0.6697,9.161
hop_227,C#Cc1c(F)ccc(c12)cc(O)cc2Cc(nc3CN(C[C@H]45)C[C@H](N5)CC4)c[nH+]c3OC[C@@]67N(C[C@H](F)C6)CCC7 St 1 from Cc1c[nH+]cc(n1)C,-10.02,0.7867,9.267
hop_228,C#Cc1c(F)ccc(c12)cc(O)cc2C[C@@H](CS3(=O)=O)[C@@](C)([C@H]3N(C[C@H]45)C[C@H](N5)CC4)OC(=O)OC[C@@]67N(C[C@H](F)C6)CCC7 St 1 from C[C@@]1(O)[C@H](C)CS(=O)(=O)C1,-5.24,0.3888,6.114
hop_229,C1[C@@H](F)CN(CCC2)[C@]12COc(c3C)cc(N(C[C@H]45)C[C@H](N5)CC4)c(c36)NC[C@@H]([NH2+]6)CC(=O)c7cc(O)cc(c78)ccc(F)c8C#C St 1 from Cc1cccc(c12)NC[C@@H](C)[NH2+]2,-5.55,0.4362,6.659
hop_230,C1[C@@H](F)CN(CCC2)[C@]12COC(=O)[C@H]([C@H](C)[N@@+]3(C)C(=O)N(C[C@H]45)C[C@H](N5)CC4)N(C)C[C@H](C3)c6cc(O)cc(c67)ccc(F)c7C#C St 2 from C[C@@H]1CN(C)CCC[N@@H+]1C,-3.21,0.389,6.062
hop_231,C1C[C@@H](N2)CN(C[C@H]12)C(=O)N3C[C@H](OC[C@@]45N(C[C@H](F)C4)CCC5)C(=O)N(C3=6)C[C@H](N6)C(=O)c7cc(O)cc(c78)ccc(F)c8C#C St 1 from N1CCN(C=12)C(=O)CCN2,-4.4,0.3549,6.532
hop_232,C1[C@@H](F)CN(CCC2)[C@]12COC(=O)CC[N@@H+]([C@@H](C)[C@H]3N(C[C@H]45)C[C@H](N5)CC4)[C@H](CC3=O)Cc6cc(O)cc(c67)ccc(F)c7C#C St 3 from O=C1C[C@@H](C)[N@H+](C)[C@H](C)C1,-3.89,0.5042,6.745
hop_233,C1[C@@H](F)CN(CCC2)[C@]12CO[C@H](C3)C[C@H](N(C[C@H]45)C[C@H](N5)CC4)[C@](C)([C@@]36C)[NH2+]C[C@@H](C6=O)c7cc(O)cc(c78)ccc(F)c8C#C St 1 from C1CCC[C@](C)([C@@]12C)[NH2+]CCC2=O,-1.83,0.5673,9.173
hop_234,C#Cc1c(F)ccc(c12)cc(O)cc2Cc(c(s3)N)c(c34)C(=O)[C@H](N(C[C@H]56)C[C@H](N6)CC5)C[C@@H]4OC[C@@]78N(C[C@H](F)C7)CCC8 St 1 from Cc1c(N)sc(c12)CCCC2=O,-9.26,0.7195,9.304
hop_235,C1[C@@H](F)CN(CCC2)[C@]12COC(=O)[C@@H](c(c34)[nH]c(N)c4C#N)[C@@H](N(C[C@H]56)C[C@H](N6)CC5)CC[C@@H]3c7cc(O)cc(c78)ccc(F)c8C#C St 1 from N#Cc1c(N)[nH]c(c12)CCCCC2,-4.48,0.4924,6.623
hop_236,C1[C@@H](F)CN(CCC2)[C@]12COC[C@H]([C@@]34CC(=O)N(C[C@H]56)C[C@H](N6)CC5)C[C@](C)(OC3)C[C@@H]4Cc7cc(O)cc(c78)ccc(F)c8C#C St 1 from C[C@@]12C[C@@H](C)[C@H](CO2)[C@H](C)C1,-6.68,0.6358,6.831
hop_237,C1[C@@H](F)CN(CCC2)[C@]12COc3c(N(C[C@H]45)C[C@H](N5)CC4)c(C#CC)n(n3)CC(=O)c6cc(O)cc(c67)ccc(F)c7C#C St 1 from CC#Cc1ccnn1C,-4.19,0.3837,6.412
hop_238,C#Cc1c(F)ccc(c12)cc(O)cc2[C@H](C(=O)C3)CN([C@@H]34)C[C@H](C[C@H]4N(C[C@H]56)C[C@H](N6)CC5)OC[C@@]78N(C[C@H](F)C7)CCC8 St 1 from C1C(=O)CCN([C@@H]12)CCCC2,-4.72,0.5284,6.61
hop_239,C1[C@@H](F)CN(CCC2)[C@]12COC(=O)[C@]3(C)[C@H](CN(C[C@H]45)C[C@H](N5)CC4)[C@@H](C)N(C3=O)CC(=O)c6cc(O)cc(c67)ccc(F)c7C#C St 2 from O=C1[C@@H](C)[C@H](C)[C@@H](C)N1C,-5.45,0.5288,6.577
hop_240,C1[C@@H](F)CN(CCC2)[C@]12CO[C@@H](C[C@H](C3)N(C[C@H]45)C[C@H](N5)CC4)[C@H]([C@@H]36)[C@@H](C#N)C[C@H]([NH2+]6)C(=O)c7cc(O)cc(c78)ccc(F)c8C#C St 1 from N#C[C@H]1CC[NH2+][C@@H]([C@H]12)CCCC2,-4.95,0.4014,6.631
hop_241,C1[C@@H](F)CN(CCC2)[C@]12COc(cc3N(C[C@H]45)C[C@H](N5)CC4)cc(c36)N[C@@](C)(CC(=N6)O)C(=O)c7cc(O)cc(c78)ccc(F)c8C#C St 2 from N1=C(O)C[C@@H](C)Nc(c12)cccc2,-5.29,0.6267,9.01
hop_242,C1[C@@H](F)CN(CCC2)[C@]12CO[C@H](CC3)C[C@H]([C@@]34N(C[C@H]56)C[C@H](N6)CC5)S[C@@](C)(CC4)C(=O)c7cc(O)cc(c78)ccc(F)c8C#C St 2 from C1C[C@@H](C)S[C@H]([C@@H]12)CCCC2,-6.33,0.5142,6.553
hop_243,C1[C@@H](F)CN(CCC2)[C@]12CO[C@H](C[C@@H]3O)C[C@H]([C@@]34CC(=O)N(C[C@H]56)C[C@H](N6)CC5)CC(=O)C[C@@H]4C(=O)c7cc(O)cc(c78)ccc(F)c8C#C St 1 from C1CC(=O)C[C@@H]([C@]12C)CCC[C@@H]2O,-4.47,0.4879,6.165
hop_244,C1[C@@H](F)CN(CCC2)[C@]12CO[C@H](C(=O)C[C@@]34C)[C@@H](O4)[C@@H](N(C[C@H]56)C[C@H](N6)CC5)[C@@H]3N(C)C(=O)c7cc(O)cc(c78)ccc(F)c8C#C St 1 from C[C@]12CC[C@@H](O2)CC(=O)C1,-3.27,0.3781,5.772
hop_245,C1[C@@H](F)CN(CCC2)[C@]12CO[C@H]3C[C@@H](N(C[C@H]45)C[C@H](N5)CC4)CC(=C36)N[C@@H](CC6=O)C(=O)c7cc(O)cc(c78)ccc(F)c8C#C St 3 from C1CCCC(=C12)NCCC2=O,-4.57,0.5014,6.46
hop_246,C#Cc1c(F)ccc(c12)cc(O)cc2[C@@H]([C@]3(C)CNC(=O)N(C[C@H]45)C[C@H](N5)CC4)[C@H](C(C)(C)[N@H+](C)C3)c6cccc(c6)OC[C@@]78N(C[C@H](F)C7)CCC8 St 1 from CC1(C)CC[C@H](C)C[N@@H+]1C,-2.06,0.4072,6.589
hop_247,C1[C@@H](F)CN(CCC2)[C@]12COC(=O)[C@]3(C)C(=O)N[C@H]([C@]3(C)CN(C[C@H]45)C[C@H](N5)CC4)Cc6cc(O)cc(c67)ccc(F)c7C#C St 1 from CC1(C)[C@H](C)C(=O)N[C@@H]1C,-2.92,0.5769,6.264
hop_248,C1[C@@H](F)CN(CCC2)[C@]12COc(c(C#CC)c3N(C[C@H]45)C[C@H](N5)CC4)c(C#N)c(n3)S(=O)(=O)Cc6cc(O)cc(c67)ccc(F)c7C#C St 1 from CC#Cc1cc(C#N)cnc1,-4.26,0.3551,6.73
hop_249,C1[C@@H](F)CN(CCC2)[C@]12COC(=O)CCn(c(c3C)N(C[C@H]45)C[C@H](N5)CC4)c(c36)cc(s6)-c7cc(O)cc(c78)ccc(F)c8C#C St 1 from Cc1cn(C)c(c12)ccs2,-7.55,0.6368,9.001
hop_250,C1[C@@H](F)CN(CCC2)[C@]12COC[C@@H](N(C)C3=O)[C@H](N(C)C(=O)N(C[C@H]45)C[C@H](N5)CC4)[C@@]3(C)CC(=O)c6cc(O)cc(c67)ccc(F)c7C#C St 1 from CC1(C)C(=O)N(C)[C@H](C)C1,-5.27,0.3436,6.415
hop_251,C#Cc1c(F)ccc(c12)cc(O)cc2C(=O)[C@@](C)([C@@H]3C)Oc(c34)c(C)c(N(C[C@H]56)C[C@H](N6)CC5)cc4OC[C@@]78N(C[C@H](F)C7)CCC8 St 1 from C[C@H]1[C@@H](C)Oc(c12)c(C)ccc2,-6.21,0.4575,6.628
hop_252,C#Cc1c(F)ccc(c12)cc(O)cc2[C@H](C3)[C@]34c5c([C@@H]6N(C4)C(=O)CNC6)c(cc(c5)N(C[C@H]78)C[C@H](N8)CC7)OC[C@]19N(C[C@H](F)C9)CCC1 St 1 from C1CC12c3c(cccc3)[C@H]4N(C2)C(=O)CNC4,37.95,0.4258,8.559
hop_253,C1[C@@H](F)CN(CCC2)[C@]12CO[C@@]3(C#N)[C@H](C(=O)N(C[C@H]45)C[C@H](N5)CC4)N(C)C(=O)[C@@H]3N(C6)CC6c7cc(O)cc(c78)ccc(F)c8C#C St 1 from O=C1C[C@@H](C#N)CN1C,-4.52,0.3757,6.526
hop_254,C1[C@@H](F)CN(CCC2)[C@]12COC(=O)N(C)C[C@@]3(O)[C@@H](CN(C[C@H]45)C[C@H](N5)CC4)O[C@H]([C@@H]3O)Cc6cc(O)cc(c67)ccc(F)c7C#C St 1 from C[C@@H]1[C@@H](O)[C@@H](O)[C@@H](O1)C,-9.55,0.4755,8.775
hop_255,C1[C@@H](F)CN(CCC2)[C@]12COC(CC3)CCN3[C@@H]([C@H]45)[C@H]([C@@H]([C@@H](SC4)C\5=N\O)OCC(=O)N(C[C@H]67)C[C@H](N7)CC6)c8cc(O)cc(c89)ccc(F)c9C#C St 1 from O/N=C(\[C@H]12)[C@@H](SC1)[C@H](O)CC2,-4.64,0.4322,6.468
hop_256,C#Cc1c(F)ccc(c12)cc(O)cc2CC(=C3CC(=O)N(C[C@H]45)C[C@H](N5)CC4)[C@H](O)C[C@H](C(C)(C)CCC6)[C@]36COC[C@@]78N(C[C@H](F)C7)CCC8 St 1 from CC(=C1)[C@H](O)C[C@@H]([C@]12C)C(C)(C)CCC2,-3.23,0.4514,6.352
hop_257,C1[C@@H](F)CN(CCC2)[C@]12COC(=O)N(C3=O)O[C@@H](CN(C)C(=O)N(C[C@H]45)C[C@H](N5)CC4)[C@]3(N)C(=O)c6cc(O)cc(c67)ccc(F)c7C#C St 1 from O=C1[C@H](N)CON1,-4.97,0.3796,6.027
hop_258,C1[C@@H](F)CN(CCC2)[C@]12COc(c3)cc(N(C[C@H]45)C[C@H](N5)CC4)n(c36)nc([nH+]6)CC(=O)c7cc(O)cc(c78)ccc(F)c8C#C St 1 from Cc([nH+]1)nn(c12)cccc2,-9.07,0.5672,8.909
hop_259,C#Cc1c(F)ccc(c12)cc(O)cc2C(=O)C[C@@H](C(O3)(C)C)Oc(c34)cc(cc4N(C[C@H]56)C[C@H](N6)CC5)OC[C@@]78N(C[C@H](F)C7)CCC8 St 1 from CC(O1)(C)[C@@H](C)Oc(c12)cccc2,-3.92,0.4129,6.446
hop_260,C1C[C@@H](N2)CN(C[C@H]12)C(=O)N(C)[C@@]3(C#C)[C@@H](C)CNC[C@]3(n(cn4)cc4OC[C@@]56N(C[C@H](F)C5)CCC6)Cc7cc(O)cc(c78)ccc(F)c8C#C St 1 from C#C[C@H]1[C@H](C)CNC[C@H]1C,-1.68,0.4123,6.758
hop_261,C1[C@@H](F)CN(CCC2)[C@]12CO[C@H](CC3)C[C@H]([C@@]34N(C[C@H]56)C[C@H](N6)CC5)S[C@@](C)(C[C@H]4O)C(=O)c7cc(O)cc(c78)ccc(F)c8C#C St 2 from O[C@H]1C[C@@H](C)S[C@H]([C@@H]12)CCCC2,-6.22,0.4356,6.702
hop_262,C1[C@@H](F)CN(CCC2)[C@]12COc(cc(c3)N(C[C@H]45)C[C@H](N5)CC4)c(c36)OC(=O)[C@@H]([C@H]6[NH3+])c7cc(O)cc(c78)ccc(F)c8C#C St 1 from c1cccc(c12)OC(=O)C[C@H]2[NH3+],4.11,0.696,8.679
hop_263,C1[C@@H](F)CN(CCC2)[C@]12CO[C@@H]([C@@]34CN(C[C@H]56)C[C@H](N6)CC5)C[C@H](CC3)[C@](O4)(C)Cc7cc(O)cc(c78)ccc(F)c8C#C St 1 from CC(O1)(C)C(CC2)CC[C@@]12C,-6.27,0.6173,9.28
hop_264,C1[C@@H](F)CN(CCC2)[C@]12COC(=O)[N@H+]([C@@H](CC3)C(=O)N(C[C@H]45)C[C@H](N5)CC4)CCC[C@H]3c6cc(O)cc(c67)ccc(F)c7C#C St 1 from C1CCC[NH2+]CCC1,-4.69,0.4926,8.956
hop_265,C1[C@@H](F)CN(CCC2)[C@]12COC(=O)N(C)Cc(c(c(c34)c([O-])[nH]c(n4)=O)CN(C[C@H]56)C[C@H](N6)CC5)c(n3)Cc7cc(O)cc(c78)ccc(F)c8C#C St 1 from Cc1cc(C)nc(c12)nc(=O)[nH]c2[O-],-3.18,0.3382,6.858
hop_266,C1[C@@H](F)CN(CCC2)[C@]12COc(c3C)c(n[nH+]c3N(C[C@H]45)C[C@H](N5)CC4)NS(=O)(=O)Cc6cc(O)cc(c67)ccc(F)c7C#C St 1 from Cc1cc(N)n[nH+]c1,-7.76,0.4728,8.811
hop_267,C1[C@@H](F)CN(CCC2)[C@]12CO[C@@H](CS3)C(=O)N(C[C@@H]3C(=O)N(C[C@H]45)C[C@H](N5)CC4)S(=O)(=O)Cc6cc(O)cc(c67)ccc(F)c7C#C St 1 from O=C1CCSCCN1,-4.37,0.4119,6.423
hop_268,C1[C@@H](F)CN(CCC2)[C@]12COc(c(C)c(c(c34)snn4)N(C[C@H]56)C[C@H](N6)CC5)c3NS(=O)(=O)Cc7cc(O)cc(c78)ccc(F)c8C#C St 1 from c1cc(C)cc(c12)snn2,-4.13,0.46,6.405
hop_269,C1[C@@H](F)CN(CCC2)[C@]12COc(c(c3)N(C[C@H]45)C[C@H](N5)CC4)n(c36)C(C)(C)C[C@H]6C(=O)c7cc(O)cc(c78)ccc(F)c8C#C St 1 from C1CC(C)(C)n(c12)ccc2,-2.79,0.4299,6.346
hop_270,C#Cc1c(F)ccc(c12)cc(O)cc2[C@@H](C(=C34)CCCC3)C[N@H+]([C@H]4S(=O)(=O)CN(C[C@H]56)C[C@H](N6)CC5)c7cccc(c7)OC[C@@]89N(C[C@H](F)C8)CCC9 St 1 from C1C[NH2+]CC(=C12)CCCC2,-4.73,0.492,6.817
hop_271,C1[C@@H](F)CN(CCC2)[C@]12CO[C@@H]([C@H]34)C[N@+](C)([C@H](C(=O)O4)[C@@H]3N(C[C@H]56)C[C@H](N6)CC5)CCc7cc(O)cc(c78)ccc(F)c8C#C St 1 from C[N@H+]1CC[C@H](C2)OC(=O)[C@@H]12,-6.69,0.4187,6.555
hop_272,C1[C@@H](F)CN(CCC2)[C@]12COC(=O)n(c3N(C[C@H]45)C[C@H](N5)CC4)c(=O)nc(c36)C[C@H](CC6)c7cc(O)cc(c78)ccc(F)c8C#C St 1 from C1CCCc(c12)nc(=O)[nH]c2,-8.74,0.6408,9.051
hop_273,C#Cc1c(F)ccc(c12)cc(O)cc2CS(=O)(=O)N[C@@H]3CC[C@H](N(C[C@H]45)C[C@H](N5)CC4)[C@@H](SCC(O6)=O)[C@@]36CCOC[C@@]78N(C[C@H](F)C7)CCC8 St 1 from O=C(O1)CS[C@@H]([C@H]12)CCCC2,-5.4,0.3407,6.555
hop_274,C1C[C@@H](N2)CN(C[C@H]12)c(c3)cccc3[C@]4(C)CC(C)=C(C)C[C@@]4(Cn(cn5)cc5OC[C@@]67N(C[C@H](F)C6)CCC7)c8cc(O)cc(c89)ccc(F)c9C#C St 1 from CC1=C(C)C[C@@H](C)[C@H](C)C1,-2.34,0.5243,7.385
hop_275,C1[C@@H](F)CN(CCC2)[C@]12CO[C@@H]3CC[C@H](N[C@H]34)[C@H]([C@H](C)[C@@H]4N(C[C@H]56)C[C@H](N6)CC5)C(=O)Cc7cc(O)cc(c78)ccc(F)c8C#C St 3 from [C@@H]12C[C@H](C)C[C@H](N2)CCC1,-5.02,0.5122,6.52
hop_276,C#Cc1c(F)ccc(c12)cc(O)cc2C(=O)[C@H](C[C@H]34)C[C@H]([NH2+]3)C[C@H](N(C[C@H]56)C[C@H](N6)CC5)C[C@@H](C4)OC[C@@]78N(C[C@H](F)C7)CCC8 St 3 from [C@H]12CCC[C@H]([NH2+]2)CCCCC1,-7.07,0.5764,9.342
hop_277,C#Cc1c(F)ccc(c12)cc(O)cc2C(=O)[C@@H](CC[C@H](C3)N(C[C@H]45)C[C@H](N5)CC4)[C@@H]([N@H+]36)C(=O)NC[C@H]6C(=O)OC[C@@]78N(C[C@H](F)C7)CCC8 St 1 from O=C1NCC[N@H+]([C@@H]12)CCCCC2,-3.78,0.5417,6.613
hop_278,C1[C@@H](F)CN(CCC2)[C@]12CO[C@H]3[C@H]([NH3+])[C@@H](N(C[C@H]45)C[C@H](N5)CC4)Cc(c36)n(nc6C)CC(=O)c7cc(O)cc(c78)ccc(F)c8C#C St 1 from Cc1nn(C)c(c12)CC[C@H](C2)[NH3+],-3.78,0.4436,6.602
hop_279,C1[C@@H](F)CN(CCC2)[C@]12COC(=O)N(C)[C@H]([C@]34C)[C@@](C)([C@](C)(CO4)[C@H](C)[C@@H]3N(C[C@H]56)C[C@H](N6)CC5)S(=O)(=O)Cc7cc(O)cc(c78)ccc(F)c8C#C St 1 from C[C@@]12[C@H](C)C[C@](C)(OC2)C[C@H]1C,-3.45,0.491,6.911
hop_280,C#Cc1c(F)ccc(c12)cc(O)cc2C[C@@H]3[C@H](C)[C@@H](N(C[C@H]45)C[C@H](N5)CC4)[C@H](NC3=O)CC(=O)OC[C@@]67N(C[C@H](F)C6)CCC7 St 1 from O=C1[C@H](C)[C@H](C)CCN1,-6.17,0.455,6.606
hop_281,C#Cc1c(F)ccc(c12)cc(O)cc2Cc3cc(=O)cc(N(C[C@H]45)C[C@H](N5)CC4)n3S(=O)(=O)COC[C@@]67N(C[C@H](F)C6)CCC7 St 1 from Cc1cc(=O)cc[nH]1,-5.62,0.556,8.703
hop_282,C1[C@@H](F)CN(CCC2)[C@]12CO[C@H]([C@@H]([C@H]34)CCC[N@H+]3C)C[C@H](C(=O)N(C[C@H]56)C[C@H](N6)CC5)[C@@H]4Cc7cc(O)cc(c78)ccc(F)c8C#C St 2 from C[C@H]1CCC[C@@H]([C@@H]12)CCC[N@H+]2C,-3.1,0.4846,6.322
hop_283,C#Cc1c(F)ccc(c12)cc(O)cc2CC3=C(N)[C@@H](C[C@@H]34)[C@](C)([C@@]4(C)CN(C[C@H]56)C[C@H](N6)CC5)C(=O)OC[C@@]78N(C[C@H](F)C7)CCC8 St 1 from CC([C@H]12)=C(N)[C@H](C2)[C@@H](C)C1(C)C,-4.36,0.4547,6.678
hop_284,C#Cc1c(F)ccc(c12)cc(O)cc2Cc(c3N)c(C)c(Cl)c(N(C[C@H]45)C[C@H](N5)CC4)[n+]3C(=O)OC[C@@]67N(C[C@H](F)C6)CCC7 St 1 from Cc1c(C)c(N)[nH+]cc1Cl,-4.88,0.4198,8.581
hop_285,C#Cc1c(F)ccc(c12)cc(O)cc2[C@@H](C3)[C@@H](C)C[C@H]([C@@]34C)[C@@](C)(N(C[C@H]56)C[C@H](N6)CC5)C[C@@H](C4)OC[C@@]78N(C[C@H](F)C7)CCC8 St 1 from C1CC[C@H](C)[C@H]([C@@]12C)C[C@@H](C)CC2,-2.23,0.3643,6.042
hop_286,C#Cc1c(F)ccc(c12)cc(O)cc2[C@H](C[C@@]34O)[C@H](C[C@@H]3C(=O)N(C[C@H]56)C[C@H](N6)CC5)[C@H](C#N)[C@@H]4S(=O)(=O)COC[C@@]78N(C[C@H](F)C7)CCC8 St 1 from O[C@]12C[C@H](C#N)[C@@H](CC2)CC1,-3.69,0.4482,6.164
hop_287,C1[C@@H](F)CN(CCC2)[C@]12COC(=O)c3c(N(C[C@H]45)C[C@H](N5)CC4)[nH+]n(c3N)S(=O)(=O)Cc6cc(O)cc(c67)ccc(F)c7C#C St 1 from Nc1cc[nH+][nH]1,0.85,0.4448,6.531
hop_288,C#Cc1c(F)ccc(c12)cc(O)cc2[C@@H]([C@@H](C(=O)c(c34)sc(N)c4C)SCC(=O)N(C[C@H]56)C[C@H](N6)CC5)[C@H]3N7CCC(CC7)OC[C@@]89N(C[C@H](F)C8)CCC9 St 1 from Cc1c(N)sc(c12)C(=O)[C@H](S)CC2,-3.87,0.3362,6.754
hop_289,C1[C@@H](F)CN(CCC2)[C@]12CO[C@H]3CC[C@@H](N[C@@H]34)[C@H](C(=O)N(C[C@H]56)C[C@H](N6)CC5)[C@H](C4)Cc7cc(O)cc(c78)ccc(F)c8C#C St 2 from [C@@H]12C[C@H](C)C[C@H](N2)CCC1,-5.66,0.6562,6.775
hop_290,C1[C@@H](F)CN(CCC2)[C@]12COC[C@]34[C@@H](C[C@H](C)CC3)[C@](CCC4)(N(C5)CC5N(C[C@H]67)C[C@H](N7)CC6)Cc8cc(O)cc(c89)ccc(F)c9C#C St 2 from C1CC[C@H](C)[C@H]([C@@]12C)C[C@@H](C)CC2,-3.64,0.465,6.968
hop_291,C#Cc1c(F)ccc(c12)cc(O)cc2C(=O)CC#C[C@]([C@@H]34)(N(C[C@H]56)C[C@H](N6)CC5)CN(CC4)[C@H](C)[C@H]3OC[C@@]78N(C[C@H](F)C7)CCC8 St 1 from C#C[C@H]([C@H]12)CN([C@@H](C)C1)CC2,-5.97,0.5052,6.729
hop_292,C1[C@@H](F)CN(CCC2)[C@]12CO[C@@H]3C[N@H+](C(C)(C)CC34)[C@@](C)([C@H]4C(=O)N(C[C@H]56)C[C@H](N6)CC5)Cc7cc(O)cc(c78)ccc(F)c8C#C St 1 from C12CC(C)(C)[N@@H+](C(C)(C)C1)CC2,-3.38,0.5408,6.67
hop_293,C1[C@@H](F)CN(CCC2)[C@]12COC(=O)[C@@]34[C@H](N(C[C@H]56)C[C@H](N6)CC5)C[C@H]([C@@H](C)C4=O)[C@](C)(C3)Cc7cc(O)cc(c78)ccc(F)c8C#C St 2 from CC(C)([C@@H]12)C[C@@H](CC2)C(=O)[C@@H]1C,-4.59,0.5068,6.565
hop_294,C1[C@@H](F)CN(CCC2)[C@]12CO[C@@H](C[C@H](C3)N(C[C@H]45)C[C@H](N5)CC4)[C@H]([C@@H]36)[NH2+]C[C@H](O6)C(=O)c7cc(O)cc(c78)ccc(F)c8C#C St 1 from [NH2+]1CCO[C@@H]([C@H]12)CCCC2,-4.6,0.4304,6.285
hop_295,C1[C@@H](F)CN(CCC2)[C@]12COC(=O)NC[C@@H](N3)[C@@H](SC[C@@H]3CN(C[C@H]45)C[C@H](N5)CC4)Cc6cc(O)cc(c67)ccc(F)c7C#C St 1 from C[C@@H]1CS[C@H](C)CN1,-8.42,0.6128,9.067
hop_296,C1[C@@H](F)CN(CCC2)[C@]12CO[C@@H](C[C@H](C3)N(C[C@H]45)C[C@H](N5)CC4)C(=C36)NC[C@H](C6=O)C(=O)c7cc(O)cc(c78)ccc(F)c8C#C St 1 from C1CCCC(=C12)NCCC2=O,-5.08,0.5116,6.769
hop_297,C#Cc1c(F)ccc(c12)cc(O)cc2[C@]34CC[C@H](C(=O)N(C[C@H]56)C[C@H](N6)CC5)[C@H](C3)N(C4)CC(=O)OC[C@@]78N(C[C@H](F)C7)CCC8 St 1 from [C@@H]12C[C@@H](NC1)CCC2,-8.41,0.5468,8.858
hop_298,C1[C@@H](F)CN(CCC2)[C@]12COC(=O)n(c3N(C[C@H]45)C[C@H](N5)CC4)c(N)[n+](c3)S(=O)(=O)Cc6cc(O)cc(c67)ccc(F)c7C#C St 1 from Nc1[nH]cc[nH+]1,-9.55,0.534,8.714
hop_299,C1[C@@H](F)CN(CCC2)[C@]12CO[C@@H](C(O3)=O)C[C@H](N(C[C@H]45)C[C@H](N5)CC4)[C@H]3CCCc6cc(O)cc(c67)ccc(F)c7C#C St 1 from C[C@H](O1)CCCC1=O,-4.11,0.4492,7.744
hop_300,C1[C@@H](F)CN(CCC2)[C@]12COCC(=O)[N@H+]3CCNC(=O)C[C@@]3(CN(C[C@H]45)C[C@H](N5)CC4)\C=C\Cc6cc(O)cc(c67)ccc(F)c7C#C St 1 from O=C1C[C@H](C)[NH2+]CCN1,-6.22,0.4521,6.754
hop_301,C#Cc1c(F)ccc(c12)cc(O)cc2[C@@](C)(C(=O)N3CCC4)[C@H](O)c(c3c45)cc(N(C[C@H]67)C[C@H](N7)CC6)c5C(=O)OC[C@@]89N(C[C@H](F)C8)CCC9 St 1 from O[C@@H]1[C@@H](C)C(=O)N2CCCc3cccc1c23,-5.24,0.57,6.691
hop_302,C1[C@@H](F)CN(CCC2)[C@]12COc3cc(N(C[C@H]45)C[C@H](N5)CC4)cn(c36)c(c(C#N)c6N)CC(=O)c7cc(O)cc(c78)ccc(F)c8C#C St 1 from N#Cc(c1N)c(C)n(c12)cccc2,-4.91,0.4138,6.995
hop_303,C1C[C@@H](N2)CN(C[C@H]12)[C@]34[C@@H]5C[C@H](C3)C[C@](C4)(C(=O)[C@H]5OC[C@@]67N(C[C@H](F)C6)CCC7)C(=O)Cc8cc(O)cc(c89)ccc(F)c9C#C St 3 from [C@H]12[C@@H]3C[C@H](C1)C[C@@H](C3)C(=O)C2,-5.86,0.6061,7.021
hop_304,C1[C@@H](F)CN(CCC2)[C@]12COc([nH+]c3N(C[C@H]45)C[C@H](N5)CC4)c(o3)NS(=O)(=O)Cc6cc(O)cc(c67)ccc(F)c7C#C St 1 from Nc1c[nH+]co1,-9.64,0.6468,8.808
hop_305,C1[C@@H](F)CN(CCC2)[C@]12COC(=O)O[C@@H](C[C@H](C[N@H+](C3)C)N(C[C@H]45)C[C@H](N5)CC4)[C@H]3NS(=O)(=O)Cc6cc(O)cc(c67)ccc(F)c7C#C St 1 from C[N@H+](C1)CCC[C@@H](O)[C@@H]1N,-6.62,0.5414,8.527
hop_306,C1[C@@H](F)CN(CCC2)[C@]12COC[C@](C3=O)(C4(C)C)[C@@H](N(C)C(=O)N(C[C@H]56)C[C@H](N6)CC5)[C@@H]([C@@H]4[C@@]37CCC(=O)O7)c8cc(O)cc(c89)ccc(F)c9C#C St 1 from C1C[C@](C)(C2=O)C(C)(C)[C@@H]1[C@]23CCC(=O)O3,-3.93,0.4042,6.59
hop_307,C1[C@@H](F)CN(CCC2)[C@]12CO[C@H](C3)C[C@@H](N(C[C@H]45)C[C@H](N5)CC4)C[C@]36COC(=O)[C@H]6Cc7cc(O)cc(c78)ccc(F)c8C#C St 1 from C1OC(=O)[C@@H](C)C12CCCCC2,-5.01,0.465,6.551
hop_308,C#Cc1c(F)ccc(c12)cc(O)cc2C(=O)Cn(c3)[nH+]c(c34)cc(cc4N(C[C@H]56)C[C@H](N6)CC5)OC[C@@]78N(C[C@H](F)C7)CCC8 St 1 from Cn(c1)[nH+]c(c12)cccc2,-8.36,0.6609,9.008
hop_309,C1[C@@H](F)CN(CCC2)[C@]12COC[C@@]34[C@@H](CC(=O)N(C[C@H]56)C[C@H](N6)CC5)[C@@H]([C@@H](C3(C)C)C(=O)N=C4N)c7cc(O)cc(c78)ccc(F)c8C#C St 1 from C[C@@]12C(C)(C)[C@@H](CC1)C(=O)N=C2N,-3.25,0.473,6.487
hop_310,C1[C@@H](F)CN(CCC2)[C@]12CO[C@]34C[C@@H](N(C[C@H]56)C[C@H](N6)CC5)C(=O)[C@@](C)(C4(C)C)N(C3=O)S(=O)(=O)Cc7cc(O)cc(c78)ccc(F)c8C#C St 1 from C[C@]12C(C)(C)[C@@H](C(=O)N2)CCC1=O,-5.52,0.5837,6.905
hop_311,C1[C@@H](F)CN(CCC2)[C@]12CO[C@H]3[C@H](C(=O)N(C[C@H]45)C[C@H](N5)CC4)[N@H+](C)C[C@@H]([C@@]36O)C[C@H](CC6)c7cc(O)cc(c78)ccc(F)c8C#C St 1 from C1C[N@H+](C)C[C@@H]([C@@]12O)CCCC2,-3.87,0.4452,6.2
hop_312,C#Cc1c(F)ccc(c12)cc(O)cc2C(=O)CC#C[C@]([C@H]34)(N(C[C@H]56)C[C@H](N6)CC5)C[N@@H+](CC3)[C@H](C)[C@H]4OC[C@@]78N(C[C@H](F)C7)CCC8 St 1 from C#C[C@H]([C@H]12)C[N@@H+]([C@@H](C)C1)CC2,0.59,0.5072,8.42
hop_313,C1[C@@H](F)CN(CCC2)[C@]12COc3c(cc(s3)N(C[C@H]45)C[C@H](N5)CC4)NS(=O)(=O)Cc6cc(O)cc(c67)ccc(F)c7C#C St 2 from c1ccsc1,-4.46,0.4672,6.456
hop_314,C1[C@@H](F)CN(CCC2)[C@]12COc3[nH+]c(N(C[C@H]45)C[C@H](N5)CC4)c(s3)S(=O)(=O)Cc6cc(O)cc(c67)ccc(F)c7C#C St 1 from c1csc[nH+]1,-9.39,0.722,9.065
hop_315,C#Cc1c(F)ccc(c12)cc(O)cc2[C@H](C[C@@H]3N)Cc(c34)oc(c4N(C[C@H]56)C[C@H](N6)CC5)OC[C@@]78N(C[C@H](F)C7)CCC8 St 1 from c1coc(c12)CCC[C@H]2N,-10.83,0.8758,9.283
hop_316,C1[C@@H](F)CN(CCC2)[C@]12COC(=O)[C@@H](c(c34)c(oc3)N(C[C@H]56)C[C@H](N6)CC5)C(C)=C(C)[C@H]4c7cc(O)cc(c78)ccc(F)c8C#C St 1 from CC(C1)=C(C)Cc(c12)coc2,-3.94,0.5632,6.591
hop_317,C1[C@@H](F)CN(CCC2)[C@]12COC(=O)C[C@H]([C@]3(C)CN(C[C@H]45)C[C@H](N5)CC4)[C@@](C)(NC3=O)CC(=O)c6cc(O)cc(c67)ccc(F)c7C#C St 1 from CC1(C)C(=O)NC(C)(C)C1,-4.47,0.4323,6.371
hop_318,C1[C@@H](F)CN(CCC2)[C@]12COc(c3)c(C#CC)c(N(C[C@H]45)C[C@H](N5)CC4)c(c36)OC[C@@H](CO6)c7cc(O)cc(c78)ccc(F)c8C#C St 1 from CC#Cc(c1)ccc(c12)OCCCO2,-1.04,0.5232,8.754
hop_319,C#Cc1c(F)ccc(c12)cc(O)cc2C[C@H]3Nc([nH+]ccc4)c4Cc(c35)c(N(C[C@H]67)C[C@H](N7)CC6)cc(c5)OC[C@@]89N(C[C@H](F)C8)CCC9 St 1 from c1cc[nH+]c(N[C@H]2C)c1Cc(c23)cccc3,-1.56,0.3543,6.722
hop_320,C1[C@@H](F)CN(CCC2)[C@]12CO[C@]3(C)[C@@H](C)[C@H](N(C[C@H]45)C[C@H](N5)CC4)CN(C3=O)S(=O)(=O)Cc6cc(O)cc(c67)ccc(F)c7C#C St 2 from O=C1[C@H](C)[C@H](C)CCN1,-4.41,0.5012,6.497
hop_321,C1[C@@H](F)CN(CCC2)[C@]12COc(c3N(C[C@H]45)C[C@H](N5)CC4)c(C#CC)n(n3)CC(=O)c6cc(O)cc(c67)ccc(F)c7C#C St 2 from CC#Cc1ccnn1C,-5.36,0.3469,6.414
hop_322,C1[C@@H](F)CN(CCC2)[C@]12COC(=O)c(c([NH3+])c3)c(N(C[C@H]45)C[C@H](N5)CC4)c(c36)NCCN=C6C(=O)c7cc(O)cc(c78)ccc(F)c8C#C St 1 from c1c([NH3+])ccc(c12)NCCN=C2,-6.1,0.4468,6.394
hop_323,C#Cc1c(F)ccc(c12)cc(O)cc2Cc(cn3)n(c34)[C@@H]([C@H](S4(=O)=O)N(C[C@H]56)C[C@H](N6)CC5)CC(=O)OC[C@@]78N(C[C@H](F)C7)CCC8 St 1 from n1cc(C)n(c12)CCS2(=O)=O,-6.46,0.478,8.989
hop_324,C1[C@@H](F)CN(CCC2)[C@]12CO[C@]34[C@H]5[C@H](CCCC5)C[C@@]([C@@H]3O)(N(C[C@H]67)C[C@H](N7)CC6)C[C@H](C4)CCc8cc(O)cc(c89)ccc(F)c9C#C St 1 from C1CCC[C@@H]([C@@H]1[C@@H]23)C[C@H]([C@@H]2O)CCC3,-6.44,0.6639,7.218
hop_325,C1[C@@H](F)CN(CCC2)[C@]12COc(c3)c([NH3+])c(N(C[C@H]45)C[C@H](N5)CC4)c(c36)N(C)C(=O)C[C@](C)(N6C)C(=O)c7cc(O)cc(c78)ccc(F)c8C#C St 1 from CN1C(=O)C[C@@H](C)N(C)c(c12)ccc(c2)[NH3+],-1.1,0.5115,9.054
hop_326,C1[C@@H](F)CN(CCC2)[C@]12COc3ccc(C(=O)N(C[C@H]45)C[C@H](N5)CC4)n(c36)c(c(C#N)c6N)Cc7cc(O)cc(c78)ccc(F)c8C#C St 2 from N#Cc(c1N)c(C)n(c12)cccc2,-4.41,0.4034,6.889
hop_327,C1[C@@H](F)CN(CCC2)[C@]12CO[C@@]3(C)C[C@@H](O4)C(=C([C@H]34)C(=O)N(C[C@H]56)C[C@H](N6)CC5)CC(=O)c7cc(O)cc(c78)ccc(F)c8C#C St 1 from C[C@@H]1C[C@@H](O2)C=C[C@H]12,-5.22,0.4935,6.264
hop_328,C1[C@@H](F)CN(CCC2)[C@]12COc3nn(c(c3C#CC)N(C[C@H]45)C[C@H](N5)CC4)S(=O)(=O)Cc6cc(O)cc(c67)ccc(F)c7C#C St 1 from CC#Cc1cn[nH]c1,-4.5,0.4194,6.494
hop_329,C1[C@@H](F)CN(CCC2)[C@]12COC(=O)c(c3N(C[C@H]45)C[C@H](N5)CC4)c(C#N)n(c3C)CC(=O)c6cc(O)cc(c67)ccc(F)c7C#C St 1 from N#Cc1ccc(C)n1C,-4.7,0.6465,9.016
hop_330,C1[C@@H](F)CN(CCC2)[C@]12COC(=O)C[C@]3(CN(C[C@H]45)C[C@H](N5)CC4)NCC(=C(C3)C)Cc6cc(O)cc(c67)ccc(F)c7C#C St 2 from N1CC(C)=C(C)CC1(C)C,-5.87,0.6074,6.837
hop_331,C1[C@@H](F)CN(CCC2)[C@]12COC(=O)N(C(=O)C[C@@H]34)[C@H]([C@@H]3N(C[C@H]56)C[C@H](N6)CC5)[C@H](C)[C@]4(C)CC(=O)c7cc(O)cc(c78)ccc(F)c8C#C St 1 from CC(C)([C@H]12)[C@@H](C)[C@@H](C1)NC(=O)C2,-5.67,0.617,9.378
hop_332,C1[C@@H](F)CN(CCC2)[C@]12COC(=O)[N@+]34[C@H]([C@@H](C)[C@@H](CC3)N(C[C@H]56)C[C@H](N6)CC5)C[C@H](CC4)C(=O)c7cc(O)cc(c78)ccc(F)c8C#C St 1 from C[C@@H]1CCC[N@@H+]([C@@H]12)CCCC2,-4.46,0.4165,6.242
hop_333,C#Cc1c(F)ccc(c12)cc(O)cc2[C@@H]3[C@@H]([C@H]4ON=C5CN(C[C@H]67)C[C@H](N7)CC6)CC[C@H]3[C@@]45CC(=O)OC[C@@]89N(C[C@H](F)C8)CCC9 St 1 from CC1=NO[C@H]([C@H]12)[C@H]3C[C@@H]2CC3,-6.11,0.5996,6.565
hop_334,C1[C@@H](F)CN(CCC2)[C@]12COc3cc(N(C[C@H]45)C[C@H](N5)CC4)c6[C@@H]([NH3+])[C@@H](c(c6c37)ccc7)NC(=O)c8cc(O)cc(c89)ccc(F)c9C#C St 1 from c12c3cccc2cccc1[C@@H]([NH3+])[C@@H]3N,-4.31,0.4199,6.755
hop_335,C1[C@@H](F)CN(CCC2)[C@]12COCS(=O)(=O)C[C@@]3([NH2+][C@@](C)([C@@H](C)OC3)CN(C[C@H]45)C[C@H](N5)CC4)Cc6cc(O)cc(c67)ccc(F)c7C#C St 1 from CC1(C)[C@@H](C)OCC(C)(C)[NH2+]1,-5.27,0.3463,6.254
hop_336,C1C[C@@H](N2)CN(C[C@H]12)[C@H]3COC[C@@H](OC[C@@]45N(C[C@H](F)C4)CCC5)C[C@@H]3CCNC(=O)c6cc(O)cc(c67)ccc(F)c7C#C St 1 from C[C@@H]1CCCOCC1,-6.11,0.5168,6.389
hop_337,C1[C@@H](F)CN(CCC2)[C@]12CO[C@H]3[C@@](C)(CN(C[C@H]45)C[C@H](N5)CC4)[N@@H+](CC6)[C@](C)(CC36)Cc7cc(O)cc(c78)ccc(F)c8C#C St 2 from C12CC(C)(C)[N@@H+](C(C)(C)C1)CC2,-3.65,0.476,6.602
hop_338,Nc(n1)nnc(c12)c(N(C[C@H]34)C[C@H](N4)CC3)c(C)c(OC[C@@]56N(C[C@H](F)C5)CCC6)c2NS(=O)(=O)Cc7cc(O)cc(c78)ccc(F)c8C#C St 1 from Cc(c1)ccc(c12)nc(N)nn2,-6.7,0.461,7.08
hop_339,C1[C@@H](F)CN(CCC2)[C@]12COC(=O)n(c3N)nc(c34)[C@@H](N(C[C@H]56)C[C@H](N6)CC5)CN[C@@H]4CC(=O)c7cc(O)cc(c78)ccc(F)c8C#C St 1 from Nc1[nH]nc(c12)CCNC2,-3.85,0.352,6.084
hop_340,C1[C@@H](F)CN(CCC2)[C@]12CO[C@@H](C[C@H]3N(C[C@H]45)C[C@H](N5)CC4)C[C@@H]([C@H]36)[C@]6(C#C)Cc7cc(O)cc(c78)ccc(F)c8C#C St 1 from C#C[C@]1(C)[C@@H]([C@H]12)CCCC2,-4.18,0.4923,6.444
hop_341,C#Cc1c(F)ccc(c12)cc(O)cc2[C@@H]([C@@H](C[C@@](C)(C3)C4)C[C@H]5N(C[C@H]67)C[C@H](N7)CC6)[C@@]3(C)C[C@]45CN(C)C(=O)OC[C@@]89N(C[C@H](F)C8)CCC9 St 1 from C[C@]12C[C@@]3(C)C[C@@H](C2)CC[C@@H](C1)C3,-4.42,0.5322,9.593
hop_342,C1[C@@H](F)CN(CCC2)[C@]12CO[C@@H](C[C@H]([C@@H]3[C@H]45)N(C[C@H]67)C[C@H](N7)CC6)[C@H](C3=O)[C@H](C)[C@@H]5C[C@@H](CC4)c8cc(O)cc(c89)ccc(F)c9C#C St 2 from C1CCC[C@H]([C@@H]2C)[C@H]1[C@@H](C(=O)[C@@H]23)CCC3,-6.34,0.4568,7.026
hop_343,C1[C@@H](F)CN(CCC2)[C@]12CO[C@@H](C[C@H]3N(C[C@H]45)C[C@H](N5)CC4)[C@@H]([NH3+])[C@@H]([C@H]36)[C@H](N(C)C6)C(=O)c7cc(O)cc(c78)ccc(F)c8C#C St 2 from CN(C1)C[C@@H]([C@H]12)CCC[C@@H]2[NH3+],-3.1,0.3889,6.206
hop_344,C1[C@@H](F)CN(CCC2)[C@]12CO[C@H]3[C@@H]([C@@H]([C@@H](N)c(c34)sc(n4)C)N(C[C@H]56)C[C@H](N6)CC5)N7CCC(CC7)c8cc(O)cc(c89)ccc(F)c9C#C St 1 from Cc(s1)nc(c12)CCC[C@H]2N,-3.53,0.4409,7.195
hop_345,C1C[C@@H](N2)CN(C[C@H]12)[C@H](C3)[C@@H](O4)C[C@]([C@H]34)(OC[C@@]56N(C[C@H](F)C5)CCC6)CC#CCc7cc(O)cc(c78)ccc(F)c8C#C St 1 from C[C@H]([C@H]12)C[C@H](O2)CC1,-5.17,0.4044,7.158
hop_346,C1[C@@H](F)CN(CCC2)[C@]12CO[C@](C3)(C(=O)C4)[C@H](CCC5)[C@]5([C@]34N(C[C@H]67)C[C@H](N7)CC6)CC(=O)c8cc(O)cc(c89)ccc(F)c9C#C St 1 from O=C1C[C@@H](C2)[C@H]([C@@H]3[C@H]12)CCC3,-4.86,0.4614,6.46
hop_347,C1[C@@H](F)CN(CCC2)[C@]12COCC3=NN[C@H]([C@@]3(C)N(C)C(=O)N(C[C@H]45)C[C@H](N5)CC4)Cc6cc(O)cc(c67)ccc(F)c7C#C St 1 from CC1=NN[C@@H](C)[C@@H]1C,-5.67,0.5015,6.612
hop_348,C#Cc1c(F)ccc(c12)cc(O)cc2[C@@H]([C@@H](NC(O3)=O)C#CCN(C[C@H]45)C[C@H](N5)CC4)[C@@]3(C)c6cccc(c6)OC[C@@]78N(C[C@H](F)C7)CCC8 St 1 from C[C@@H](O1)CCNC1=O,-3.75,0.4432,6.665
hop_349,C1[C@@H](F)CN(CCC2)[C@]12COc3cc(N(C[C@H]45)C[C@H](N5)CC4)n(c3N)SCC(=O)c6cc(O)cc(c67)ccc(F)c7C#C St 1 from Nc1cccn1S,-7.69,0.5942,8.951
hop_350,C1[C@@H](F)CN(CCC2)[C@]12COC(=O)[n+]3nc(ncc3N(C[C@H]45)C[C@H](N5)CC4)NCCc6cc(O)cc(c67)ccc(F)c7C#C St 1 from Nc1ncc[nH+]n1,-6.32,0.2571,6.842
hop_351,C1[C@@H](F)CN(CCC2)[C@]12COc3c(N(C[C@H]45)C[C@H](N5)CC4)cn(c36)c(nnc6N)Cc7cc(O)cc(c78)ccc(F)c8C#C St 1 from Nc1nnc(C)n(c12)ccc2,-3.67,0.3782,6.534
hop_352,C#Cc1c(F)ccc(c12)cc(O)cc2C(=O)[NH2+]c(c([O-])cc3)c(c34)nc(N(C[C@H]56)C[C@H](N6)CC5)n4C(=O)OC[C@@]78N(C[C@H](F)C7)CCC8 St 1 from n1c[nH]c(c12)ccc([O-])c2[NH3+],-6.32,0.3532,6.562
hop_353,C1[C@@H](F)CN(CCC2)[C@]12COC(=O)N(C)C[C@@H](c(c34)c([nH]c(\c4)=N/C)N(C[C@H]56)C[C@H](N6)CC5)N(C)C[C@H]3c7cc(O)cc(c78)ccc(F)c8C#C St 1 from C\N=c(\c1)[nH]cc(c12)CN(C)CC2,-3.79,0.5945,7.002
hop_354,C#Cc1c(F)ccc(c12)cc(O)cc2[C@@H]([C@H]([N@@H+](C)CC3)[C@@]34C(=O)N(C[C@H]56)C[C@H](N6)CC5)CCC[C@@H](N4)C(=O)OC[C@@]78N(C[C@H](F)C7)CCC8 St 1 from C1C[N@@H+](C)[C@@H]([C@H]12)CCCCCN2,-2.73,0.4907,6.309
hop_355,C1[C@@H](F)CN(CCC2)[C@]12COc(c3)cc(N(C[C@H]45)C[C@H](N5)CC4)c(c36)[C@](C)(C#N)C(=N6)CC(=O)c7cc(O)cc(c78)ccc(F)c8C#C St 1 from N#C[C@@]1(C)C(C)=Nc(c12)cccc2,-7.6,0.6286,9.205
hop_356,C1[C@@H](F)CN(CCC2)[C@]12CO[C@H](S3(=O)=O)CN(C(=O)N(C[C@H]45)C[C@H](N5)CC4)[C@@H]([C@H]3C)Cc6cc(O)cc(c67)ccc(F)c7C#C St 1 from O=S1(=O)[C@H](C)[C@@H](C)NCC1,-4.52,0.3348,6.024
hop_357,C#Cc1c(F)ccc(c12)cc(O)cc2C(=O)[NH2+][C@H](c3ccc4)[C@H](N)c(c3c45)c(N(C[C@H]67)C[C@H](N7)CC6)cc5OC[C@@]89N(C[C@H](F)C8)CCC9 St 2 from c12c3cccc2cccc1[C@@H]([NH3+])[C@@H]3N,4.82,0.5091,8.894
hop_358,C1[C@@H](F)CN(CCC2)[C@]12COC[C@@H]3[C@@H](N(C[C@H]45)C[C@H](N5)CC4)[C@H](C)C(=C(O3)C#N)CC(=O)c6cc(O)cc(c67)ccc(F)c7C#C St 1 from N#CC1=C(C)[C@H](C)C[C@@H](O1)C,-7.49,0.5853,9.079
hop_359,C#Cc1c(F)ccc(c12)cc(O)cc2[C@@H]([C@@H](N3C)CNC(=O)N(C[C@H]45)C[C@H](N5)CC4)[C@H](c(c36)cc(C#N)c(=O)[nH]6)c7cccc(c7)OC[C@@]89N(C[C@H](F)C8)CCC9 St 1 from N#Cc(c1)c(=O)[nH]c(c12)N(C)CCC2,-4.86,0.4177,6.913
hop_360,C1[C@@H](F)CN(CCC2)[C@]12CO[C@]34C[NH2+][C@H](C3)[C@H](N(C[C@H]56)C[C@H](N6)CC5)[C@H](C4)N(C7)CC7c8cc(O)cc(c89)ccc(F)c9C#C St 1 from [C@@H]12C[C@@H]([NH2+]C1)CCC2,-3.51,0.4232,6.374
hop_361,C1[C@@H](F)CN(CCC2)[C@]12COC[C@@H]3C(=O)OC(C)(C)[C@H]([C@@]34N(C[C@H]56)C[C@H](N6)CC5)[C@@H](C[C@H](C)C4)CC(=O)c7cc(O)cc(c78)ccc(F)c8C#C St 1 from CC1(C)OC(=O)[C@H](C)[C@@H]([C@H]12)C[C@H](C)CC2,-2.52,0.517,6.225
hop_362,C1[C@@H](F)CN(CCC2)[C@]12COc([nH+]c3N(C[C@H]45)C[C@H](N5)CC4)[nH]c3S(=O)(=O)Cc6cc(O)cc(c67)ccc(F)c7C#C St 1 from c1c[nH+]c[nH]1,-10.08,0.681,8.998
hop_363,OC(=N1)[C@H](C)Sc(c12)c(N(C[C@H]34)C[C@H](N4)CC3)c(C)c(OC[C@@]56N(C[C@H](F)C5)CCC6)c2NS(=O)(=O)Cc7cc(O)cc(c78)ccc(F)c8C#C St 1 from c1cc(C)cc(c12)S[C@H](C)C(=N2)O,-5.38,0.4499,6.739
hop_364,C1[C@@H](F)CN(CCC2)[C@]12CO[C@@H]([C@@]3(O)C#N)[C@](O)(CC4)C[C@H]([C@@]34N(C[C@H]56)C[C@H](N6)CC5)n(cn7)cc7-c8cc(O)cc(c89)ccc(F)c9C#C St 1 from O[C@]12C[C@@](C#N)(O)[C@@H](CC2)CC1,-4.59,0.3633,6.13
hop_365,C1[C@@H](F)CN(CCC2)[C@]12COC(=O)C[N@+](C)([C@H](C3)C(=O)N(C[C@H]45)C[C@H](N5)CC4)C[C@@H]([C@@]36O)C[C@H](CC6)c7cc(O)cc(c78)ccc(F)c8C#C St 2 from C1C[N@H+](C)C[C@@H]([C@@]12O)CCCC2,-5.9,0.3588,6.261
hop_366,C1[C@@H](F)CN(CCC2)[C@]12COC(=O)N(C)[C@H](C3)[C@@]4(C)C[C@H](N(C[C@H]56)C[C@H](N6)CC5)[C@@H]3[C@H](C7(C)C)[C@@]47N(C)C(=O)c8cc(O)cc(c89)ccc(F)c9C#C St 1 from C1C[C@@H](CC2)[C@H](C3(C)C)[C@H]3[C@]12C,-4.17,0.4056,6.792
hop_367,C#Cc1c(F)ccc(c12)cc(O)cc2C(=O)CN3N[NH2+]c(c34)c(cc(c4)N(C[C@H]56)C[C@H](N6)CC5)OC[C@@]78N(C[C@H](F)C7)CCC8 St 1 from CN1N[NH2+]c(c12)cccc2,-3.42,0.3133,6.36
hop_368,C1[C@@H](F)CN(CCC2)[C@]12COC[C@@]3(C(=O)N(C[C@H]45)C[C@H](N5)CC4)[C@@H](SC[C@@H](O3)C)CC(=O)c6cc(O)cc(c67)ccc(F)c7C#C St 1 from C[C@@H]1CSC[C@H](O1)C,-3.89,0.4898,6.61
hop_369,C1[C@@H](F)CN(CCC2)[C@]12COC(=O)C[C@H]([C@@H](C\3=N\O)N(C[C@H]45)C[C@H](N5)CC4)[NH2+]C[C@@H]3Cc6cc(O)cc(c67)ccc(F)c7C#C St 1 from O/N=C1\[C@@H](C)C[NH2+]CC1,-4.49,0.5397,6.704
hop_370,C#Cc1c(F)ccc(c12)cc(O)cc2CS(=O)(=O)N[C@@H]([C@@H]3N(C[C@H]45)C[C@H](N5)CC4)[C@@H]([C@@H]36)N[C@@H](C6)CC(=O)OC[C@@]78N(C[C@H](F)C7)CCC8 St 1 from N1CC[C@@H]([C@@H]12)C[C@@H]2N,-8.19,0.5116,8.712
hop_371,C1[C@@H](F)CN(CCC2)[C@]12CO[C@@H]([C@@H]3N)[C@H](C4)[C@H](C)[C@H]([C@@]34N(C[C@H]56)C[C@H](N6)CC5)n(cn7)cc7-c8cc(O)cc(c89)ccc(F)c9C#C St 1 from C[C@H]([C@H]12)C[C@@H](C1)[C@@H](C2)N,-6.61,0.5525,7.001
hop_372,C1[C@@H](F)CN(CCC2)[C@]12COC(=O)N(C)C[C@@]3([C@@](CN4)([C@@H](C5)CC3)CN(C[C@H]67)C[C@H](N7)CC6)[C@]45CC(=O)c8cc(O)cc(c89)ccc(F)c9C#C St 2 from C[C@@]12[C@]3(C)[C@H](CC2)C[C@H]1NC3,-5.87,0.4439,6.708
hop_373,C1[C@@H](F)CN(CCC2)[C@]12COC(=O)N(C)[C@H]3C(C)(C)[C@H](C(C)(C)C[C@]3(O)CN(C[C@H]45)C[C@H](N5)CC4)c6cc(O)cc(c67)ccc(F)c7C#C St 2 from CC1(C)CC(C)(C)CC(C)(C1)O,-4.01,0.5255,6.725
hop_374,C1[C@@H](F)CN(CCC2)[C@]12COC(=O)[C@@]3(C)[C@](C)(N(C[C@H]45)C[C@H](N5)CC4)[C@H](C)N(C3=O)CC(=O)c6cc(O)cc(c67)ccc(F)c7C#C St 1 from O=C1[C@@H](C)[C@H](C)[C@@H](C)N1C,-7.41,0.4312,6.224
hop_375,C#Cc1c(F)ccc(c12)cc(O)cc2C[C@]34[N@@H+](CCc5c4cccc5)CC[C@](O)(C(=O)N(C[C@H]67)C[C@H](N7)CC6)[C@H]3N(C)C(=O)OC[C@@]89N(C[C@H](F)C8)CCC9 St 1 from c1cccc(c1[C@]23C)CC[N@H+]3CC[C@H](C2)O,15.27,0.4083,8.97
hop_376,C1[C@@H](F)CN(CCC2)[C@]12CO[C@]34[C@@H]([C@@H]5[C@H]([C@H]4CC5)N(C[C@H]67)C[C@H](N7)CC6)[NH2+][C@H]3\C=C\Cc8cc(O)cc(c89)ccc(F)c9C#C St 2 from C1[NH2+][C@@H]([C@@H]12)[C@@H]3C[C@H]2CC3,-4.32,0.3956,6.574
hop_377,C1C[C@@H](N2)CN(C[C@H]12)C(=O)[N@@H+]3CC[C@@](C#N)(OC[C@@]45N(C[C@H](F)C4)CCC5)[C@@H]([C@H]36)CC[C@H](C6)c7cc(O)cc(c78)ccc(F)c8C#C St 2 from N#C[C@H]1CC[NH2+][C@@H]([C@H]12)CCCC2,-6.0,0.5339,6.862
hop_378,C1[C@@H](F)CN(CCC2)[C@]12COC(=O)C[N@H+]([C@@H](CO[C@@H]3C)CN(C[C@H]45)C[C@H](N5)CC4)[C@]3(C)Cc6cc(O)cc(c67)ccc(F)c7C#C St 1 from CC1(C)[C@@H](C)OC[C@@H](C)[NH2+]1,-4.8,0.4513,6.405
hop_379,C#Cc1c(F)ccc(c12)cc(O)cc2C[C@H](O3)[C@@H](C4)OC(=O)[C@H](S(=O)(=O)CN(C[C@H]56)C[C@H](N6)CC5)[C@]34C(=O)OC[C@@]78N(C[C@H](F)C7)CCC8 St 1 from C[C@H]([C@H]12)O[C@@H](C1)CC(=O)O2,-3.25,0.4366,5.661
hop_380,C#Cc1c(F)ccc(c12)cc(O)cc2Cc3c(=O)[nH]c(OC[C@@]45N(C[C@H](F)C4)CCC5)n[n+]3C(=O)N(C[C@H]67)C[C@H](N7)CC6 St 1 from Cc1c(=O)[nH]cn[nH+]1,-6.88,0.5247,8.733
hop_381,C1[C@@H](F)CN(CCC2)[C@]12COc(cc(c3)N(C[C@H]45)C[C@H](N5)CC4)c(c36)NC(=N\O)\[C@@H](C6)c7cc(O)cc(c78)ccc(F)c8C#C St 2 from C1C/C(=N\O)Nc(c12)cccc2,-3.97,0.4636,6.497
hop_382,C1[C@@H](F)CN(CCC2)[C@]12COC(=O)C[C@H](NC(C)(C)C3)[C@@H]([N@@H+]34)[C@@H](N(C[C@H]56)C[C@H](N6)CC5)C[C@@H](C4)CC(=O)c7cc(O)cc(c78)ccc(F)c8C#C St 1 from C1NC(C)(C)C[N@@H+]([C@@H]12)CCCC2,-3.13,0.3498,6.536
hop_383,C1[C@@H](F)CN(CCC2)[C@]12COC(=O)N(C)[C@H]([C@H]3N(C[C@H]45)C[C@H](N5)CC4)[C@H]6[C@@H]([C@@H]3[C@@H]([C@@H]67)C[NH2+]7)N(C)C(=O)c8cc(O)cc(c89)ccc(F)c9C#C St 1 from C1[NH2+][C@@H]([C@@H]12)[C@@H]3C[C@H]2CC3,-2.79,0.486,6.509
hop_384,C#Cc1c(F)ccc(c12)cc(O)cc2-c(c3)cn(c34)C[C@H](N(C[C@H]56)C[C@H](N6)CC5)/C4=N/OC(=O)OC[C@@]78N(C[C@H](F)C7)CCC8 St 1 from c1ccn(c12)CCC\2=N\O,-8.78,0.6012,8.728
hop_385,C1[C@@H](F)CN(CCC2)[C@]12COc(c3)cc(N(C[C@H]45)C[C@H](N5)CC4)c6c3C[C@H](N([C@]67C)CC[C@@H](O)C7)C(=O)c8cc(O)cc(c89)ccc(F)c9C#C St 1 from c1cccc(c1[C@]23C)CCN3CC[C@H](C2)O,-3.25,0.4836,6.621
hop_386,C1[C@@H](F)CN(CCC2)[C@]12CO[C@H]([C@@H]3O)C[C@@H](N(C[C@H]45)C[C@H](N5)CC4)[C@H](C[NH2+]C6)[C@]36n(cn7)cc7-c8cc(O)cc(c89)ccc(F)c9C#C St 2 from C1[NH2+]C[C@H]([C@@H]12)CCC[C@@H]2O,-5.03,0.4709,6.991
hop_387,C#Cc1c(F)ccc(c12)cc(O)cc2[C@@H]3[C@@H](C#CCOC[C@@]45N(C[C@H](F)C4)CCC5)[N@@H+](C)C[C@H]([C@]36O)CCC[C@@H]6S(=O)(=O)CN(C[C@H]78)C[C@H](N8)CC7 St 3 from C1C[N@H+](C)C[C@@H]([C@@]12O)CCCC2,-4.54,0.397,6.373
hop_388,C1[C@@H](F)CN(CCC2)[C@]12COC(=O)C[C@H](N3C(=O)N(C[C@H]45)C[C@H](N5)CC4)[C@H](OC[C@H]3C)Cc6cc(O)cc(c67)ccc(F)c7C#C St 1 from C[C@@H]1CO[C@H](C)CN1,-6.36,0.4984,6.751
hop_389,C#Cc1c(F)ccc(c12)cc(O)cc2[C@@H](/C(=N/O)C(=C(C)OC3=O)[C@@]34CN(C[C@H]56)C[C@H](N6)CC5)[C@@]4(C)CCC(=O)OC[C@@]78N(C[C@H](F)C7)CCC8 St 1 from O=C1OC(C)=C([C@]12C)/C(=N\O)CC2(C)C,-5.9,0.7078,6.93
hop_390,C1[C@@H](F)CN(CCC2)[C@]12COC[C@]3(C)[C@](C)(C[C@H]4N(C[C@H]56)C[C@H](N6)CC5)C(N=NC7)=C7[C@@]34n(cn8)cc8-c9cc(O)cc(c19)ccc(F)c1C#C St 1 from CC1(C)[C@H](CC2)C(CN=N3)=C3[C@@]12C,-4.82,0.4115,7.215
hop_391,C1[C@@H](F)CN(CCC2)[C@]12CO[C@@H]3[C@H](C(=O)[C@H]4N(C[C@H]56)C[C@H](N6)CC5)[C@H]([C@@H]7[C@@H]34)C[C@H](C7)c8cc(O)cc(c89)ccc(F)c9C#C St 2 from O=C1C[C@@H](C2)[C@H]([C@@H]3[C@H]12)CCC3,-4.41,0.6354,6.766
hop_392,C1[C@@H](F)CN(CCC2)[C@]12COC(=O)C[C@]3(N[C@](C)([C@H](C)OC3)CN(C[C@H]45)C[C@H](N5)CC4)Cc6cc(O)cc(c67)ccc(F)c7C#C St 1 from CC1(C)[C@@H](C)OC[C@@H](C)N1,-4.01,0.5572,6.386
hop_393,C#Cc1c(F)ccc(c12)cc(O)cc2CS(=O)(=O)NC3=NC(=O)N[C@@H]([C@H]3N(C[C@H]45)C[C@H](N5)CC4)C(=O)OC[C@@]67N(C[C@H](F)C6)CCC7 St 1 from NC1=NC(=O)NCC1,-2.62,0.4826,8.667
hop_394,C#Cc1c(F)ccc(c12)cc(O)cc2[C@](C3=O)(CNc(n34)c(c(n4)C)N(C[C@H]56)C[C@H](N6)CC5)CN7CCC(CC7)OC[C@@]89N(C[C@H](F)C8)CCC9 St 1 from Cc(c1)nn(c12)C(=O)[C@H](C)CN2,-4.01,0.4809,6.907
hop_395,C1[C@@H](F)CN(CCC2)[C@]12COC(=O)CN[N@H+]3[C@](C)(CN(C[C@H]45)C[C@H](N5)CC4)CCC[C@]3(C)Cc6cc(O)cc(c67)ccc(F)c7C#C St 1 from CC1(C)CCCC(C)(C)[NH+]1N,-4.64,0.3107,6.105
hop_396,C#Cc1c(F)ccc(c12)cc(O)cc2[C@H]3[C@@H](OC(=C3C#N)NS(=O)(=O)CN(C[C@H]45)C[C@H](N5)CC4)CN(C)C(=O)OC[C@@]67N(C[C@H](F)C6)CCC7 St 1 from N#CC1=C(N)OCC1,-3.73,0.4285,6.558
hop_397,C1[C@@H](F)CN(CCC2)[C@]12COC(=O)C[C@H]([C@@]34C[C@H](CCC4)N(C[C@H]56)C[C@H](N6)CC5)[N@H+](C)[C@@H]3Cc7cc(O)cc(c78)ccc(F)c8C#C St 2 from C[N@@H+](C1)[C@H](C)C12CCCCC2,-4.49,0.4618,6.326
hop_398,C1[C@@H](F)CN(CCC2)[C@]12COC[C@@]3(C(=O)N(C[C@H]45)C[C@H](N5)CC4)[C@@H](N(C)CCC[N@H+]3C)S(=O)(=O)Cc6cc(O)cc(c67)ccc(F)c7C#C St 1 from C[C@@H]1CN(C)CCC[N@@H+]1C,-5.72,0.324,6.379
hop_399,C#Cc1c(F)ccc(c12)cc(O)cc2C(=O)[C@@H]([C@@H]3C[C@H]45)[C@@H](C4)C(=O)OC([C@H]5N(C[C@H]67)C[C@H](N7)CC6)[C@H]3OC[C@@]89N(C[C@H](F)C8)CCC9 St 1 from [C@@H]12C[C@H]3C[C@@H](C1)C(=O)OC(C2)C3,-7.22,0.5732,6.473
hop_400,C1[C@@H](F)CN(CCC2)[C@]12CO[C@H]([C@H](C[N@H+]3C)[C@@H]4N(C[C@H]56)C[C@H](N6)CC5)C(C)(C)[C@H]([C@@H]34)CCc7cc(O)cc(c78)ccc(F)c8C#C St 2 from CC(C)(C1)C[C@@H](C[C@@H]12)[N@@H+](C)C2,-6.81,0.4804,7.036
hop_401,C1C[C@@H](N2)CN(C[C@H]12)[C@]34C[N@@H+](C)[C@H]5C[C@@H]([C@H]4C(=O)OC[C@@]67N(C[C@H](F)C6)CCC7)C[C@@H](C3)[C@@H]5c8cc(O)cc(c89)ccc(F)c9C#C St 1 from C1[C@@H](C2)[N@@H+](C)C[C@H](C3)C[C@@H]2C[C@@H]13,-3.07,0.4252,5.868
hop_402,C1[C@@H](F)CN(CCC2)[C@]12COCS(=O)(=O)n(c(c(c34)ccn(N)c3=O)N(C[C@H]56)C[C@H](N6)CC5)c4Cc7cc(O)cc(c78)ccc(F)c8C#C St 1 from Cc1[nH]cc(c12)ccn(c2=O)N,-2.39,0.3627,6.842
hop_403,C1[C@@H](F)CN(CCC2)[C@]12CO[C@H](C\3=N/O)C[N@@H+](C(=O)N(C[C@H]45)C[C@H](N5)CC4)[C@@H]3CC(=O)c6cc(O)cc(c67)ccc(F)c7C#C St 1 from O/N=C1\CC[NH2+]C1,-6.13,0.4098,6.041
hop_404,C1[C@@H](F)CN(CCC2)[C@]12COC[C@@]3(C)N=N[C@@](C)([C@]3(O)C(=O)N(C[C@H]45)C[C@H](N5)CC4)Cc6cc(O)cc(c67)ccc(F)c7C#C St 1 from CC1(C)C(O)C(C)(C)N=N1,-6.82,0.5047,8.825
hop_405,C1[C@@H](F)CN(CCC2)[C@]12COC(=O)C[C@@H](Nc(c34)cc(Cl)c(Cl)c3)[C@](C)([N@H+]4C(=O)N(C[C@H]56)C[C@H](N6)CC5)CC(=O)c7cc(O)cc(c78)ccc(F)c8C#C St 1 from N1CC(C)(C)[NH2+]c(c12)cc(Cl)c(Cl)c2,-4.01,0.4555,6.901
hop_406,C#Cc1c(F)ccc(c12)cc(O)cc2Cc3[nH+]c([O-])c(N(C[C@H]45)C[C@H](N5)CC4)n3S(=O)(=O)COC[C@@]67N(C[C@H](F)C6)CCC7 St 1 from Cc1[nH]cc([O-])[nH+]1,-7.36,0.4589,8.592
hop_407,C1[C@@H](F)CN(CCC2)[C@]12CO[C@@H]3C[C@H](O4)[C@@]([C@@H]([C@@]345)CC(=O)OC5)(N(C[C@H]67)C[C@H](N7)CC6)CN8CCC(CC8)c9cc(O)cc(c19)ccc(F)c1C#C St 1 from C1C[C@H](O2)[C@@H](C)[C@@H]([C@@]123)CC(=O)OC3,-3.35,0.298,6.175
hop_408,C1[C@@H](F)CN(CCC2)[C@]12CO[C@H](CO3)C(=O)[C@H](N(C)C(=O)N(C[C@H]45)C[C@H](N5)CC4)[C@]3(C)Cc6cc(O)cc(c67)ccc(F)c7C#C St 1 from CC1(C)CC(=O)CCO1,-2.65,0.367,5.776
hop_409,C#Cc1c(F)ccc(c12)cc(O)cc2C(=O)Cn(c3=O)nc(C)c(c34)[C@H](N(C[C@H]56)C[C@H](N6)CC5)C[C@@H](C4)OC[C@@]78N(C[C@H](F)C7)CCC8 St 1 from Cc1nn(C)c(=O)c(c12)CCCC2,-3.87,0.5633,8.835
hop_410,C#Cc1c(F)ccc(c12)cc(O)cc2C(=O)C[C@H](O[C@H](C)[C@H](C3=O)N(C[C@H]45)C[C@H](N5)CC4)[C@]36CCCC[C@@H]6S(=O)(=O)COC[C@@]78N(C[C@H](F)C7)CCC8 St 1 from C1O[C@@H](C)CC(=O)C12CCCCC2,-4.99,0.4208,6.53
hop_411,C1[C@@H](F)CN(CCC2)[C@]12COC(=O)[C@@H]3S(=O)(=O)[C@H]([C@@H]([C@@H]34)[C@H](ON4)C(=O)N(C[C@H]56)C[C@H](N6)CC5)c7cc(O)cc(c78)ccc(F)c8C#C St 1 from C1S(=O)(=O)C[C@@H]([C@@H]12)NOC2,-4.41,0.4982,6.262
hop_412,c1c(Cl)ccc(O2)c1[C@](O)(C)C[C@@]23[C@@H](OC[C@@]45N(C[C@H](F)C4)CCC5)C[C@@H](N(C[C@H]67)C[C@H](N7)CC6)C[C@@H]3n(cn8)cc8-c9cc(O)cc(c19)ccc(F)c1C#C St 1 from c1c(Cl)ccc(O2)c1[C@](C)(O)CC23CCCCC3,-5.6,0.4068,7.096
hop_413,C#Cc1c(F)ccc(c12)cc(O)cc2C(=O)Cc(c3[O-])c(=O)[nH+]c(n34)c(N(C[C@H]56)C[C@H](N6)CC5)cc(c4)OC[C@@]78N(C[C@H](F)C7)CCC8 St 1 from [nH+]1c(=O)c(C)c([O-])n(c12)cccc2,-4.09,0.4659,6.659
hop_414,C1[C@@H](F)CN(CCC2)[C@]12COC[C@]3(C)[C@@H](N(C[C@H]45)C[C@H](N5)CC4)[C@@H](N[C@@H]3C)S(=O)(=O)Cc6cc(O)cc(c67)ccc(F)c7C#C St 1 from CC1(C)[C@H](C)NCC1,-5.78,0.3864,6.532
hop_415,C1C[C@@H](N2)CN(C[C@H]12)C(=O)N(C)CC/N=c(s3)\n(nc3OC[C@@]45N(C[C@H](F)C4)CCC5)CC(=O)c6cc(O)cc(c67)ccc(F)c7C#C St 1 from C/N=c1\[nH]ncs1,-7.01,0.2867,6.358
hop_416,C1[C@@H](F)CN(CCC2)[C@]12CO[C@@H]3[C@H](CN4C)[C@H]([C@H](C[C@H]4C[C@H]35)[C@@H]5N(C[C@H]67)C[C@H](N7)CC6)n(cn8)cc8-c9cc(O)cc(c19)ccc(F)c1C#C St 1 from C1[C@@H](C2)N(C)C[C@H](C3)C[C@@H]2C[C@@H]13,-6.1,0.5408,7.194
hop_417,C1[C@@H](F)CN(CCC2)[C@]12CO[C@@H](C3)C(=O)[C@@](O)([C@H]4[C@@H](C5(C)C)[C@]35N(C[C@H]67)C[C@H](N7)CC6)C[C@H]([C@@H]4C)c8cc(O)cc(c89)ccc(F)c9C#C St 1 from O=C1CC[C@@H](C2(C)C)[C@@H]2[C@@H]([C@@]13O)[C@H](C)CC3,-0.84,0.4621,9.128
hop_418,C1[C@@H](F)CN(CCC2)[C@]12COC[C@@H](C(=O)C3)[C@@H](N(C[C@H]45)C[C@H](N5)CC4)[C@H]([C@H](C6)CC7)[C@@H]3[C@@]67c8cc(O)cc(c89)ccc(F)c9C#C St 1 from C1C(=O)[C@@H](C)C[C@H]([C@H]12)[C@H]3C[C@@H]2CC3,-5.74,0.5576,9.149
hop_419,C1[C@@H](F)CN(CCC2)[C@]12COC(=O)[C@@H]([N@H+](C)C[C@@H]3C)[C@H](CN(C[C@H]45)C[C@H](N5)CC4)[C@@]3(C#C)OC(=O)c6cc(O)cc(c67)ccc(F)c7C#C St 1 from C#C[C@@]1(O)[C@H](C)C[N@H+](C)C[C@H]1C,-5.81,0.5554,6.727
hop_420,C1[C@@H](F)CN(CCC2)[C@]12COc(c3CCN4)cc(N(C[C@H]56)C[C@H](N6)CC5)c(c3[C@@H]47)CN(C)[C@@H]7C(=O)c8cc(O)cc(c89)ccc(F)c9C#C St 1 from C1CN[C@H]2CN(C)Cc3cccc1c23,-3.75,0.2592,6.369
hop_421,C1[C@@H](F)CN(CCC2)[C@]12COC(=O)CC[N@@H+](C[C@@H]([C@@]34CN(C)NC(O4)=O)N(C[C@H]56)C[C@H](N6)CC5)[C@@H](C3)CC(=O)c7cc(O)cc(c78)ccc(F)c8C#C St 1 from O=C(O1)NN(C)C[C@]12CC[N@@H+](C)CC2,-1.2,0.4134,6.615
hop_422,C1[C@@H](F)CN(CCC2)[C@]12COC(=O)N(C)[C@H]3[C@H](CCN(C)C(=O)N(C[C@H]45)C[C@H](N5)CC4)[C@@H](Cc(c36)noc6C)Cc7cc(O)cc(c78)ccc(F)c8C#C St 1 from Cc1onc(c12)C[C@@H](C)[C@@H](C)C2,-2.54,0.3573,6.96
hop_423,C1[C@@H](F)CN(CCC2)[C@]12CO[C@@H]([C@@H]([NH2+]3)CN(C[C@H]45)C[C@H](N5)CC4)C(=O)C[C@@]3(C)\C=C\Cc6cc(O)cc(c67)ccc(F)c7C#C St 1 from O=C1C[C@@H](C)[NH2+][C@H](C)C1,-5.59,0.3658,6.82
hop_424,C1[C@@H](F)CN(CCC2)[C@]12COC(=O)O[C@@]([C@H](C3)C4)(C(=O)N(C[C@H]56)C[C@H](N6)CC5)[C@H](OC7=O)[C@@H]3[C@@]47c8cc(O)cc(c89)ccc(F)c9C#C St 1 from O=C1O[C@@H]([C@H]2[C@@H]13)[C@@H](O)[C@H](C3)C2,-7.65,0.6516,8.893
hop_425,C#Cc1c(F)ccc(c12)cc(O)cc2[C@H](Cn(c34)nc([nH+]3)N(C[C@H]56)C[C@H](N6)CC5)CN4CC(=O)OC[C@@]78N(C[C@H](F)C7)CCC8 St 1 from [nH+]1cnn(c12)CCCN2,-3.24,0.5135,8.672
hop_426,C1[C@@H](F)CN(CCC2)[C@]12COc(cc3N(C[C@H]45)C[C@H](N5)CC4)n(c36)CC(=O)N([C@@H]6C)CC(=O)c7cc(O)cc(c78)ccc(F)c8C#C St 1 from C[C@@H]1N(C)C(=O)Cn(c12)ccc2,-3.91,0.501,6.543
hop_427,N#C[C@@H]1C(=O)N[C@H](C)C[C@]12[C@H](OC[C@@]34N(C[C@H](F)C3)CCC4)[C@H]([C@H]2N(C[C@H]56)C[C@H](N6)CC5)N7CCC(CC7)c8cc(O)cc(c89)ccc(F)c9C#C St 1 from C1CCC12[C@H](C#N)C(=O)N[C@H](C)C2,-3.45,0.391,6.904
hop_428,C1[C@@H](F)CN(CCC2)[C@]12CO[C@H](C[NH2+]C3)[C@@H]([C@@]34N(C[C@H]56)C[C@H](N6)CC5)NCC[C@@H]4C#CCc7cc(O)cc(c78)ccc(F)c8C#C St 2 from C1[NH2+]CC[C@@H]([C@@H]12)NCCC2,-3.0,0.3298,5.949
hop_429,C#Cc1c(F)ccc(c12)cc(O)cc2C(=O)C[C@@](C)(C(=O)CC3)[C@H]4CC[C@H]([C@]([C@]345)(COC5)N(C[C@H]67)C[C@H](N7)CC6)OC[C@@]89N(C[C@H](F)C8)CCC9 St 2 from C1CC(=O)C(C)(C)[C@H]2CCC[C@H]([C@]123)COC3,-5.53,0.4277,6.813
hop_430,C1C[C@@H](N2)CN(C[C@H]12)[C@@H]3COC[C@]34CCN(C[C@@H]4N(C)C(=O)OC[C@@]56N(C[C@H](F)C5)CCC6)C(=O)c7cc(O)cc(c78)ccc(F)c8C#C St 2 from C1OCCC12CCNCC2,-4.15,0.4187,6.553
hop_431,C1[C@@H](F)CN(CCC2)[C@]12COC(=O)C(=C3N)[C@@H](N(C[C@H]45)C[C@H](N5)CC4)C(=C36)CCC[C@@H]6Cc7cc(O)cc(c78)ccc(F)c8C#C St 1 from C[C@@H]1CCCC(=C12)CC=C2N,-4.98,0.4818,6.781
hop_432,C1[C@@H](F)CN(CCC2)[C@]12CO[C@@H](C[C@H]([C@@H]3[NH3+])N(C[C@H]45)C[C@H](N5)CC4)[C@@H](CN(C)C6)[C@@]36NS(=O)(=O)Cc7cc(O)cc(c78)ccc(F)c8C#C St 4 from CN(C1)C[C@@H]([C@H]12)CCC[C@@H]2[NH3+],-6.18,0.4764,6.853
hop_433,C1[C@@H](F)CN(CCC2)[C@]12COC(=O)N(C)C[C@@](c(c34)[nH]nc3)(N(C4=O)CC(=O)N(C[C@H]56)C[C@H](N6)CC5)Cc7cc(O)cc(c78)ccc(F)c8C#C St 1 from O=C1N(C)[C@H](C)c(c12)[nH]nc2,-6.02,0.3778,6.646
hop_434,O=c1nc(C)[nH]c2c1C[C@H](OC[C@@]34N(C[C@H](F)C3)CCC4)[C@H]([C@]25N(C[C@H]67)C[C@H](N7)CC6)C[N@H+](C)[C@H]5S(=O)(=O)Cc8cc(O)cc(c89)ccc(F)c9C#C St 1 from O=c1nc(C)[nH]c2c1CC[C@@H]([C@@H]23)C[N@@H+](C)C3,-6.27,0.5024,6.9
hop_435,C1[C@@H](F)CN(CCC2)[C@]12COc(c(F)c3N(C[C@H]45)C[C@H](N5)CC4)c(Cl)c(c36)oc(n6)NS(=O)(=O)Cc7cc(O)cc(c78)ccc(F)c8C#C St 1 from Nc(o1)nc(c12)cc(F)cc2Cl,-6.15,0.3091,8.665
hop_436,C1[C@@H](F)CN(CCC2)[C@]12COC(=O)N(C)C[C@@H]([C@H](C3)N(C[C@H]45)C[C@H](N5)CC4)[C@H](c(c36)sc([nH+]6)N)N(C)C(=O)c7cc(O)cc(c78)ccc(F)c8C#C St 1 from C1C[C@@H](C)Cc(c12)sc(N)[nH+]2,-2.81,0.3681,6.588
hop_437,C1[C@@H](F)CN(CCC2)[C@]12COC[C@](C)(C(=O)C3)NC[C@]3(S(=O)(=O)CN(C[C@H]45)C[C@H](N5)CC4)Cc6cc(O)cc(c67)ccc(F)c7C#C St 1 from CC1(C)C(=O)C[C@@H](C)CN1,-6.53,0.5235,6.52
hop_438,C1[C@@H](F)CN(CCC2)[C@]12COCC(C(=O)[C@@H](C)C3=O)=C(N34)[C@@H](N(C[C@H]56)C[C@H](N6)CC5)[C@@H](C4)N(C)C(=O)c7cc(O)cc(c78)ccc(F)c8C#C St 1 from CC1C(=O)[C@H](C)C(=O)N(C=12)CCC2,-3.71,0.3727,6.036
hop_439,C1[C@@H](F)CN(CCC2)[C@]12COC(=O)N(C)[C@]34[C@@H]5[C@@H]6[C@@]3(N(C[C@H]78)C[C@H](N8)CC7)C[C@@H]9[C@H]4[C@H]([C@H]5[C@@H]9C6=O)c1cc(O)cc(c12)ccc(F)c2C#C St 1 from [C@@H]12[C@H]3[C@H]4[C@@H]1C[C@@H]5[C@H]4C[C@H]3[C@@H]5C2=O,-3.73,0.4836,6.568
hop_440,C#Cc1c(F)ccc(c12)cc(O)cc2[C@@H](C3)[C@]34C[C@H]5C[C@@H](C4)[C@@H](N(C[C@H]67)C[C@H](N7)CC6)C(=O)[C@@H]5OC[C@@]89N(C[C@H](F)C8)CCC9 St 1 from C1CC12C[C@@H]3CC(=O)C[C@H](C2)C3,-4.66,0.5046,6.84
hop_441,C1[C@@H](F)CN(CCC2)[C@]12COC(=O)N(C)[C@H]([C@@H](C3)[C@H]([C@@H](C(O4)=O)[C@H]5[C@H]34)N(C[C@H]67)C[C@H](N7)CC6)[C@@H]5C(=O)c8cc(O)cc(c89)ccc(F)c9C#C St 1 from O=C1O[C@H]([C@@H]2[C@H]13)C[C@@H](C3)CC2,-3.91,0.4784,6.558
hop_442,C1[C@@H](F)CN(CCC2)[C@]12CO[C@](C)([C@@]3(C#C)N(C[C@H]45)C[C@H](N5)CC4)CN(C[C@H]3C)S(=O)(=O)Cc6cc(O)cc(c67)ccc(F)c7C#C St 2 from C#C[C@H]1[C@H](C)CNC[C@H]1C,-4.61,0.4411,6.531
hop_443,C1[C@@H](F)CN(CCC2)[C@]12COC(=O)CC3=C(CN(C[C@H]45)C[C@H](N5)CC4)C[C@@H](C)[C@@H](CC3)C(=O)c6cc(O)cc(c67)ccc(F)c7C#C St 1 from CC1=CCCC[C@H](C)C1,-5.25,0.7284,9.441
hop_444,C1[C@@H](F)CN(CCC2)[C@]12CO[C@@H]([C@H]34)C(C)(C)[C@](C)([C@H](CN4C)[C@@H]3N(C[C@H]56)C[C@H](N6)CC5)n(cn7)cc7-c8cc(O)cc(c89)ccc(F)c9C#C St 2 from C[C@H]1C(C)(C)C[C@H](C[C@H]12)N(C)C2,-2.94,0.2933,6.603
hop_445,C1[C@@H](F)CN(CCC2)[C@]12CO[C@@H]([C@]3(C)CN(C[C@H]45)C[C@H](N5)CC4)CC(=O)C[C@H](C3)Cc6cc(O)cc(c67)ccc(F)c7C#C St 1 from CC1(C)C[C@@H](C)CC(=O)CC1,-5.18,0.5325,6.628
hop_446,C1[C@@H](F)CN(CCC2)[C@]12COC(=O)N([C@@H]3C(=O)N(C[C@H]45)C[C@H](N5)CC4)C(=O)[C@H](O)[C@]3(C)Cc6cc(O)cc(c67)ccc(F)c7C#C St 1 from CC1(C)[C@@H](O)C(=O)NC1,-4.65,0.4651,5.935
hop_447,C1[C@@H](F)CN(CCC2)[C@]12CO[C@@H](C3)C[C@H](C4)[N@@H+](C[C@@]34N(C[C@H]56)C[C@H](N6)CC5)CC(=O)c7cc(O)cc(c78)ccc(F)c8C#C St 1 from C[N@@H+](C1)[C@H](C[C@H]12)CCC2,-7.95,0.5655,9.259
hop_448,C1[C@@H](F)CN(CCC2)[C@]12COc3c(F)c(N(C[C@H]45)C[C@H](N5)CC4)c(c6c37)[nH]cc6[C@@H](CNC7=O)C(=O)c8cc(O)cc(c89)ccc(F)c9C#C St 2 from c12c3c[nH]c1cc(F)cc2C(=O)NCC3,-5.73,0.4908,6.793
hop_449,C#Cc1c(F)ccc(c12)cc(O)cc2[C@H]([C@H](N3)CNS(=O)(=O)CN(C[C@H]45)C[C@H](N5)CC4)Cn(c36)nc[n+]6C(=O)OC[C@@]78N(C[C@H](F)C7)CCC8 St 1 from C[C@@H](N1)CCn(c12)nc[nH+]2,-5.56,0.3324,6.413
