index,Example,IUPAC
1,1,"(R)-1-(7-(8-ethyl-7-fluoro-3-hydroxynaphthalen-1-yl)-2-((hexahydro-1H-pyrrolizin-7a-yl)methoxy)-5,6,7,8-tetrahydropyrido[3,4-d]pyrimidin-4-yl)-3-methylpiperidin-3-ol"
2,2,"(R)-1-(7-(8-ethyl-7-fluoro-3-hydroxynaphthalen-1-yl)-2-(((2R,7aS)-2-fluorohexahydro-1H-pyrrolizin-7a-yl)methoxy)-5,6,7,8-tetrahydropyrido[3,4-d]pyrimidin-4-yl)-3-methylpiperidin-3-ol"
3,3,"(R)-1-(7-(8-ethyl-7-fluoronaphthalen-1-yl)-2-((hexahydro-1H-pyrrolizin-7a-yl)methoxy)-5,6,7,8-tetrahydropyrido[3,4-d]pyrimidin-4-yl)-3-methylpiperidin-3-ol"
4,4,"1-(7-(8-ethylnaphthalen-1-yl)-2-((hexahydro-1H-pyrrolizin-7a-yl)methoxy)-5,6,7,8-tetrahydropyrido[3,4-d]pyrimidin-4-yl)-3-methylpiperidin-3-ol"
5,5,"7-(8-ethylnaphthalen-1-yl)-2-((hexahydro-1H-pyrrolizin-7a-yl)methoxy)-N-(pyridin-3-yl)-5,6,7,8-tetrahydropyrido[3,4-d]pyrimidin-4-amine"
6,6,"4-(7-(8-ethylnaphthalen-1-yl)-2-((tetrahydro-1H-pyrrolizin-7a(5H)-yl)methoxy)-5,6,7,8-tetrahydropyrido[3,4-d]pyrimidin-4-yl)-1,4-oxazepan-6-ol"
7,7,"1-(7-(8-ethylnaphthalen-1-yl)-2-((tetrahydro-1H-pyrrolizin-7a(5H)-yl)methoxy)-5,6,7,8-tetrahydropyrido[3,4-d]pyrimidin-4-yl)azepan-4-ol"
8,8,"(5-(7-(8-ethylnaphthalen-1-yl)-2-((tetrahydro-1H-pyrrolizin-7a(5H)-yl)methoxy)-5,6,7,8-tetrahydropyrido[3,4-d]pyrimidin-4-yl)-5,6,7,8-tetrahydro-4H-pyrazolo[1,5-a][1,4]diazepin-2-yl)methanol"
9,9,"4-(7-(8-ethylnaphthalen-1-yl)-2-((tetrahydro-1H-pyrrolizin-7a(5H)-yl)methoxy)-5,6,7,8-tetrahydropyrido[3,4-d]pyrimidin-4-yl)-6-(1H-pyrazol-1-yl)-1,4-oxazepane"
10,10,"5-(7-(8-ethylnaphthalen-1-yl)-2-((tetrahydro-1H-pyrrolizin-7a(5H)-yl)methoxy)-5,6,7,8-tetrahydropyrido[3,4-d]pyrimidin-4-yl)-5,6,7,8-tetrahydro-4H-pyrazolo[1,5-a][1,4]diazepin-2-amine"
11,11,"(3aR,6aS)-5-(7-(8-ethylnaphthalen-1-yl)-2-((tetrahydro-1H-pyrrolizin-7a(5H)-yl)methoxy)-5,6,7,8-tetrahydropyrido[3,4-d]pyrimidin-4-yl)tetrahydropyrrolo[3,4-c]pyrrole-1,3(2H,3aH)-dione"
12,12,"7-(7-(8-ethylnaphthalen-1-yl)-2-((tetrahydro-1H-pyrrolizin-7a(5H)-yl)methoxy)-5,6,7,8-tetrahydropyrido[3,4-d]pyrimidin-4-yl)-1,3,7-triazaspiro[4.5]decane-2,4-dione"
13,13,"1-(7-(8-ethylnaphthalen-1-yl)-2-((tetrahydro-1H-pyrrolizin-7a(5H)-yl)methoxy)-5,6,7,8-tetrahydropyrido[3,4-d]pyrimidin-4-yl)-5-(hydroxymethyl)azepan-4-ol"
14,14,"7-(8-ethylnaphthalen-1-yl)-4-(3-(methylsulfonyl)azocan-1-yl)-2-((tetrahydro-1H-pyrrolizin-7a(5H)-yl)methoxy)-5,6,7,8-tetrahydropyrido[3,4-d]pyrimidine"
15,15,"(R)-1-(7-(5,6-dimethyl-1H-indazol-4-yl)-2-((hexahydro-1H-pyrrolizin-7a-yl)methoxy)-5,6,7,8-tetrahydropyrido[3,4-d]pyrimidin-4-yl)-3-methylpiperidin-3-ol"
16,16,"6-(7-(8-ethylnaphthalen-1-yl)-2-((hexahydro-1H-pyrrolizin-7a-yl)methoxy)-5,6,7,8-tetrahydropyrido[3,4-d]pyrimidin-4-yl)-1,6-diazaspiro[3.5]nonan-2-one"
17,17,"4-(4-(((2-aminopyridin-3-yl)methyl)amino)-2-(((2R,7aS)-2-fluorohexahydro-1H-pyrrolizin-7a-)yl)methoxy)-5,6-dihydropyrido[3,4-d]pyrimidin-7(8H)-yl)-5-ethyl-6-fluoronaphthalen-2-ol"
18,18,"4-(4-(2-amino-7,8-dihydro-4H-pyrazolo[1,5-a][1,4]diazepin-5(6H)-yl)-2-(((2R,7aS)-2-fluorohexahydro-1H-pyrrolizin-7a-yl)methoxy)-5,6-dihydropyrido[3,4-d]pyrimidin-7(8H)-yl)-5-ethyl-6-fluoronaphthalen-2-ol"
19,19,"4-(4-(3-(1H-1,2,4-triazol-5-yl)piperidin-1-yl)-2-(((2R,7aS)-2-fluorotetrahydro-1H-pyrrolizin-7a(5H)-yl)methoxy)-5,8-dihydropyrido[3,4-d]pyrimidin-7(6H)-yl)-5-ethyl-6-fluoronaphthalen-2-ol"
20,20,"4-(7-(8-ethyl-7-fluoro-3-hydroxynaphthalen-1-yl)-2-(((2R,7aS)-2-fluorohexahydro-1H-pyrrolizin-7a-yl)methoxy)-5,6,7,8-tetrahydropyrido[3,4-d]pyrimidin-4-yl)-6-methyl-1,4-oxazepan-6-ol"
21,21,"6-(7-(8-ethyl-7-fluoro-3-hydroxynaphthalen-1-yl)-2-(((2R,7aS)-2-fluorohexahydro-1H-pyrrolizin-7a-yl)methoxy)-5,6,7,8-tetrahydropyrido[3,4-d]pyrimidin-4-yl)-1,6-diazaspiro[3.5]nonan-2-one"
22,22,"4-(7-(8-ethylnaphthalen-1-yl)-2-((hexahydro-1H-pyrrolizin-7a-yl)methoxy)-5,6,7,8-tetrahydropyrido[3,4-d]pyrimidin-4-yl)-6-methyl-1,4-oxazepan-6-ol"
23,23,"4-(4-(((1H-pyrrolo[2,3-b]pyridin-3-yl)methyl)amino)-2-(((2R,7aS)-2-fluorohexahydro-1H-pyrrolizin-7a-yl)methoxy)-5,6-dihydropyrido[3,4-d]pyrimidin-7(8H)-yl)-5-ethyl-6-fluoronaphthalen-2-ol"
24,24,"5-(7-(8-ethyl-7-fluoro-3-hydroxynaphthalen-1-yl)-2-(((2R,7aS)-2-fluorohexahydro-1H-pyrrolizin-7a-yl)methoxy)-5,6,7,8-tetrahydropyrido[3,4-d]pyrimidin-4-yl)tetrahydropyrrolo[3,4-c]pyrrole-1,3(2H,3aH)-dione"
25,25,"4-(4-(6-(1H-pyrazol-1-yl)-1,4-oxazepan-4-yl)-2-(((2R,7aS)-2-fluorohexahydro-1H-pyrrolizin-7a-yl)methoxy)-5,6-dihydropyrido[3,4-d]pyrimidin-7(8H)-yl)-5-ethyl-6-fluoronaphthalen-2-ol"
26,26,"4-(4-(3-(4-amino-1H-pyrazol-5-yl)pyrrolidin-1-yl)-2-(((2R,7aS)-2-fluorohexahydro-1H-pyrrolizin-7a-yl)methoxy)-5,6-dihydropyrido[3,4-d]pyrimidin-7(8H)-yl)-5-ethyl-6-fluoronaphthalen-2-ol"
27,27,"1-(7-(8-ethyl-7-fluoro-3-hydroxynaphthalen-1-yl)-2-(((2R,7aS)-2-fluorohexahydro-1H-pyrrolizin-7a-yl)methoxy)-5,6,7,8-tetrahydropyrido[3,4-d]pyrimidin-4-yl)piperidin-3-ol"
28,28,"5-ethyl-6-fluoro-4-(2-(((2R,7aS)-2-fluorohexahydro-1H-pyrrolizin-7a-yl)methoxy)-4-(3-(methylsulfonyl)azepan-1-yl)-5,6-dihydropyrido[3,4-d]pyrimidin-7(8H)-yl)naphthalen-2-ol"
29,29,"4-(7-(8-ethyl-7-fluoro-3-hydroxynaphthalen-1-yl)-2-(((2R,7aS)-2-fluorohexahydro-1H-pyrrolizin-7a-yl)methoxy)-5,6,7,8-tetrahydropyrido[3,4-d]pyrimidin-4-yl)-1,4-oxazepan-6-ol"
30,30,"1-(7-(8-ethyl-7-fluoro-3-hydroxynaphthalen-1-yl)-2-(((2R,7aS)-2-fluorohexahydro-1H-pyrrolizin-7a-yl)methoxy)-5,6,7,8-tetrahydropyrido[3,4-d]pyrimidin-4-yl)azepan-4-ol"
31,31,"4-(4-(([1,2,4]triazolo[4,3-a]pyridin-6-ylmethyl)amino)-2-(((2R,7aS)-2-fluorohexahydro-1H-pyrrolizin-7a-yl)methoxy)-5,6-dihydropyrido[3,4-d]pyrimidin-7(8H)-yl)-5-ethyl-6-fluoronaphthalen-2-ol"
32,32,"3-(difluoromethyl)-1-(7-(8-ethyl-7-fluoro-3-hydroxynaphthalen-1-yl)-2-(((2R,7aS)-2-fluorohexahydro-1H-pyrrolizin-7a-yl)methoxy)-5,6,7,8-tetrahydropyrido[3,4-d]pyrimidin-4-yl)piperidin-3-ol"
33,33,"1-(7-(8-ethyl-7-fluoro-3-hydroxynaphthalen-1-yl)-2-(((2R,7aS)-2-fluorohexahydro-1H-pyrrolizin-7a-yl)methoxy)-5,6,7,8-tetrahydropyrido[3,4-d]pyrimidin-4-yl)-5-(hydroxymethyl)azepan-4-ol"
34,34,"5-ethyl-6-fluoro-4-(2-(((2R,7aS)-2-fluorohexahydro-1H-pyrrolizin-7a-yl)methoxy)-4-(2-(hydroxymethyl)-7,8-dihydro-4H-pyrazolo[1,5-a][1,4]diazepin-5(6H)-yl)-5,6-dihydropyrido[3,4-d]pyrimidin-7(8H)-yl)naphthalen-2-ol"
35,35,"6-(7-(8-ethyl-7-fluoro-3-hydroxynaphthalen-1-yl)-2-(((2R,7aS)-2-fluorohexahydro-1H-pyrrolizin-7a-yl)methoxy)-5,6,7,8-tetrahydropyrido[3,4-d]pyrimidin-4-yl)-6-azabicyclo[3.2.1]octan-3-ol"
36,36,"5-ethyl-6-fluoro-4-(2-(((2R,7aS)-2-fluorotetrahydro-1H-pyrrolizin-7a(5H)-yl)methoxy)-4-(3-(methylsulfonyl)azocan-1-yl)-5,8-dihydropyrido[3,4-d]pyrimidin-7(6H)-yl)naphthalen-2-ol"
37,37,"(4-(7-(8-ethylnaphthalen-1-yl)-2-((hexahydro-1H-pyrrolizin-7a-yl)methoxy)-5,6,7,8-tetrahydropyrido[3,4-d]pyrimidin-4-yl)-1,4-oxazepan-6-yl)methanol"
38,38,"(1-(7-(8-ethylnaphthalen-1-yl)-2-((hexahydro-1H-pyrrolizin-7a-yl)methoxy)-5,6,7,8-tetrahydropyrido[3,4-d]pyrimidin-4-yl)azepan-3-yl)methanol"
39,39,"N-([1,2,4]triazolo[4,3-a]pyridin-6-ylmethyl)-7-(8-ethylnaphthalen-1-yl)-2-((hexahydro-1H-pyrrolizin-7a-yl)methoxy)-5,6,7,8-tetrahydropyrido[3,4-d]pyrimidin-4-amine"
40,40,"N-((2-aminopyridin-3-yl)methyl)-7-(8-ethylnaphthalen-1-yl)-2-((hexahydro-1H-pyrrolizin-7a-yl)methoxy)-5,6,7,8-tetrahydropyrido[3,4-d]pyrimidin-4-amine"
41,41,"6-(7-(8-ethylnaphthalen-1-yl)-2-((hexahydro-1H-pyrrolizin-7a-yl)methoxy)-5,6,7,8-tetrahydropyrido[3,4-d]pyrimidin-4-yl)-6-azabicyclo[3.2.1]octan-3-ol"
42,42,"7-(8-ethylnaphthalen-1-yl)-2-((hexahydro-1H-pyrrolizin-7a-yl)methoxy)-4-(3-(methylsulfonyl)azepan-1-yl)-5,6,7,8-tetrahydropyrido[3,4-d]pyrimidine"
43,43,"1-(7-(8-ethylnaphthalen-1-yl)-2-((hexahydro-1H-pyrrolizin-7a-yl)methoxy)-5,6,7,8-tetrahydropyrido[3,4-d]pyrimidin-4-yl)piperidin-3-ol"
44,44,"3-(difluoromethyl)-1-(7-(8-ethylnaphthalen-1-yl)-2-((hexahydro-1H-pyrrolizin-7a-yl)methoxy)-5,6,7,8-tetrahydropyrido[3,4-d]pyrimidin-4-yl)piperidin-3-ol"
45,45,"N-((1H-pyrrolo[2,3-b]pyridin-3-yl)methyl)-7-(8-ethylnaphthalen-1-yl)-2-((hexahydro-1H-pyrrolizin-7a-yl)methoxy)-5,6,7,8-tetrahydropyrido[3,4-d]pyrimidin-4-amine"
46,46,"5-(1-(7-(8-ethylnaphthalen-1-yl)-2-((hexahydro-1H-pyrrolizin-7a-yl)methoxy)-5,6,7,8-tetrahydropyrido[3,4-d]pyrimidin-4-yl)pyrrolidin-3-yl)-1H-pyrazol-4-amine"
47,47,"4-(7-(8-ethylnaphthalen-1-yl)-2-((hexahydro-1H-pyrrolizin-7a-yl)methoxy)-5,6,7,8-tetrahydropyrido[3,4-d]pyrimidin-4-yl)-1,4-oxazepane"
48,48,"1-(7-(8-ethylnaphthalen-1-yl)-2-((hexahydro-1H-pyrrolizin-7a-yl)methoxy)-5,6,7,8-tetrahydropyrido[3,4-d]pyrimidin-4-yl)azepan-3-ol"
49,49,"4-(azepan-1-yl)-7-(8-ethylnaphthalen-1-yl)-2-((hexahydro-1H-pyrrolizin-7a-yl)methoxy)-5,6,7,8-tetrahydropyrido[3,4-d]pyrimidine"
50,50,"5-(7-(8-ethylnaphthalen-1-yl)-2-((hexahydro-1H-pyrrolizin-7a-yl)methoxy)-5,6,7,8-tetrahydropyrido[3,4-d]pyrimidin-4-yl)-5,6,7,8-tetrahydro-4H-pyrazolo[1,5-a][1,4]diazepin-7-ol"
51,51,"4-(7,8-dihydro-4H-pyrazolo[1,5-a][1,4]diazepin-5(6H)-yl)-7-(8-ethylnaphthalen-1-yl)-2-((hexahydro-1H-pyrrolizin-7a-yl)methoxy)-5,6,7,8-tetrahydropyrido[3,4-d]pyrimidine"
52,52,"5-(7-(8-ethylnaphthalen-1-yl)-2-((hexahydro-1H-pyrrolizin-7a-yl)methoxy)-5,6,7,8-tetrahydropyrido[3,4-d]pyrimidin-4-yl)hexahydropyrrolo[3,4-c]pyrrol-1(2H)-one"
53,53,"4-(3-(1H-1,2,4-triazol-5-yl)piperidin-1-yl)-7-(8-ethylnaphthalen-1-yl)-2-((hexahydro-1H-pyrrolizin-7a-yl)methoxy)-5,6,7,8-tetrahydropyrido[3,4-d]pyrimidine"
54,54,"4-(azocan-1-yl)-7-(8-ethylnaphthalen-1-yl)-2-((hexahydro-1H-pyrrolizin-7a-yl)methoxy)-5,6,7,8-tetrahydropyrido[3,4-d]pyrimidine"
55,55,"6-(7-(8-ethylnaphthalen-1-yl)-2-((hexahydro-1H-pyrrolizin-7a-yl)methoxy)-5,6,7,8-tetrahydropyrido[3,4-d]pyrimidin-4-yl)-6,7,8,9-tetrahydro-5H-pyrido[3,2-c]azepine"
56,56,"7-(8-ethylnaphthalen-1-yl)-2-((hexahydro-1H-pyrrolizin-7a-yl)methoxy)-4-(2-methyl-7,8-dihydro-4H-pyrazolo[1,5-a][1,4]diazepin-5(6H)-yl)-5,6,7,8-tetrahydropyrido[3,4-d]pyrimidine"
57,57,"7-(8-ethylnaphthalen-1-yl)-2-((hexahydro-1H-pyrrolizin-7a-yl)methoxy)-4-(piperidin-1-yl)-5,6,7,8-tetrahydropyrido[3,4-d]pyrimidine"
58,58,"7-(8-ethylnaphthalen-1-yl)-2-((hexahydro-1H-pyrrolizin-7a-yl)methoxy)-4-(4-(pyrimidin-4-yl)piperazin-1-yl)-5,6,7,8-tetrahydropyrido[3,4-d]pyrimidine"
59,59,"7-(7-(8-ethyl-7-fluoro-3-hydroxynaphthalen-1-yl)-2-(((2R,7aS)-2-fluorohexahydro-1H-pyrrolizin-7a-yl)methoxy)-5,6,7,8-tetrahydropyrido[3,4-d]pyrimidin-4-yl)-1,3,7-triazaspiro[4.5]decane-2,4-dione"
60,60,"6-(7-(8-ethyl-7-fluoro-3-hydroxynaphthalen-1-yl)-2-(((2R,7aS)-2-fluorohexahydro-1H-pyrrolizin-7a-yl)methoxy)-5,6,7,8-tetrahydropyrido[3,4-d]pyrimidin-4-yl)-6-azaspiro[3.5]nonan-2-ol"
61,61,"7-(7-(8-ethyl-7-fluoro-3-hydroxynaphthalen-1-yl)-2-(((2R,7aS)-2-fluorohexahydro-1H-pyrrolizin-7a-yl)methoxy)-5,6,7,8-tetrahydropyrido[3,4-d]pyrimidin-4-yl)-2-thia-1,3,7-triazaspiro[4.5]decane 2,2-dioxide"
62,62,"7-(7-(8-ethyl-7-fluoro-3-hydroxynaphthalen-1-yl)-2-(((2R,7aS)-2-fluorohexahydro-1H-pyrrolizin-7a-yl)methoxy)-5,6,7,8-tetrahydropyrido[3,4-d]pyrimidin-4-yl)-1,3,7-triazaspiro[4.5]decan-2-one"
63,63,"3-(7-(8-ethyl-7-fluoro-3-hydroxynaphthalen-1-yl)-2-(((2R,7aS)-2-fluorohexahydro-1H-pyrrolizin-7a-yl)methoxy)-5,6,7,8-tetrahydropyrido[3,4-d]pyrimidin-4-yl)-3-azabicyclo[3.2.1]octan-6-ol"
64,64,"6-(7-(8-ethyl-7-fluoro-3-hydroxynaphthalen-1-yl)-2-(((2R,7aS)-2-fluorohexahydro-1H-pyrrolizin-7a-yl)methoxy)-5,6,7,8-tetrahydropyrido[3,4-d]pyrimidin-4-yl)-2,6-diazaspiro[3.5]nonan-1-one"
65,65,"5-ethyl-6-fluoro-4-(2-(((2R,7aS)-2-fluorohexahydro-1H-pyrrolizin-7a-yl)methoxy)-4-(6-(hydroxymethyl)-1,4-oxazepan-4-yl)-5,6-dihydropyrido[3,4-d]pyrimidin-7(8H)-yl)naphthalen-2-ol"
66,66,"5-(7-(8-ethyl-7-fluoro-3-hydroxynaphthalen-1-yl)-2-(((2R,7aS)-2-fluorohexahydro-1H-pyrrolizin-7a-yl)methoxy)-5,6,7,8-tetrahydropyrido[3,4-d]pyrimidin-4-yl)-N,N-dimethyl-5,6,7,8-tetrahydro-4H-pyrazolo[1,5-a][1,4]diazepine-2-carboxamide"
67,67,"4-(4-(3-(1H-pyrazol-1-yl)piperidin-1-yl)-2-(((2R,7aS)-2-fluorohexahydro-1H-pyrrolizin-7a-yl)methoxy)-5,6-dihydropyrido[3,4-d]pyrimidin-7(8H)-yl)-5-ethyl-6-fluoronaphthalen-2-ol"
68,68,"(R)-1-(7-(8-chloro-7-fluoro-3-hydroxynaphthalen-1-yl)-2-(((2R,7aS)-2-fluorohexahydro-1H-pyrrolizin-7a-yl)methoxy)-5,6,7,8-tetrahydropyrido[3,4-d]pyrimidin-4-yl)-3-methylpiperidin-3-ol"
69,69,"7-(7-(8-chloro-7-fluoro-3-hydroxynaphthalen-1-yl)-2-(((2R,7aS)-2-fluorohexahydro-1H-pyrrolizin-7a-yl)methoxy)-5,6,7,8-tetrahydropyrido[3,4-d]pyrimidin-4-yl)-1,3,7-triazaspiro[4.5]decane-2,4-dione"
70,70,"6-(7-(8-chloro-7-fluoro-3-hydroxynaphthalen-1-yl)-2-(((2R,7aS)-2-fluorohexahydro-1H-pyrrolizin-7a-yl)methoxy)-5,6,7,8-tetrahydropyrido[3,4-d]pyrimidin-4-yl)-1,6-diazaspiro[3.5]nonan-2-one"
71,71,"6-(7-(8-chloro-7-fluoro-3-hydroxynaphthalen-1-yl)-2-(((2R,7aS)-2-fluorohexahydro-1H-pyrrolizin-7a-yl)methoxy)-5,6,7,8-tetrahydropyrido[3,4-d]pyrimidin-4-yl)-6-azaspiro[3.5]nonan-2-ol"
72,72,"7-(7-(8-chloro-7-fluoro-3-hydroxynaphthalen-1-yl)-2-(((2R,7aS)-2-fluorohexahydro-1H-pyrrolizin-7a-yl)methoxy)-5,6,7,8-tetrahydropyrido[3,4-d]pyrimidin-4-yl)-2-thia-1,3,7-triazaspiro[4.5]decane 2,2-dioxide"
73,73,"5-chloro-6-fluoro-4-(2-(((2R,7aS)-2-fluorohexahydro-1H-pyrrolizin-7a-yl)methoxy)-4-(6-(hydroxymethyl)-1,4-oxazepan-4-yl)-5,6-dihydropyrido[3,4-d]pyrimidin-7(8H)-yl)naphthalen-2-ol"
74,74,"4-(7-(8-chloro-7-fluoro-3-hydroxynaphthalen-1-yl)-2-(((2R,7aS)-2-fluorohexahydro-1H-pyrrolizin-7a-yl)methoxy)-5,6,7,8-tetrahydropyrido[3,4-d]pyrimidin-4-yl)-6-methyl-1,4-oxazepan-6-ol"
75,75,"4-(4-(2-amino-7,8-dihydro-4H-pyrazolo[1,5-a][1,4]diazepin-5(6H)-yl)-2-(((2R,7aS)-2-fluorohexahydro-1H-pyrrolizin-7a-yl)methoxy)-5,6-dihydropyrido[3,4-d]pyrimidin-7(8H)-yl)-5-chloro-6-fluoronaphthalen-2-ol"
76,76_77,"6-(7-(8-chloro-7-fluoro-3-hydroxynaphthalen-1-yl)-2-(((2R,7aS)-2-fluorohexahydro-1H-pyrrolizin-7a-yl)methoxy)-5,6,7,8-tetrahydropyrido[3,4-d]pyrimidin-4-yl)-6-azabicyclo[3.2.1]octan-3-ol"
77,77,
78,78,"5-(7-(8-bromonaphthalen-1-yl)-2-((hexahydro-1H-pyrrolizin-7a-yl)methoxy)-5,6,7,8-tetrahydropyrido[3,4-d]pyrimidin-4-yl)tetrahydropyrrolo[3,4-c]pyrrole-1,3(2H,3aH)-dione"
79,79,"5-(7-(8-chloronaphthalen-1-yl)-2-((hexahydro-1H-pyrrolizin-7a-yl)methoxy)-5,6,7,8-tetrahydropyrido[3,4-d]pyrimidin-4-yl)tetrahydropyrrolo[3,4-c]pyrrole-1,3(2H,3aH)-dione"
80,80,"5-(2-((hexahydro-1H-pyrrolizin-7a-yl)methoxy)-7-(8-methylnaphthalen-1-yl)-5,6,7,8-tetrahydropyrido[3,4-d]pyrimidin-4-yl)tetrahydropyrrolo[3,4-c]pyrrole-1,3(2H,3aH)-dione"
81,81,"5-(7-(8-fluoronaphthalen-1-yl)-2-((hexahydro-1H-pyrrolizin-7a-yl)methoxy)-5,6,7,8-tetrahydropyrido[3,4-d]pyrimidin-4-yl)tetrahydropyrrolo[3,4-c]pyrrole-1,3(2H,3aH)-dione"
82,82,
83,83,
84,84,
85,85,
86,86,
87,87,
88,88,
89,89,
90,90,
91,91,
92,92,
93,93,
94,94,
95,95,
96,96,
97,97,
98,98,
99,99,
100,100,
101,101,
102,102,
103,103,
104,104,
105,105,
106,106,
107,107,
108,108,
109,109,
110,110,
111,111,
112,112,
113,113,
114,114,
115,115,
116,116,
117,117,
118,118,
119,119,
120,120,
121,121,
122,122,
123,123,
124,124,
125,125,
126,126,
127,127,
128,128,
129,129,
130,130,
131,131,
132,132,
133,133,
134,134,
135,135,
136,136,
137,137,
138,138,
139,139,
140,140,
141,141,
142,142,
143,143,
144,144,
145,145,
146,146,
147,147,
148,148,
149,149,
150,150,
151,151,
152,152,
153,153,
154,154,
155,155,
156,156,
157,157,
158,158,
159,159,
160,160,
161,161,
162,162,
163,163,
164,164,
165,165,
166,166,
167,167,
168,168,
169,169,
170,170,
171,171,
172,172,"1-(7-(8-ethylnaphthalen-1-yl)-2-((hexahydro-1H-pyrrolizin-7a-yl)methoxy)-5,6,7,8-tetrahydropyrido[3,4-d]pyrimidin-4-yl)-6-(hydroxymethyl)azepan-4-ol"
173,173,"1-(7-(8-ethylnaphthalen-1-yl)-2-((hexahydro-1H-pyrrolizin-7a-yl)methoxy)-5,6,7,8-tetrahydropyrido[3,4-d]pyrimidin-4-yl)-6-(hydroxymethyl)azepan-4-ol"
174,174,"1-(7-(8-ethylnaphthalen-1-yl)-2-((hexahydro-1H-pyrrolizin-7a-yl)methoxy)-5,6,7,8-tetrahydropyrido[3,4-d]pyrimidin-4-yl)-6-(hydroxymethyl)azepan-4-ol"
175,175,"5-[7-(8-ethyl-7-fluoro-3-hydroxy-1-naphthyl)-2-(1,2,3,5,6,7-hexahydropyrrolizin-8-ylmethoxy)-6,8-dihydro-5H-pyrido[3,4-d]pyrimidin-4-yl]-N,N-dimethyl-4,6,7,8-tetrahydropyrazolo[1,5-a][1,4]diazepine-2-carboxamide"
176,176,"4-(4-(8-oxa-3-azabicyclo[3.2.1]octan-3-yl)-2-(((2R,7aS)-2-fluorotetrahydro-1H-pyrrolizin-7a(5H)-yl)methoxy)-5,8-dihydropyrido[3,4-d]pyrimidin-7(6H)-yl)-5-ethyl-6-fluoronaphthalen-2-ol"
177,177,"3-(7-(8-ethyl-7-fluoro-3-hydroxynaphthalen-1-yl)-2-(((2R,7aS)-2-fluorohexahydro-1H-pyrrolizin-7a-yl)methoxy)-5,6,7,8-tetrahydropyrido[3,4-d]pyrimidin-4-yl)-3-azabicyclo[3.2.0]heptan-6-ol"
178,178,"4-(4-(7,8-dihydro-4H-[1,2,3]triazolo[1,5-a][1,4]diazepin-5(6H)-yl)-2-(((2R,7aS)-2-fluorotetrahydro-1H-pyrrolizin-7a(5H)-yl)methoxy)-5,8-dihydropyrido[3,4-d]pyrimidin-7(6H)-yl)-5-ethyl-6-fluoronaphthalen-2-ol"
179,179,"3-(7-(8-ethyl-7-fluoro-3-hydroxynaphthalen-1-yl)-2-(((2R,7aS)-2-fluorohexahydro-1H-pyrrolizin-7a-yl)methoxy)-5,6,7,8-tetrahydropyrido[3,4-d]pyrimidin-4-yl)-3-azabicyclo[3.3.1]nonan-7-ol"
180,180,"4-(4-(8,9-dihydro-5H-pyrido[3,2-c]azepin-6(7H)-yl)-2-(((2R,7aS)-2-fluorohexahydro-1H-pyrrolizin-7a-yl)methoxy)-5,6-dihydropyrido[3,4-d]pyrimidin-7(8H)-yl)-5-ethyl-6-fluoronaphthalen-2-ol"
181,181,"4-(4-(2-amino-7,8-dihydro-4H-thiazolo[5,4-c]azepin-5(6H)-yl)-2-(((2R,7aS)-2-fluorohexahydro-1H-pyrrolizin-7a-yl)methoxy)-5,6-dihydropyrido[3,4-d]pyrimidin-7(8H)-yl)-5-ethyl-6-fluoronaphthalen-2-ol"
182,182,"(3aR,4S,6aS)-2-(7-(8-ethyl-7-fluoro-3-hydroxynaphthalen-1-yl)-2-(((2R,7aS)-2-fluorohexahydro-1H-pyrrolizin-7a-yl)methoxy)-5,6,7,8-tetrahydropyrido[3,4-d]pyrimidin-4-yl)octahydrocyclopenta[c]pyrrol-4-ol"
183,183,"(3aR,5R,6aS)-2-(7-(8-ethyl-7-fluoro-3-hydroxynaphthalen-1-yl)-2-(((2R,7aS)-2-fluorohexahydro-1H-pyrrolizin-7a-yl)methoxy)-5,6,7,8-tetrahydropyrido[3,4-d]pyrimidin-4-yl)octahydrocyclopenta[c]pyrrol-5-ol"
184,184,"(3aR,5S,6aS)-2-(7-(8-ethyl-7-fluoro-3-hydroxynaphthalen-1-yl)-2-(((2R,7aS)-2-fluorohexahydro-1H-pyrrolizin-7a-yl)methoxy)-5,6,7,8-tetrahydropyrido[3,4-d]pyrimidin-4-yl)octahydrocyclopenta[c]pyrrol-5-ol"
185,185,"(3aR,4R,6aS)-2-(7-(8-ethyl-7-fluoro-3-hydroxynaphthalen-1-yl)-2-(((2R,7aS)-2-fluorotetrahydro-1H-pyrrolizin-7a(5H)-yl)methoxy)-5,6,7,8-tetrahydropyrido[3,4-d]pyrimidin-4-yl)octahydrocyclopenta[c]pyrrol-4-ol"
186,186,"(3R,5R)-1-(7-(8-ethyl-7-fluoro-3-hydroxynaphthalen-1-yl)-2-(((2R,7aS)-2-fluorohexahydro-1H-pyrrolizin-7a-yl)methoxy)-5,6,7,8-tetrahydropyrido[3,4-d]pyrimidin-4-yl)-5-hydroxypiperidine-3-carboxamide"
187,187,"(3S,5R)-1-(7-(8-ethyl-7-fluoro-3-hydroxynaphthalen-1-yl)-2-(((2R,7aS)-2-fluorohexahydro-1H-pyrrolizin-7a-yl)methoxy)-5,6,7,8-tetrahydropyrido[3,4-d]pyrimidin-4-yl)-5-hydroxypiperidine-3-carboxamide"
188,188,"5-(7-(8-ethyl-7-fluoro-3-hydroxynaphthalen-1-yl)-2-(((2R,7aS)-2-fluorotetrahydro-1H-pyrrolizin-7a(5H)-yl)methoxy)-5,6,7,8-tetrahydropyrido[3,4-d]pyrimidin-4-yl)-N-isopropyl-5,6,7,8-tetrahydro-4H-pyrazolo[1,5-a][1,4]diazepine-2-carboxamide"
189,189,"5-(7-(8-ethyl-7-fluoro-3-hydroxynaphthalen-1-yl)-2-(((2R,7aS)-2-fluorotetrahydro-1H-pyrrolizin-7a(5H)-yl)methoxy)-5,6,7,8-tetrahydropyrido[3,4-d]pyrimidin-4-yl)-N,N,3-trimethyl-5,6,7,8-tetrahydro-4H-pyrazolo[1,5-a][1,4]diazepine-2-carboxamide"
190,190,"5-(7-(8-ethyl-7-fluoro-3-hydroxynaphthalen-1-yl)-2-(((2R,7aS)-2-fluorotetrahydro-1H-pyrrolizin-7a(5H)-yl)methoxy)-5,6,7,8-tetrahydropyrido[3,4-d]pyrimidin-4-yl)-3-fluoro-N,N-dimethyl-5,6,7,8-tetrahydro-4H-pyrazolo[1,5-a][1,4]diazepine-2-carboxamide"
191,191,"(5-(7-(8-ethyl-7-fluoro-3-hydroxynaphthalen-1-yl)-2-(((2R,7aS)-2-fluorotetrahydro-1H-pyrrolizin-7a(5H)-yl)methoxy)-5,6,7,8-tetrahydropyrido[3,4-d]pyrimidin-4-yl)-5,6,7,8-tetrahydro-4H-pyrazolo[1,5-a][1,4]diazepin-2-yl)(pyrrolidin-1-yl)methanone"
192,192,"3-chloro-5-(7-(8-ethyl-7-fluoro-3-hydroxynaphthalen-1-yl)-2-(((2R,7aS)-2-fluorotetrahydro-1H-pyrrolizin-7a(5H)-yl)methoxy)-5,6,7,8-tetrahydropyrido[3,4-d]pyrimidin-4-yl)-N,N-dimethyl-5,6,7,8-tetrahydro-4H-pyrazolo[1,5-a][1,4]diazepine-2-carboxamide"
193,193,"(5-(7-(8-ethyl-7-fluoro-3-hydroxynaphthalen-1-yl)-2-(((2R,7aS)-2-fluorohexahydro-1H-pyrrolizin-7a-yl)methoxy)-5,6,7,8-tetrahydropyrido[3,4-d]pyrimidin-4-yl)-5,6,7,8-tetrahydro-4H-pyrazolo[1,5-a][1,4]diazepin-2-yl)(morpholino)methanone"
194,194,"5-(7-(8-ethyl-7-fluoro-3-hydroxynaphthalen-1-yl)-2-(((2R,7aS)-2-fluorohexahydro-1H-pyrrolizin-7a-yl)methoxy)-5,6,7,8-tetrahydropyrido[3,4-d]pyrimidin-4-yl)-N,N-dimethyl-5,6,7,8-tetrahydropyrazolo[4,3-c]azepine-2(4H)-carboxamide"
195,195,"5-(7-(8-ethyl-7-fluoro-3-hydroxynaphthalen-1-yl)-2-(((2R,7aS)-2-fluorohexahydro-1H-pyrrolizin-7a-yl)methoxy)-5,6,7,8-tetrahydropyrido[3,4-d]pyrimidin-4-yl)-N-isopropyl-5,6,7,8-tetrahydropyrazolo[4,3-c]azepine-2(4H)-carboxamide"
196,196,"(R)-7-(7-(8-ethyl-7-fluoro-3-hydroxynaphthalen-1-yl)-2-(((2R,7aS)-2-fluorohexahydro-1H-pyrrolizin-7a-yl)methoxy)-5,6,7,8-tetrahydropyrido[3,4-d]pyrimidin-4-yl)-1,3,7-triazaspiro[4.5]decane-2,4-dione"
197,197,"7-(7-(8-ethyl-7-fluoro-3-hydroxynaphthalen-1-yl)-2-(((2R,7aS)-2-fluorohexahydro-1H-pyrrolizin-7a-yl)methoxy)-5,6,7,8-tetrahydropyrido[3,4-d]pyrimidin-4-yl)-2,7-diazaspiro[4.5]decan-3-one"
198,198,"5-[7-(8-ethyl-7-fluoro-3-hydroxy-1-naphthyl)-2-[[(2S)-1-methylpyrrolidin-2-yl]methoxy]-6,8-dihydro-5H-pyrido[3,4-d]pyrimidin-4-yl]-N,N-dimethyl-4,6,7,8-tetrahydropyrazolo[1,5-a][1,4]diazepine-2-carboxamide"
199,199,"(R)-1-(2-((1-((dimethylamino)methyl)cyclopropyl)methoxy)-7-(8-ethyl-7-fluoro-3-hydroxynaphthalen-1-yl)-5,6,7,8-tetrahydropyrido[3,4-d]pyrimidin-4-yl)-3-methylpiperidin-3-ol"
200,200,"(3aS,6aR)-5-[2-[[1-[(dimethylamino)methyl]cyclopropyl]methoxy]-7-(8-ethyl-7-fluoro-3-hydroxy-1-naphthyl)-6,8-dihydro-5H-pyrido[3,4-d]pyrimidin-4-yl]-3a,4,6,6a-tetrahydropyrrolo[3,4-c]pyrrole-1,3-dione"
201,201,"7-(2-((1-((dimethylamino)methyl)cyclopropyl)methoxy)-7-(8-ethyl-7-fluoro-3-hydroxynaphthalen-1-yl)-5,6,7,8-tetrahydropyrido[3,4-d]pyrimidin-4-yl)-1,3,7-triazaspiro[4.5]decane-2,4-dione"
202,202,"7-(2-((1-((dimethylamino)methyl)cyclopropyl)methoxy)-7-(8-ethyl-7-fluoro-3-hydroxynaphthalen-1-yl)-5,6,7,8-tetrahydropyrido[3,4-d]pyrimidin-4-yl)-2-thia-1,3,7-triazaspiro[4.5]decane 2,2-dioxide"
203,203,"5-(2-((1-((dimethylamino)methyl)cyclopropyl)methoxy)-7-(8-ethyl-7-fluoro-3-hydroxynaphthalen-1-yl)-5,6,7,8-tetrahydropyrido[3,4-d]pyrimidin-4-yl)-N,N-dimethyl-5,6,7,8-tetrahydro-4H-pyrazolo[1,5-a][1,4]diazepine-2-carboxamide"
204,204,"(R)-1-(7-(3-chloro-2-cyclopropyl-5-hydroxyphenyl)-2-((hexahydro-1H-pyrrolizin-7a-yl)methoxy)-5,6,7,8-tetrahydropyrido[3,4-d]pyrimidin-4-yl)-3-methylpiperidin-3-ol"
205,205,"4-[7-(8-chloro-1-naphthyl)-2-[[(2S)-1-methylpyrrolidin-2-yl]methoxy]-6,8-dihydro-5H-pyrido[3,4-d]pyrimidin-4-yl]-6-methyl-1,4-oxazepan-6-ol"
206,206,"(3aS,6aR)-5-[7-(8-chloro-1-naphthyl)-2-[[(2S)-1-methylpyrrolidin-2-yl]methoxy]-6,8-dihydro-5H-pyrido[3,4-d]pyrimidin-4-yl]-3a,4,6,6a-tetrahydropyrrolo[3,4-c]pyrrole-1,3-dione"
207,207,"8-[7-(8-chloro-1-naphthyl)-2-[[(2S)-1-methylpyrrolidin-2-yl]methoxy]-6,8-dihydro-5H-pyrido[3,4-d]pyrimidin-4-yl]-1,8-diazaspiro[3.5]nonan-2-one"
208,208,"9-[7-(8-chloro-1-naphthyl)-2-[[(2S)-1-methylpyrrolidin-2-yl]methoxy]-6,8-dihydro-5H-pyrido[3,4-d]pyrimidin-4-yl]-2Î»6-thia-1,3,9-triazaspiro[4.5]decane 2,2-dioxide"
209,209,"(S)-5-(7-(8-chloronaphthalen-1-yl)-2-((1-methylpyrrolidin-2-yl)methoxy)-5,6,7,8-tetrahydropyrido[3,4-d]pyrimidin-4-yl)-N,N-dimethyl-5,6,7,8-tetrahydro-4H-pyrazolo[1,5-a][1,4]diazepine-2-carboxamide"
210,210,"7-(7-(8-chloronaphthalen-1-yl)-2-(((S)-1-methylpyrrolidin-2-yl)methoxy)-5,6,7,8-tetrahydropyrido[3,4-d]pyrimidin-4-yl)-1,3,7-triazaspiro[4.5]decan-2-one"
211,211,"9-[7-(8-chloro-1-naphthyl)-2-[[(2S)-1-methylpyrrolidin-2-yl]methoxy]-6,8-dihydro-5H-pyrido[3,4-d]pyrimidin-4-yl]-1,3,9-triazaspiro[4.5]decane-2,4-dione"
212,212,"4-(4-(2-amino-7,8-dihydro-4H-pyrazolo[1,5-a][1,4]diazepin-5(6H)-yl)-2-(((2R,7aS)-2-fluorohexahydro-1H-pyrrolizin-7a-yl)methoxy)-5,6-dihydropyrido[3,4-d]pyrimidin-7(8H)-yl)-5-bromo-6-fluoronaphthalen-2-ol"
213,213_214,"6-(7-(8-bromo-7-fluoro-3-hydroxynaphthalen-1-yl)-2-(((2R,7aS)-2-fluorotetrahydro-1H-pyrrolizin-7a(5H)-yl)methoxy)-5,6,7,8-tetrahydropyrido[3,4-d]pyrimidin-4-yl)-6-azabicyclo[3.2.1]octan-3-ol"
214,214,
215,215,"3-(7-(8-bromo-7-fluoro-3-hydroxynaphthalen-1-yl)-2-(((2R,7aS)-2-fluorohexahydro-1H-pyrrolizin-7a-yl)methoxy)-5,6,7,8-tetrahydropyrido[3,4-d]pyrimidin-4-yl)-3-azabicyclo[3.2.1]octan-6-ol"
216,216,"7-(7-(8-bromo-7-fluoro-3-hydroxynaphthalen-1-yl)-2-(((2R,7aS)-2-fluorohexahydro-1H-pyrrolizin-7a-yl)methoxy)-5,6,7,8-tetrahydropyrido[3,4-d]pyrimidin-4-yl)-1,3,7-triazaspiro[4.5]decan-2-one"
217,217,"7-(7-(8-bromo-7-fluoro-3-hydroxynaphthalen-1-yl)-2-(((2R,7aS)-2-fluorohexahydro-1H-pyrrolizin-7a-yl)methoxy)-5,6,7,8-tetrahydropyrido[3,4-d]pyrimidin-4-yl)-1,3,7-triazaspiro[4.5]decane-2,4-dione"
218,218,"5-(7-(8-bromo-7-fluoro-3-hydroxynaphthalen-1-yl)-2-(((2R,7aS)-2-fluorohexahydro-1H-pyrrolizin-7a-yl)methoxy)-5,6,7,8-tetrahydropyrido[3,4-d]pyrimidin-4-yl)-N,N-dimethyl-5,6,7,8-tetrahydro-4H-pyrazolo[1,5-a][1,4]diazepine-2-carboxamide"
219,219,"4-(7-(8-bromo-7-fluoro-3-hydroxynaphthalen-1-yl)-2-(((2R,7aS)-2-fluorohexahydro-1H-pyrrolizin-7a-yl)methoxy)-5,6,7,8-tetrahydropyrido[3,4-d]pyrimidin-4-yl)-6-methyl-1,4-oxazepan-6-ol"
220,220,"5-bromo-6-fluoro-4-(2-(((2R,7aS)-2-fluorohexahydro-1H-pyrrolizin-7a-yl)methoxy)-4-(6-(hydroxymethyl)-1,4-oxazepan-4-yl)-5,6-dihydropyrido[3,4-d]pyrimidin-7(8H)-yl)naphthalen-2-ol"
221,221,"4-(4-(6-(1H-pyrazol-1-yl)-1,4-oxazepan-4-yl)-2-(((2R,7aS)-2-fluorotetrahydro-1H-pyrrolizin-7a(5H)-yl)methoxy)-5,8-dihydropyrido[3,4-d]pyrimidin-7(6H)-yl)-5-bromo-6-fluoronaphthalen-2-ol"
222,222,"(R)-1-(7-(8-bromo-7-fluoro-3-hydroxynaphthalen-1-yl)-2-(((2R,7aS)-2-fluorotetrahydro-1H-pyrrolizin-7a(5H)-yl)methoxy)-5,6,7,8-tetrahydropyrido[3,4-d]pyrimidin-4-yl)-3-methylpiperidin-3-ol"
223,223,"6-(7-(8-bromo-7-fluoro-3-hydroxynaphthalen-1-yl)-2-(((2R,7aS)-2-fluorohexahydro-1H-pyrrolizin-7a-yl)methoxy)-5,6,7,8-tetrahydropyrido[3,4-d]pyrimidin-4-yl)-1,6-diazaspiro[3.5]nonan-2-one"
224,224,"6-(7-(8-bromo-7-fluoro-3-hydroxynaphthalen-1-yl)-2-(((2R,7aS)-2-fluorohexahydro-1H-pyrrolizin-7a-yl)methoxy)-5,6,7,8-tetrahydropyrido[3,4-d]pyrimidin-4-yl)-6-azaspiro[3.5]nonan-2-ol"
225,225,"7-(7-(8-bromo-7-fluoro-3-hydroxynaphthalen-1-yl)-2-(((2R,7aS)-2-fluorohexahydro-1H-pyrrolizin-7a-yl)methoxy)-5,6,7,8-tetrahydropyrido[3,4-d]pyrimidin-4-yl)-2-thia-1,3,7-triazaspiro[4.5]decane 2,2-dioxide"
226,226,"5-(7-(8-bromo-7-fluoro-3-hydroxynaphthalen-1-yl)-2-(((2R,7aS)-2-fluorohexahydro-1H-pyrrolizin-7a-yl)methoxy)-5,6,7,8-tetrahydropyrido[3,4-d]pyrimidin-4-yl)tetrahydropyrrolo[3,4-c]pyrrole-1,3(2H,3aH)-dione"
227,227,"3-(7-(8-chloro-7-fluoro-3-hydroxynaphthalen-1-yl)-2-(((2R,7aS)-2-fluorohexahydro-1H-pyrrolizin-7a-yl)methoxy)-5,6,7,8-tetrahydropyrido[3,4-d]pyrimidin-4-yl)-3-azabicyclo[3.2.1]octan-6-ol"
228,228,"7-(7-(8-chloro-7-fluoro-3-hydroxynaphthalen-1-yl)-2-(((2R,7aS)-2-fluorohexahydro-1H-pyrrolizin-7a-yl)methoxy)-5,6,7,8-tetrahydropyrido[3,4-d]pyrimidin-4-yl)-1,3,7-triazaspiro[4.5]decan-2-one"
229,229,"5-(7-(8-chloro-7-fluoro-3-hydroxynaphthalen-1-yl)-2-(((2R,7aS)-2-fluorohexahydro-1H-pyrrolizin-7a-yl)methoxy)-5,6,7,8-tetrahydropyrido[3,4-d]pyrimidin-4-yl)-N,N-dimethyl-5,6,7,8-tetrahydro-4H-pyrazolo[1,5-a][1,4]diazepine-2-carboxamide"
230,230,"4-(4-(6-(1H-pyrazol-1-yl)-1,4-oxazepan-4-yl)-2-(((2R,7aS)-2-fluorohexahydro-1H-pyrrolizin-7a-yl)methoxy)-5,6-dihydropyrido[3,4-d]pyrimidin-7(8H)-yl)-5-chloro-6-fluoronaphthalen-2-ol"
231,231,"6-(7-(8-chloro-7-fluoro-3-hydroxynaphthalen-1-yl)-2-(((2R,7aS)-2-fluorotetrahydro-1H-pyrrolizin-7a(5H)-yl)methoxy)-5,6,7,8-tetrahydropyrido[3,4-d]pyrimidin-4-yl)-2,6-diazaspiro[3.5]nonan-1-one"
232,232,"5-(7-(8-chloro-7-fluoro-3-hydroxynaphthalen-1-yl)-2-(((2R,7aS)-2-fluorohexahydro-1H-pyrrolizin-7a-yl)methoxy)-5,6,7,8-tetrahydropyrido[3,4-d]pyrimidin-4-yl)tetrahydropyrrolo[3,4-c]pyrrole-1,3(2H,3aH)-dione"