Index,Example,IUPAC
1,1,"1-(7-(8-chloronaphthalen-1-yl)-8-fluoro-2-((hexahydro-1H-pyrrolizin-7a-yl)methoxy)pyrido[4,3- d]pyrimidin-4-yl)-3-methylpiperidin-3-ol"
2,2,"7-(7-(8-chloronaphthalen-1-yl)-8-fluoro-2-((tetrahydro-1H-pyrrolizin-7a(5H)- yl)methoxy)pyrido[4,3-d]pyrimidin-4-yl)-2,7-diazaspiro[4.5]decan-3-one"
3,3,"5-(8-fluoro-7-(8-fluoronaphthalen-1-yl)-2-((hexahydro-1H-pyrrolizin-7a-yl)methoxy)pyrido[4,3- d]pyrimidin-4-yl)-1,5-diazocan-2-one"
4,4,"(S)-1-(7-(8-ethyl-7-fluoro-3-hydroxynaphthalen-1-yl)-8-fluoro-2-(((2R,7aS)-2-fluorohexahydro- 1H-pyrrolizin-7a-yl)methoxy)pyrido[4,3-d]pyrimidin-4-yl)-3-methylpiperidin-3-ol"
5,5,"(R)-1-(7-(8-ethyl-7-fluoro-3-hydroxynaphthalen-1-yl)-8-fluoro-2-(((2R,7aS)-2-fluorohexahydro- 1H-pyrrolizin-7a-yl)methoxy)pyrido[4,3-d]pyrimidin-4-yl)-3-methylpiperidin-3-ol"
6,6,"(3R,5S)-5-(((7-(8-ethyl-7-fluoro-3-hydroxynaphthalen-1-yl)-8-fluoro-4-(piperidin-1- yl)pyrido[4,3-d]pyrimidin-2-yl)oxy)methyl)-1-methylpyrrolidin-3-ol"
7,7,"(2R,7aS)-7a-(((7-(8-ethyl-7-fluoro-3-hydroxynaphthalen-1-yl)-8-fluoro-4-(piperidin-1- yl)pyrido[4,3-d]pyrimidin-2-yl)oxy)methyl)hexahydro-1H-pyrrolizin-2-ol"
8,8,"1-(8-fluoro-7-(8-fluoronaphthalen-1-yl)-2-((hexahydro-1H-pyrrolizin-7a-yl)methoxy)pyrido[4,3- d]pyrimidin-4-yl)azepan-4-ol"
9,9,"[(3R,5S)-5-[[7-(8-ethyl-7-fluoro-3-hydroxy-1-naphthyl)-8-fluoro-4-[(3S)-3-hydroxy-3-methyl-1- piperidyl]pyrido[4,3-d]pyrimidin-2-yl]oxymethyl]-1-methyl-pyrrolidin-3-yl] N-methylcarbamate"
10,10,"(S)-1-(7-(8-ethynyl-7-fluoro-3-hydroxynaphthalen-1-yl)-8-fluoro-2-(((2R,7aS)-2-fluorohexahydro-1H-pyrrolizin-7a-yl)methoxy)pyrido[4,3-d]pyrimidin-4-yl)-3-methylpiperidin- 3-ol"
11,11,"1-(8-fluoro-7-(8-fluoronaphthalen-1-yl)-2-((hexahydro-1H-pyrrolizin-7a-yl)methoxy)pyrido[4,3- d]pyrimidin-4-yl)piperidin-4-ol"
12,12,"(3R,5S)-5-(((7-(8-ethyl-7-fluoro-3-hydroxynaphthalen-1-yl)-8-fluoro-4-((R)-3-hydroxy-3- methylpiperidin-1-yl)pyrido[4,3-d]pyrimidin-2-yl)oxy)methyl)-1-methylpyrrolidin-3-yl"
13,13,"(R)-1-(7-(8-ethynyl-7-fluoro-3-hydroxynaphthalen-1-yl)-8-fluoro-2-(((2R,7aS)-2-fluorohexahydro-1H-pyrrolizin-7a-yl)methoxy)pyrido[4,3-d]pyrimidin-4-yl)-3-methylpiperidin-"
14,14,"(R)-1-(7-(8-ethynyl-7-fluoronaphthalen-1-yl)-8-fluoro-2-((hexahydro-1H-pyrrolizin-7a- yl)methoxy)pyrido[4,3-d]pyrimidin-4-yl)-3-methylpiperidin-3-ol"
15,15,"(R)-1-(6-(8-ethyl-7-fluoronaphthalen-1-yl)-5-fluoro-3-((hexahydro-1H-pyrrolizin-7a- yl)methoxy)pyrido[4,3-d]pyrimidin-1-yl)-3-methylpiperidin-3-ol"
16,16,"(R)-1-(7-(8-ethyl-7-fluoronaphthalen-1-yl)-8-fluoro-2-(((2R,7aS)-2-fluorohexahydro-1H- pyrrolizin-7a-yl)methoxy)pyrido[4,3-d]pyrimidin-4-yl)-3-methylpiperidin-3-ol"
17,17,"1-(8-fluoro-7-(8-fluoronaphthalen-1-yl)-2-((hexahydro-1H-pyrrolizin-7a-yl)methoxy)pyrido[4,3- d]pyrimidin-4-yl)-3-methylpiperidin-3-ol"
18,18,"4-((lR,5S)-3-azabicyclo[3.2.1]octan-3-yl)-8-fluoro-7-(8-fluoronaphthalen-1-yl)-2-((hexahydro- 1H-pyrrolizin-7a-yl)methoxy)pyrido[4,3-d]pyrimidine"
19,19,"8-fluoro-7-(8-fluoronaphthalen-1-yl)-2-((hexahydro-1H-pyrrolizin-7a-yl)methoxy)-N-((l- methylcyclobutyl)methyl)pyrido[4,3-d]pyrimidin-4-amine"
20,20,"7-(8-fluoro-7-(8-fluoronaphthalen-1-yl)-2-((hexahydro-1H-pyrrolizin-7a-yl)methoxy)pyrido[4,3- d]pyrimidin-4-yl)-2,7-diazaspiro[4.5]dccan-3-onc"
21,21,"8-fluoro-7-(8-fluoronaphthalen-1-yl)-2-((hexahydro-1H-pyrrolizin-7a-yl)methoxy)-4-(piperidin- 1 -yl)pyrido [4,3 -d]pyrimidine"
22,22,"8-fluoro-7-(8-fluoronaphthalen-1-yl)-2-((hexahydro-1H-pyrrolizin-7a-yl)methoxy)-4-(3- methylpiperidin-1-yl)pyrido[4,3-d]pyrimidine"
23,23,"1-(8-fluoro-7-(8-fluoronaphthalen-1-yl)-2-((hexahydro-1H-pyrrolizin-7a-yl)methoxy)pyrido[4,3- d]pyrimidin-4-yl)piperidin-3-ol"
24,24,"7-(7-(8-ethynyl-7-fluoro-3-hydroxynaphthalen-1-yl)-8-fluoro-2-(((2R,7aS)-2-fluorohexahydro- 1H-pyrrolizin-7a-yl)methoxy)pyrido[4,3-d]pyrimidin-4-yl)-2,7-diazaspiro[4.5]decan-3-one"
25,25,"1-(7-(5,6-dimethyl-1H-indazol-4-yl)-8-fluoro-2-((hexahydro-1H-pyrroliziri-7a- yl)methoxy)pyrido[4,3-d]pyrimidin-4-yl)-3-methylpiperidin-3-ol"
26,26,"7-(7-(5,6-dimethyl-1H-indazol-4-yl)-8-fluoro-2-((hexahydro-1H-pyrrolizin-7a- yl)methoxy)pyrido[4,3-d]pyrimidin-4-yl)-2,7-diazaspiro[4.5]decan-3-one"
27,27,"(R)-1-(7-(8-ethyl-7-fluoro-3-hydroxynaphthalen-1-yl)-8-fluoro-2-((hexahydro-l.H-pyrrolizin-7a- yl)methoxy)pyrido[4,3-d]pyrimidin-4-yl)-3-methylpiperidin-3-ol"
28,28,"(3R)-1-[7-(8-ethyl-7-fluoro-3-hydroxy-1-naphthyl)-8-fluoro-2-[[(2S)-1-methylpyrrolidin-2- yl]methoxy]pyrido[4,3-d]pyrimidin-4-yl]-3-methyl-piperidin-3-ol"
29,29,"4-(((8-fluoro-7-(8-fiuoronaphthalen- 1 -y l)-2-((hexahydro- 1 H-pyrrolizin-7a- yl)methoxy)pyrido[4,3-d]pyrimidin-4-yl)amino)methyl)pyrrolidin-2-one"
30,30,"4-(3-(1H-l ,2,4-triazol-3-yl)piperidin-1-yl)-8-fluoro-7-(8-fluoronaphthalen-1-yl)-2-((hexahydro- 1H-pyrrolizin-7a-yl)methoxy)pyrido[4,3-d]pyrimidine"
31,31,"4-(2-azabicyclo[4.L0]heptan-2-yl)-8-fluoro-7-(8-fluoronaphthalen-1-yl)-2-((hexahydro-1H- pyrrolizin-7a-yl)methoxy)pyrido[4,3-d]pyrimidine"
32,32,"8-fluoro-7-(8-fluoronaphthalen-1-yl)-2-((hexahydro-1H-pyrrolizin-7a-yl)methoxy)-4-(octahydro- 1 H-cyclopenta[b]py ridin- 1 -y l)py rido [4,3 -d] pyrimidine"
33,33,"(3R,5S)-1-(8-fluoro-7-(8-fluoronaphthalen-1-yl)-2-((hexahydro-1H-pyrrolizin-7a- yl)methoxy)pyrido[4,3-d]pyrimidin-4-yl)-5-methylpiperidin-3-ol"
34,34,"8-fluoro-7-(8-fluoronaphthalen-1-yl)-N-(imidazo[l,2-a]pyrazin-3-yl)-2-((tetrahydro-1H- pyrrolizin-7a(5H)-yl)methoxy)pyrido[4,3-d]pyrimidin-4-amine"
35,35,"4-(((8-fluoro-7-(8-fluoronaphthalen-1-yl)-2-((hexahydro-1H-pyrrolizin-7a-yl)methoxy)pyrido[4,3-d]pyrimidin-4-yl)amino)methyl)-4-methylpyrrolidin-2-one"
36,36,"7-(7-(8-ethynyl-7-fluoronaphthalen-1-yl)-8-fluoro-2-(((2R,7aS)-2-fluorohexahydro-1H-pyrrolizin-7a-yl)methoxy)pyrido[4,3-d]pyrimidin-4-yl)-2,7-diazaspiro[4.5]decan-3-one"
37,37,"7-(7-(8-ethyl-7-fluoronaphthalen-1-yl)-8-fluoro-2-(((2R,7aS)-2-fluorotetrahydro-1H-pyrrolizin- 7a(5H)-yl)methoxy)pyrido[4,3-d]pyrimidin-4-yl)-2,7-diazaspiro[4.5]decan-3-one"
38,38,"7-(7-(8-ethyl-7-fluoro-3-hydroxynaphthalen-1-yl)-8-fluoro-2-(((2R, 7aS))-2-fluorohexahydro-17/-pyrrolizin-7a-yl)methoxy)pyrido [4,3-d]pyrimidin-4-yl)-2,7-diazaspiro[4.5]decan-3-one"
39,39,"1-(7-(2-amino-5,6-dimethylbenzo[d]thiazol-4-yl)-8-fluoro-2-(((2R,7aS)-2-fluorotetrahydro-1H-pyrrolizin-7a(5H)-yl)methoxy)pyrido[4,3-d]pyrimidin-4-yl)-3-methylpiperidin-3-ol"
40,40,"1-(7-(2-amino-5,6-dimethylbenzo[d]thiazol-4-yl)-8-fluoro-2-((hexahydro-1H-pyrrolizin-7a- yl)methoxy)pyrido[4,3-d]pyrimidin-4-yl)-3-methylpiperidin-3-ol"
41,41,"4-(azocan-1-yl)-8-fluoro-7-(8-fluoronaphthalen-1-yl)-2-((hexahydro-1H-pyrrolizin-7a- yl)mcthoxy)pyrido[4,3-d]pyrimidine"
42,42,"4-(8-fluoro-7-(8-fluoronaphthalen-1-yl)-2-((hexahydro-1H-pyrrolizin-7a-yl)methoxy)pyrido[4,3- d]py rimidin-4-yl)- 1 ,4-oxazepane"
43,43,"4-(8-fluoro-7-(8-fluoronaphthalen-1-yl)-2-((hexahydro-1H-pyrrolizin-7a-yl)methoxy)pyrido[4,3- d]pyrimidin-4-y 1)- 1 ,4-thiazepane"
44,44,"1-(8-fluoro-7-(8-fluoronaphthalen-1-yl)-2-((hexahydro-1H-pyrrolizin-7a-yl)methoxy)pyrido[4,3- d]pyrimidin-4-yl)azepan-3-ol"
45,45,"7-(8-fluoro-7-(8-fluoronaphthalen-1-yl)-2-((hexahydro-1H-pyrrolizin-7a-yl)methoxy)pyrido[4,3- d]pyrimidin-4-yl)- 1 ,3,7-triazaspiro[4.5]decan-2-one."
46,46,"7-(8-fluoro-7-(8-fluoronaphthalen-1-yl)-2-((hexahydro-1H-pyrrolizin-7a-yl)methoxy)pyrido[4,3- d]pyrimidin-4-yl)-7-azaspiro[4.5]decan-2-one."
47,47,"7-(8-fluoro-7-(8-fluoronaphthalen-1-yl)-2-((hexahydro-l//-pyrrolizin-7a-yl)methnxy)pyrido[4,3- d]pyrimidin-4-yl)-7-azaspiro[4.5]decan-2-ol"
48,48,"8-fluoro-4-(2-fluoro-7-azaspiro[4.5]decan-7-yl)-7-(8-fluoronaphthalen-1-yl)-2-((hexahydro-1H- pyrrolizin-7a-yl)methoxy)pyrido[4,3-d]pyrimidine"
49,49,"4-(8-fluoro-7-(8-fluoronaphthalen-1-yl)-2-((tetrahydro-1H-pyrrolizin-7a(5H)- yl)methoxy)pyrido[4,3-d]pyrimidin-4-yl)morpholine"
50,50,"4-(8-fluoro-7-(8-fluoronaphthalen-1-yl)-2-((hexahydro-1H-pyrrolizin-7a-yl)methoxy)pyrido[4,3- d]pyrimidin-4-y1)thiomorpholine"
51,51,"(R)- 1-(7r(8-ethynyl-7-fluoronaphthalen-1-yl)-8-fluoro-2-(((2R,7aS)-2-fluorohexahydro-1H- pyrrolizin-7a-yl)methoxy)pyrido[4,3-d]pyrimidin-4-yl)-3-methylpiperidin-3-ol"
52,52,"5-ethyl-6-fluoro-4-(8-fluoro-2-(((2R,7aS)-2-fluorohexahydro-1H-pyrrolizin-7a-yl)methoxy)-4- (((l-hydroxycyclohexyl)methyl)amino)pyrido[4,3-d]pyrimidin-7-yl)naphthalen-2-ol"
53,53,"4-(3,3-dimethyIpiperidin- 1 -y l)-8-fluoro-7-(8-fluoronaphthalen- 1 -y l)-2-((hexahydro- 1 H- pyrrolizin-7a-yl)methoxy)pyrido[4,3-d]pyrimidine"
54,54,"1-(7-(8-ethylnaphthalen-1-yl)-8-fluoro-2-((hexahydro-1H-pyrrolizin-7a-yl)methoxy)pyrido[4,3- d]pyrimidin-4-yl)-3-methylpiperidin-3-ol"
55,55,"1 -(7-(8-ethynylnaphthalen- 1 -yl)-8-fluoro-2-((hexahydro-1H-pyrrolizin-7a- yl)methoxy)pyrido[4,3-d]pyrimidin-4-yl)-3-methylpiperidin-3-ol"
56,56,"8-(8-fluoro-2-((hexahydro-1H-pyrrolizin-7a-yl)methoxy)-4-(3-hydroxy-3-methylpiperidin-1- yl)pyrido[4,3-d]pyrimidin-7-yl)-1-naphthonitrile"
57,57,"6-(7-(8-ethyl-7-fluoro-3-hydroxynaphthalen-1-yl)-8-fluoro-2-(((2R,7aS)-2-fluorotetrahydro-1H- pyrrolizin-7a(5H)-yl)methoxy)pyrido[4,3-d]pyrimidin-4-yl)-1,6-diazaspiro[3.5]nonan-2-one"
58,58,"6-(7-(8-ethyl-7-fluoro-3-hydroxynaphthalen-1-yl)-8-fluoro-2-(((2R,7aS)-2-fluorohexahydro-1H- pyrrolizin-7a-yl)methoxy)pyrido[4,3-d]pyrimidin-4-yl)-6-azabicyclo[3.2.1]octan-3-ol"
59,59,"(3R,5R)-1-(7-(8-ethyl-7-fluoro-3-hydroxynaphthalen-I-yl)-8-fluoro-2-(((2R,7aS)-2- fluorohexahydro-1H-pyrrolizin-7a-yl)methoxy)pyrido[4,3-d]pyrimidin-4-yl)piperidine-3,5-diol"
60,60,"4-(((7-(8-ethyl-7-fluoro-3-hydroxynaphthalen-1-yl)-8-fluoro-2-(((2R,7aS)-2-fluorohexahydro- 1H-pyrrolizin-7a-yl)methoxy)pyrido[4,3-d]pyrimidin-4-yl)amino)methyl)pyrrolidin-2-one"
61,61,"4-(4-(2-amino-7,8-dihydro-4H-pyrazolo[l,5-a][l,4]diazepin-5(6H)-yl)-8-fluoro-2-(((2R,7aS)-2- fluorohexahydro- 1H-pyrrolizin-7a-yl)methoxy )pyrido[4, 3-d]pyrimidin-7-yl)-5-ethyl-6- fluoronaphthalen-2-ol"
62,62,"4-(4-(((1H-pyrrolo[2,3-b]pyridin-3-yl)methyl)amino)-8-fluoro-2-(((2R,7aS)-2-fluorohexahydro- 1H-pyrrolizin-7a-yl)methoxy)pyrido[4,3-d]pyrimidin-7-yl)-5-ethyl-6-fluoronaphthalen-2-ol"
63,63,"4-(7-(8-ethyl-7-fluoro-3-hydroxynaphthalen-1-yl)-8-fluoro-2-(((2R,7aS)-2-fluorotetrahydro-1H- pyrrolizin-7a(5H)-yl)methoxy)pyrido[4,3-d]pyrimidin-4-yl)-6-methyl-1,4-oxazepan-6-ol"
64,64,"4-(8-fluoro-7-(8-fluoronaphthalen-1-yl)-2-((hexahydro-1H-pyrrolizin-7a-yl)methoxy)pyrido[4,3- d]pyrimidin-4-yl)-6-methy 1- 1 ,4-oxazepan-6-ol"
65,65,"1-(8-fluoro-7-(8-fluoronaphthalen-1-yl)-2-((hexahydro-1H-pyrrolizin-7a-yl)methoxy)pyrido[4,3- d]pyrimidin-4-yl)-3-methylazepan-3-ol"
66,66,"1-(8-fluoro-2-((hexahydro-1H-pyrrolizin-7a-yl)methoxy)-7-(quinolin-8-yl)pyrido[4,3- d]pyrimidin-4-yl)-3-methylpiperidin-3-ol"
67,67,"1-(7-(2-aminobenzo[d]thiazol-4-yl)-8-fluoro-2-((hexahydro-1H-pyrrolizin-7a- yl)methoxy)pyrido[4,3-d]pyrimidin-4-yl)-3-methylpiperidin-3-ol"
68,68,"1-(7-(benzo[d]thiazol-4-yl)-8-fluoro-2-((hexahydro-1H-pyrrolizin-7a-yl)methoxy)pyrido[4,3- d] pyrimidin-4-y l)-3-methy lpiperidin-3 -ol"
69,69,"l -(8-fluoro-2-((hexahydro-1H-pyrrolizin-7a-yl)methoxy)-7-(naphthalen-1-yl)pyrido[4,3- d]pyrimidin-4-yl)-3-methylpiperidin-3-ol"
70,70,"N-((2-aminopyridin-3-yl)methyl)-8-fluoro-7-(8-fluoronaphthalen-1-yl)-2-((hexahydro-1H- pyrrolizin-7a-yl)methoxy)pyrido[4,3-d]pyrimidin-4-amine"
71,71,"1-(7-(3-chloro-2-cyclopropyl-5-hydroxyphenyl)-8-fluoro-2-((tetrahydro-1H-pyrrolizin-7a(5H)- yl)methoxy)pyrido[4,3-d]pyrimidin-4-yl)-3-methylpiperidin-3-ol"
72,72,"8-(8-fluoro-7-(8-fluoronaphthalen-1-yl)-2-((tetrahydro-1H-pyrrolizin-7a(5H)- yl)methoxy)pyrido[4,3-d]pyrimidin-4-yl)-1,3,8-triazaspiro[5.5]undecan-2-one"
73,73,"7-(7-(8-ethyl-7-fluoro-3-hydroxynaphthalen-1-yl)-8-fluoro-2-(((2R,7aS)-2-fluorohexahydro-1H- pyrrolizin-7a-yl)methoxy)pyrido[4,3-d]pyrimidin-4-yl)-1,7-diazaspiro[3.5]nonan-2-one"
74,74,"5-ethyl-6-fluoro-4-(8-fluoro-2-(((2R,7aS)-2-fluorotetrahydro-1H-pyrrolizin-7a(5H)-yl)methoxy)- 4-(6-(hydroxymethyl)-1,4-oxazepan-4-yl)pyrido[4,3-d]pyrimidin-7-yl)naphthalen-2-ol"
75,75,"4-(3-(1H-imidazol-1-yl)azetidin-1-yl)-8-fluoro-7-(8-fluoronaphthalen-1-yl)-2-((hexahydro-1H- pyrrolizin-7a-yl)methoxy)pyrido[4,3-d]pyrimidine"
76,76,"6-(8-fluoro-7-(8-fluoronaphthalen-1-yl)-2-((hexahydro-1H-pyrrolizin-7a-yl)methoxy)pyrido[4,3- d]pyrimidin-4-yl)-6-azabicyclo[3.2.1]octan-3-ol"
77,77,"7-(8-fluoro-7-(8-fluoronaphthalen-1-yl)-2-((hexahydro-1H-pyrrolizin-7a-yl)methoxy)pyrido[4,3- d]pyrimidin-4-yl)-1,7-diazaspiro[3.5]nonan-2-one"
78,78,"5-(8-fluoro-7-(8-fluoronaphthalen-1-yl)-2-((hexahydro-1H-pyrrolizin-7a-yl)methoxy)pyrido[4,3- d]pyrimidin-4-yl)-5,6,7,8-tetrahydro-4H-pyrazolo[1,5-a][1,4]diazepin-2-amine"
79,79,"N-((2-aminopyridin-3-yl)methyl)-8-fluoro-7-(8-fluoronaphthalen-1-yl)-N-methyl-2-((tetrahydro- 1H-pyrroliz.in-7a(5H)-yl)methoxy)pyrido[4,3-d]pyrimidin-4-amine"
80,80,"N-((1H-benzo[d]imidazol-5-yl)methyl)-8-fluoro-7-(8-fluoronaphthalen-1-yl)-2-((hexahydro-1H- pyrrolizin-7a-yl)methoxy)pyrido[4,3-d]pyrimidin-4-amine"
81,81,"3-(8-fluoro-7-(8-fluoronaphthalen-1-yl)-2-((hexahydro-1H-pyrrolizin-7a-yl)methoxy)pyrido[4,3- d]pyrimidin-4-yl)-3-azabicyclo[3.2.1]octan-6-ol"
82,82,"3-(7-(8-ethyl-7-fluoro-3-hydroxynaphthalen-1-yl)-8-fluoro-2-(((2R,7aS)-2-fluorotetrahydro-1H- pyrrolizin-7a(5H)-yl)methoxy)pyrido[4,3-d]pyrimidin-4-yl)-3-azabicyclo[3.2.1]octan-6-ol"
83,83,"(4-(8-fluoro-7-(8-fluoronaphthalen-1-yl)-2-((hexahydro-1H-pyrrolizin-7a- yl)methoxy)pyrido[4,3-d]pyrimidin-4-yl)-1,4-oxazepan-6-yl)methanol"
84,84,N-(3-(1H-pyrazol-3-yl) propyl)-8-fluoro-7-(8-fluoronaphthalen-1-yl)-2-((hexahydro-1H-pyrrolizin-7a-yl) methoxy) pyrido [4. 3-d] pyrimidin-4-amine
85,85,"(3-((8-fluoro-7-(8-fluoronaphthalen-1-yl)-2-((hexahydro-1H-pyrrolizin-7a-yl)methoxy)pyrido[/l,3-d]pyrimidin-4-yl)amino)bicyclo[1.1.1]pentan-1-yl)methanol"
86,86,"1-(8-fluoro-7-(8-fluoronaphthalen-1-yl)-2-((hexahydro-1H-pyrrolizin-7a-yl)methoxy)pyrido[4,3- d]pyrimidin-4-yl)piperidine-3-carboxamide"
87,87,"1-(8-fluoro-7-(8-fluoronaphthalen-1-yl)-2-((hexahydro-1H-pyrrolizin-7a-yl)methoxy)pyrido[4,3- d]pyrimidin-4-yl)azepane-4-carbonitrile"
88,88,"5-(((8-fluoro-7-(8-fluoronaphthalen-1-yl)-2-((hexahydro-1H-pyrrolizin-7a- yl)methoxy)pyrido[4,3-d]pyrimidin-4-yl)amino)methyl)-1-methylpyridin-2(1H)-one"
89,89,"(3S,5R)-1-(8-fluoro-7-(8-fluoronaphthalen-1-yl)-2-((hexahydro-1H-pyrrolizin-7a- yl)methoxy)pyrido[4,3-d]pyrimidin-4-yl)piperidine-3,5-diol"
90,90,"3-((8-fluoro-7-(8-fluoronaphfhalen-1-yl)-2-((hexahydro-1H-pyrralizin-7a- yl)methoxy)pyrido[4,3-d]pyrimidin-4-yl)amino)bicyclo[1.1.1]pentan-1-ol"
91,91,"trans-3-((8-fluoro-7-(8-fluoronaphthalen-1-yl)-2-((tetrahydro-1H-pyrrolizin-7a(5H)- yl)methoxy)pyrido[4,3-d]pyrimidin-4-yl)amino)cyclobutane-1-carboxylic acid"
92,92,"N-((7H-pyrrolo[2,3-d]pyrimidin-2-yl)methyl)-8-fluoro-7-(8-fluoronaphthalen-1-yl)-2- ((hexahydro-1H-pyrrolizin-7a-yl)methoxy)pyrido[4,3-d]pyrimidin-4-amine"
93,93,"N-((1H-pyrazol-4-yl)methyl)-8-fluoro-7-(8-fluoronaphthalen-1-yl)-2-((hexahydro-1H-pyrrolizin- 7a-yl)methoxy)pyrido[4,3-d]pyrimidin-4-amine"
94,94,"N-((1H-pyrrolo[2,3-b]pyridin-3-yl)methyl)-8-fluoro-7-(8-fluoronaphthalen-1-yl)-2-((tetrahydro- 1H-pyrrolizin-7a(5H)-yl)methoxy)pyrido[4,3-d]pyrimidin-4-amine"
95,95,"3-((8-fluoro-7-(8-fluoronaphthalen-1-yl)-2-((hexahydro-1H-pyrrolizin-7a- yl)methoxy)prido[1,3-d]pyrimidin-4-yl)amino)thictanc 1 , 1 -dioxide"
96,96,"5-(((8-fluoro-7-(8-fluoronaphthalen-1-yl)-2-((hexahydro-1H-pyrrolizin-7a- yl)methoxy)pyrido[4,3-d]pyrimidin-4-yl)amino)methyl)pyridin-2(1H)-one"
97,97,"6-(8-fluoro-7-(8-fluoronaphthalen-1-yl)-2-((hexahydro-1H-pyrrolizin-7a-yl)methoxy)pyrido[4,3- d]pyrim idin-4-yl)- 1 ,6-d iazaspiro [3.5] nonan-2-one"
98,98,"6-(8-fluoro-7-(8-fluoronaphthalen-1-yl)-2-((tetrahydro-1H-pyrrolizin-7a(5H)- yl)methoxy)pyrido[4,3-d]pyrimidin-4-yl)-2,6-diazaspiro[3.5]nonan-1-one"
99,99,"8-fluoro-7-(8-fluoronaphthalen-1-yl)-2-((hexahydro-1H-pyrrolizin-7a-yl)methoxy)-N-(l -methyl- 1H-indazol-6-yl)pyrido[4,3-d]pyrimidin-4-amine"
100,100,"8-fluoro-7-(8-fluoronaphthalen-1-yl)-2-((hexahydro-1H-pyrrolizin-7a-yl)methoxy)-N-(1H- indazol-5-yl)pyrido[4,3-d]pyrimidin-4-amine"
101,101,"4-(3-(1H-imidazol-1-yl)azetidin-1-yl)-7-(8-chloronaphthalen-1-yl)-8-fluoro-2-((tetrahydro-1H- pyrrol izin-7a(5H)-yl)methoxy)pyrido[4,3-d]pyrimidine"
102,102,"4-(((7-(8-chloronaphthalen-1-yl)-8-fluoro-2-((tetrahydro-1H-pyrrolizin-7a(5H)- yl)methoxy)pyrido[4,3-d]pyrimidin-4-yl)amino)inethyl)pyrrolidin-2-one"
103,103,"3-(3-((7-(8-chloronaphthalen-1-yl)-8-fluoro-2-((tetrahydro-1H-pyrrolizin-7a(5H)- yl)methoxy)pyrido[4,3-d]pyrimidin-4-yl)amino)propyl)-1H-l ,2,4-triazol-5-ol"
104,104,"-(2-(1H-pyrazol-4-yl)pyrrolidin-1-yl)-7-(8-chloronaphthalen-1-yl)-8-fluoro-2-((tetrahydro-1H- pyrrolizin-7a(5H)-yl)methoxy)pyrido[4,3-d]pyrimidine"
105,105,"(5-(((7-(8-chloronaphthalen-1-yl)-8-fluoro-2-((tetrahydro-1H-pyrrolizin-7a(5H)-yl)methoxy)pyrido[4,3-d]pyrimidin-4-yl)amino)methyl)-1H-1,2,4-triazol-3-yl)methanol"
106,106,"6-(7-(8-chloronaphthalen-1-yl)-8-fluoro-2-((tetrahydro-1H-pyrrolizin-7a(5H)- yl)methoxy)pyrido[4,3-d]pyrimidin-4-yl)-6-azabicyclo[3.2.1]octan-3-ol"
107,107,"3-((7-(8-chloronaphthalen-1-yl)-8-fluoro-2-((tetrahydro-1H-pyrrolizin-7a(5H)- yl)methoxy)pyrido[4,3-d]pyrimidin-4-yl)amino)azetidine-1-carboxamide"
108,108,"-(3-(1H-1,2,3-triazol-4-yl)piperidin-1-yl)-7-(8-chloronaphthalen-1-yl)-8-fluoro-2-((tetrahydro- 1H-pyrrolizin-7a(5H)=yl)methoxy)pyrido[4,3-d]pyrimidine"
109,109,"-(3-(1H-pyrazol-1-yl)piperidin-1-yl)-7-(8-chloronaphthalen-1-yl)-8-fluoro-2-((tetrahydro-1H- pyrrolizin-7a(5H)-yl)methoxy)pyrido[4,3-d]pyrimidine"
110,110,"5-(((8-fluoro-7-(8-fluoronaphthalen-1-yl)-2-((tetrahydro-1H-pyrrolizin-7a(5H)- yl)methoxy)pyrido[4,3-d]pyrimidin-4-yl)amino)methyl)oxazolidin-2-one"
111,111,"4-(8-fluoro-7-(8-fluoronaphthalen- 1 -yl)-2-((tetrahydro- 1 H-py rrolizin-7a(5H)- yl)methoxy)pyrido[4,3-d]pyrimidin-4-yl)-1,4-oxazepan-6-ol"
112,112,"(3R,5R)-1-(8-fluoro-7-(8-fluoronaphthalen-1-yl)-2-((tetrahydro-I H-pyrrolizin-7a(5H)- yl)methoxy)pyrido[4,3-d]pyrimidin-4-yl)-5-methylpiperidin-3-ol"
113,113,"( 1-(8-fluoro-7-(8-fluoronaphthalen-1-yl)-2-((tetrahydro-1H-pyrrolizin-7a(5H)- yl)methoxy)pyrido[4,3-d]pyrimidin-4-yl)piperidin-3-yl)methanol"
114,114,"-fluoro-7-(8-fluoronaphthalen-1-yl)-4-(5-azaspiro[2.5]octan-5-yl)-2-((tetrahydro-1H-pyrrolizin- 7a(5H)-yl)methoxy)pyrido[4,3-d]pyrimidine"
115,115,"N-(2-(1H-1,2,3-triazol-4-yl)ethyl)-8-fluoro-7-(8-fluoronaphthalen-1-yl)-2-((tetrahydro-1H- pyrrolizin-7a(5H)-yl)methoxy)pyrido[4,3-d]pyrimidin-4-amine"
116,116,"1-(8-fluoro-7-(8-fluoronaphthalen-1-yl)-2-((tetrahydro-1H-pyrroIizin-7a(5H)- y l)methoxy)pyrido[4,3 -d] pyrimidin-4-yl)-6-methy lazepan-4-ol"
117,117,"1-(8-fluoro-7-(8-fluoronaphthalen-1-yl)-2-((tetrahydro-1H-pyrrolizin-7a(5H)- yl)methoxy)pyrido[4,3-d]pyrimidin-4-yl)-3-(hydroxymethyl)piperidin-4-ol"
118,118,"N-(3-(1H-1,2,3-triazol-1-yl)propyl)-8-fluoro-7-(8-fluoronaphthalen-1-yl)-2-((tetrahydro-1H- pyrrolizin-7a(5H)-yl)methoxy)pyrido[4,3-d]pyrimidin-4-amine"
119,119,"N-(3-(1H-tetrazol-1-yl)propyl)-8-fluoro-7-(8-fluoronaphthalen-1-yl)-2-((tetrahydro-1H- pyrrolizin-7a(5H)-yl)methoxy)pyrido[4,3-d]pyrimidin-4-amine"
120,120,"2-(8-fluoro-7-(8-fluoronaphthalen-1-yl)-2-((tetrahydro-1H-pyrrolizin-7a(5H)- yl)methoxy)pyrido[4,3-d]pyrimidin-4-yl)isoindolin-4-ol"
121,121,"N-([l,2,4]triazolo[4,3-a]pyrimidin-3-ylmethyI)-8-fluoro-7-(8-fluoronaphthalen-1-yl)-2- ((tetrahydro-1H-pyrrolizin-7a(5H)-yl)methoxy)pyrido[4,3-d]pyrimidin-4-amine"
122,122,"N-([l,2,4]triazolo[4,3-b]pyridazin-3-ylmethyl)-8-fluoro-7-(8-fluoronaphthalen-1-yl)-2- ((tetiahydro-1H-pyrrolizin-7a(5H)-yl)methoxy)pyrido[4.3-d]pyrimidin-4-amine"
123,123,"4-(3,6-dihydropyridin-l(2H)-yl)-8-fluoro-7-(8-fluoronaphthalen-1-yl)-2-((tetrahydro-1H- pyrrolizin-7a(5H)-yl)methoxy)pyrido[4,3-d]pyrimidine"
124,124,"8-fluoro-7-(8-fluoronaphthalen-1-yl)-N-(3-(pyridin-3-yl)propyl)-2-((tetrahydro-1H-pyrrolizin- 7a(5H)-yl)methoxy)pyrido[4,3-d]pyrimidin-4-amine"
125,125,"N-(benzo[c][l,2,5]oxadiazol-5-ylmethyl)-8-fluoro-7-(8-fluoronaphthalen-1-yl)-2-((tetrahydro- 1H-pyrrolizin-7a(5H)-yl)methoxy)pyrido[4,3-d]pyrimidin-4-amine"
126,126,"5-(8-fluoro-7-(8-fluoronaphthalen-1-yl)-2-((tetrahydro-1H-pyrrolizin-7a(5H)-yl)methoxy)pyrido[4,3-d]pyrimidin-4-yl)-4,5,6,7-tetrahydropyrazolo[l,5-a]pyrazin-2-amine"
127,127,"3-(((8-fluoro-7-(8-fluoronaphthalen-1-yl)-2-((tetrahydro-1H-pyrrolizin-7a(5H)- yl)methoxy)pyrido[4,3-d]pyrimidin-4-yl)amino)methyl)thietane 1,1 -dioxide"
128,128,"(R)-3-(((8-fluoro-7-(8-fluoronaphthalen-1-yl)-2-((tetrahydro-1H-pyrrolizin-7a(5H)- yl)metlioxy)pyrido[4,3-d]pyrimidin-4-yl)amino)methyl)isothiazolidine 1,1 -dioxide"
129,129,"1 -(8-fluoro-7-(8-fluoronaphthalen- 1 -y l)-2-((tetrahydro- 1 H-pyrrolizin-7a(5H)- yl)methoxy)pyrido[4,3-d]pyrimidin-4-yl)azepan-4-ol"
130,130,"( 1 -(8-fluoro-7-(8-fluoronaphthalen- 1 -y l)-2-((tetrahydro- 1 H-pyrrolizin-7a(5H)- yl)methoxy)pyrido[4,3-d]pyrimidin-4-yl)azepan-3-yl)methanol"
131,131,"-(3-(1H-pyrazol-3-yl)piperidin-1-yl)-8-fluoro-7-(8-fluoronaphthalen-1-yl)-2-((tetrahydro-1H- pyrrolizin-7a(5H)-yl)methoxy)pyrido[4,3-d]pyrimidine"
132,132,"1-(7-(3-chloro-5-hydroxy-2-((lS,2R)-2-methylcyclopropyl)phenyl)-8-fluoro-2-((tetrahydro-1H-pyrrolizin-7a(5H)-yl)methoxy)pyrido[4,3-d]pyrimidin-4-yl)-3-methylpiperidin-3-ol"
133,133,"7-(7-(8-ethyl-7-fluoro-3-hydroxynaphthalen-1-fluoro-2-(((2R,7aS)-2-fluorohexahydro-1H- pyrrolizin-7a-yl)methoxy)pyrido[4,3-d]pyrimidin-4-yl)-1,3,7-triazaspiro[4.5]decan-2-one"
134,134,"4-(4-(3-(1H-imidazol-1-yl)azetidin-1-yl)-8-fluoro-2-(((2R,7aS)-2-fluorohexahydro-1H- pyrrolizin-7a-yl)methoxy)pyrido[4,3-d]pyrimidin-7-yl)-5-ethyl-6-fluoronaphthalen-2-ol"
135,135,"4-(4-((3-(1H-pyrazol-3-yl)propyl)amino)-8-fluoro-2-(((2R,7aS)-2-fluorohexahydro-1H- pyrrolizin-7a-yl)methoxy)pyrido[4,3-d]pyrimidin-7-yl)-5-ethyl-6-fluoronaphthalen-2-ol"
136,136,"4-(4-(((2-aminopyridin-3-yl)methyl)amino)-8-fluoro-2-(((2R,7aS)-2-fluorohexahydro-1H- pyrrolizin-7a-yl)methoxy)pyrido[4,3-d]pyrimidin-7-yl)-5-ethyl-6-fluoronaphthalen-2-ol"
137,137,"4-(4-(3-(1H-1,2,4-triazol-5-yl)piperidin-1-yl)-8-fluoro-2-((hexahydro-1H-pyrrolizin-7a- yl)methoxy)pyrido[4,3-d]pyrimidin-7-yl)-5,6-difluoronaphthalen-2-ol"
138,138,"5,6-difluoro-4-(8-fluoro-2-((hexahydro-1H-pyrrolizin-7a-yl)methoxy)-4-(3-(3-methyl-1H-1,2,4- triazol-5-yl)piperidin-1-yl)pyrido[4,3-d]pyrimidin-7-yl)naphthalen-2-ol"
139,139,"4-(4-(((1H-benzo[d]imidazol-5-yl)methyl)amino)-8-fluoro-2-(((2R,7aS)-2-fluorohexahydro-1H- pyrrolizin-7a-yl)methoxy)pyrido[4,3-d]pyrimidin-7-yl)-5-ethyl-6-fluoronaphthalen-2-ol"
140,140,"3-(7-(8-ethyl-7-fluoro-3-hydroxynaphthalen-1-yl)-8-fluoro-2-(((2R,7aS)-2-fluorohexahydro-1H- pyrrolizin-7a-yl)methoxy)pyrido[4,3-d]pyrimidin-4-yl)-3-azabicyclo[3.2.1]octan-6-ol"
141,141,"3-((7-(8-ethyl-7-fluoro-3-hydroxynaphthalen-1-yl)-8-fluoro-2-(((2R,7aS)-2-fluorotetrahydro-1H- pyrrolizin-7a(5H)-yl)methoxy)pyrido[4,3-d]pyrimidin-4-yl)aniiiio)propenamide"
142,142,"4-(4-(((7H-pyrrolo[2,3-d]pyrimidin-2-yl)methyl)amino)-8-fluoro-2-(((2R,7aS)-2- fluorohexahydro- 1H-pyrrolizin-7a-yl)methoxy)pyrido[4, 3-d]pyrimidin-7-yl)-5-ethyl-6- fluoronaphthalen-2-ol"
143,143,"5-(((7-(8-ethyl-7-fluoro-3-hydroxynaphthalen-1-yl)-8-fluoro-2-(((2R,7aS)-2- fluorohexahydro-1H-pyrrolizin-7a-yl)methoxy)pyrido[4,3-d]pyrimidin-4- y l)amino)methy l)pyridin-2( 1 H)-one"
144,144,"1-(7-(5-cyclopropyl-6-methyl-1H-indazol-4-yl)-8-fluoro-2-((tetrahydro-1H-pyrrolizin- 7a(5H)-yl)methoxy)pyrido[4,3-d]pyrimidin-4-yl)-3-methylpiperidin-3-ol"
145,145,"4-(4-(3-( 1 H- 1 ,2,4-triazol-5-yl)piperidin- 1 -yl)-8-fluoro-2-(((2R, 7aS)-2-fluorohexahydro- 1 H- pyrrolizin-7a-yl)methoxy)pyrido[4,3-d]pyrimidin-7-yl)-5-ethyl-6-fluoronaphthalen-2-ol."
146,146,"6-(7-(8-ethyl-7-fluoro-3-hydroxynaphthalen-1-yl)-8-fluoro-2-(((2R,7aS)-2-fluorotetrahydro- 1H-pyrrolizin-7a(5H)-yl)methoxy)pyrido[4,3-d]pyrimidin-4-yl)-2,6-diazaspiro[3.5]nonan-1- one"
147,147,"1 -(7-(8-ethy 1 - 7-fl uoro-3 -hydroxynaphthalen- 1 -y 1)- 8-fluoro-2-(((2R,7aS)-2-fluorohexahydro- 1H-pyrrolizin-7a-yl)methoxy)pyrido[4,3-d]pyrimidin-4-yl)piperidine-3-carboxamide"
148,148,"6-(7-(8-ethynyl-7-fluoro-3-hydroxynaphthalen-1-yl)-8-fluoro-2-(((2R,7aS)-2- fluorohexahydro- 1H-pyrrolizin-7a-yl)methoxy)pyrido[4,3-d]pyrimidin-4-yl)- 1 ,6-"
149,149,"4-(7-(8-ethynyl-7-fluoro-3-hydroxynaphthalen-1-yl)-8-fluoro-2-(((2R,7aS)-2-fluorohexahydro- 1H-pyrrolizin-7a-yl)methoxy)pyrido[4,3-d]pyrimidin-4-yl)-6-methyl-1,4-oxazepan-6-ol"
150,150,"4-(4-(((1H-pyrrolo[2,3-b]pyridin-3-yl)methyl)amino)-8-fluoro-2-(((2R,7aS)-2-fluorohexahydro- 1H-pyrrolizin-7a-yl)methoxy)pyrido[4,3-d]pyrimidin-7-yl)-5-ethynyl-6-fluoronaphthalen-2-ol"
151,151,"1 -(8-fl uoro-7-(3-hy droxy naphthalen- 1 -y l)-2-((tetrahydro- 1 H-py rrolizin-7a(5H)- yl)methoxy)pyrido[4,3-d]pyrimidin-4-yl)-3-methylpiperidin-3-ol"
152,152,"5-ethyl-6-fluoro-4-(8-fluoro-2-(((2R,7aS)-2-fluorohexahydro-1H-pyrrolizin-7a-yl)methoxy)-4- (isoxazol-3-ylamino)pyrido[4,3-d]pyrimidin-7-yl)naphthalen-2-ol"
153,153,"(3R)-1-(7-(6-chloro-5-(2-methylcyclopropyl)-1H-indazol-4-yl)-8-fluoro-2-(((2R,7aS)-2- fluorotetrahydro-1H-pyrrolizin-7a(5H)-yl)methoxy)pyrido[4,3-d]pyrimidin-4-yl)-3-"
154,154,"(3R)-1-(7-(1H-benzo[f]indazol-4-yl)-8-fluoro-2-(((2R,7aS)-2-fluorohexahydro-1H- pyrrolizin-7a-yl)methoxy)pyrido[4,3-d]pyrimidin-4-yl)-3-methylpiperidin-3-ol"
155,155,"2-(4-(7-(8-ethyl-7-fluoro-3-hydroxynaphthalen-1-yl)-8-fluoro-2-(((2R, 7aS))-2- fluorohexahydro-17/-pyrroliziii-7a-yl)methoxy)pyrido[4,3-d]pyrimidin-4-yl)piperazin-1- yl)nicotinonitrile"
156,156,"5-ethyl-6-fluoro-4-(8-fluoro-2-(((2R,7aS)-2-fluorohexahydro-1H-pyrrolizin-7a-yl)methoxy)- 4-((imidazo[l,2-a]pyridin-6-ylrnethyl)amino)pyrido[4,3-d]pyrimidin-7-yl)naphthalen-2-ol"
157,157,"4-(4-((2-(1H-pyrrolo[2,3-b]pyridin-3-yl)ethyl)amino)-8-fluoro-2-(((2R,7aS)-2- fluorohexahydro-1H-pyrrolizin-7a-yl)metlioxy)pyrido[4,3-d]pyrimidin-7-yl)-5-ethyl-6- fluoronaphthalen-2-ol"
158,158,"7-(8-fluoro-7-(8-fluoronaphthalen-1-yl)-2-((hexahydro-1H-pyrrolizin-7a-yl)methoxy)pyrido[4,3- d]pyrimidin-4-yl)- 1, 3, 7-triazaspiro[4.5]decane-2, 4-dione"
159,159,"4-(4-(((1H-pyrazol-3-yl)methyl)amino)-8-fluoro-2-(((2R,7aS)-2-fluorohexahydro-1H-pyrrolizin- 7a-yl)methoxy)pyrido[4,3-d]pyrimidin-7-yl)-5-ethyl-6-fluoronaphthalen-2-ol"
160,160,"4-(4-(((1H-pyrazol-4-yl)methyl)amino)-8-fluoro-2-(((2R,7aS)-2-fluorohexahydro-1H-pyrrolizin- 7a-yl)methoxy)pyrido[4,3-d]pyrimidin-7-yl)-5-ethyl-6-fluoronaphthalen-2-ol"
161,161,"5-ethyl-6-fluoro-4-(8-fluoro-2-(((2R,7aS)-2-fluorohexahydro-1H-pyrrolizin-7a-yl)methoxy)- 4-(((4-methyl-1H-pyrazol-3-yl)methyl)amino)pyrido[4,3-d]pyrimidin-7-yl)naphthalen-2-ol"
162,162,"3-(((7-(8-ethyl-7-fluoro-3-hydroxynaphthalen-1-yl)-8-fluoro-2-(((2R,7aS)-2-fluorohexahydro- 1H-pyrrolizin-7a-yl)methoxy)pyrido[4,3-d]pyrimidin-4-yl)amino)methyl)-1H-pyrazole-4- carboxamide"
163,163,"4-(4-(((1H-pyrazol-4-yl)methyl)(methyl)amino)-8-fluoro-2-(((2R,7aS)-2-fluorohexahydro- 1H-pyrrolizin-7a-yl)methoxy)pyrido[4,3-d]pyrimidin-7-yl)-5-ethyl-6-fluoronaphthalen-2-ol"
164,164,"4-(4-(((1H-imidazol-4-yl)methyl)amino)-8-fluoro-2-(((2R,7aS)-2-fluorohexahydro-1H- pyrrolizin-7a-yl)methoxy)pyrido[4,3-d]pyrimidin-7-yl)-5-ethyl-6-fluoronaphthalen-2-ol"
165,165,"4-(4-(((1H-imidazol-2-yl)methyl)amino)-8-fluoro-2-(((2R,7aS)-2-fluorohexahydro-1H- pyrrolizin-7a-yl)methoxy)pyrido[4,3-d]pyrimidin-7-yl)-5-ethyl-6-fluoronaphthalen-2-ol"
166,166,"3-((7-(8-ethyl-7-fluoro-3-hydroxynaphthalen-1-yl)-8-fluoro-2-(((2R,7aS)-2-fluorohexahydro- 1H pyrrolizin-7a-yl)mcthoxy)pyrido[4,3-d]pyrimidin -4-yl)ainino)bicyclo[l .1 .l]pentan-1-01"
167,167,"5-ethyl-6-fIuoro-4-(8-fluoro-2-(((2R,7aS)-2-fluorohexahydro-1H-pyrrolizin-7a-yl)methoxy)- 4-((3-(hydroxymethyl)bicyclo[1.1.1]pentan-1-yl)amino)pyrido[4,3-d]pyrimidin-7- yl)naphthalen-2-ol"
168,168,"3-((7-(8-ethyl-7-fluoro-3-hydroxynaphthalen-1-yl)-8-fluoro-2-(((2R,7aS)-2-fluorohexahydro- 1H-pyrrolizin-7a-yl)methoxy)pyrido[4,3-d]pyrimidin-4-yl)amino)thietane 1,1-dioxide"
169,169,"4-(4-((2-(1H-1,2,3-triazol-4-yl)ethyl)amino)-8-fluoro-2-(((2R,7aS)-2-fluorohexahydro-1H- pyrrolizin-7a-yl)methoxy)pyrido[4,3-d]pyrimidin-7-yl)-5-ethyl-6-fluoronaphthalen-2-ol"
170,170,"1-( 1-(7-(8-ethyl-7-fluoro-3-hydroxynaphthalen-1-yl)-8-fluoro-2-(((2R,7aS)-2-fluorohexahydro- 1H-pyrrolizin-7a-yl)methoxy)pyrido[4,3-d]pyrimidin-4-yl)piperidin-3-yl)methanesulfonamide"
171,171,"4-(4-((1H-indazol-6-yl)amino)-8-fluoro-2-(((2R,7aS)-2-fluorohexahydro-1H-pyrrolizin-7a- yl)methoxy)pyrido[4,3-d]pyrimidin-7-yl)-5-ethyl-6-fluoronaphthalen-2-ol"
172,172,"5-ethyl-6-fluoro-4-(8-fluoro-2-(((2R,7aS)-2-fluorohexahydro-1H-pyrrolizin-7a-yl)methoxy)- 4-(3-(pyridin-4-yl)azetidin-1-yl)pyrido[4,3-d]pyrimidin-7-yl)naphthalen-2-ol"
173,173,"1-(7-(8-ethyl-7-fluoro-3-hydroxynaphthalen-1-yl)-8-fluoro-2-(((2R,7aS)-2-fluorohexahydro- 1H-pyrrolizin-7a-yl)methoxy)pyrido[4,3-d]pyrimidin-4-yl)azepane-4-carbonitrile"
174,174,"5-ethyl-6-fluoro-4-(8-fluoro-2-(((2R,7aS)-2-fluorohexahydro-1H-pyrrolizin-7a-yl)methoxy)-4- ((l-methyl-1H-indazol-6-yl)amino)pyrido[4,3-d]pyrimidin-7-yl)naphthalen-2-ol"
175,175,"4-(4-((benzo[c][l,2,5]oxadiazol-5-ylmethyl)amino)-8-fluoro-2-(((2R,7aS)-2-fluorohexahydro- l.H-pyrrolizin-7a-yl)methoxy)pyrido[4,3-d]pyrimidin-7-yl)-5-ethyl-6-fluoronaphthalen-2-ol"
176,176,"5-ethyl-6-fluoro-4-(8-fluoro-2-(((2R,7aS)-2-fluorohexahydro-1H-pyrrolizin-7a-yl)methoxy)-4- ((3-(pyridin-4-yl)propyl)amino)pyrido[4,3-d]pyrimidin-7-yl)naphthalen-2-ol"
177,177,"3-(((7-(8-ethyl-7-fluoro-3-hydroxynaphthalen-1-yl)-8-fluoro-2-(((27?,7aS)-2-fluorohexahydro- 177-pyrrolizin-7a-yl)methoxy)pyrido[4,3-d]pyrimidin-4-yl)amino)methyl)thietanel,l-dioxide"
178,178,"(3R,5R)-1-(7-(8-ethyl-7-fluoro-3-hydroxynaphthalen-1-yl)-8-fluoro-2-(((2R,7aS)-2- fluorohexahydro-1 H-pyrrolizin-7a-yl)methoxy)pyrido[4.3-d]pyrimidin-4-yl)-5- fluoropiperidin-3-ol"
179,179,"(3S,4S)-1-(7-(8-ethyl-7-fluoro-3-hydroxynaphthalen-1-yl)-8-fluoro-2-(((2R,7aS)-2- fluorohexahydro- 1 H-pyrrolizin-7a-yl)methoxy)pyrido[4, 3-d]pyrimidin-4-yl)-4- fluoropiperidin-3-ol"
180,180,"(3R,5S)-1-(7-(8-ethyl-7-fluoro-3-hydroxynaphthalen-1-yl)-8-fluoro-2-(((2R, 7aS))-2- fluorohexahydro- 1H-pyrrolizin-7a-yl)methoxy)pyrido[4,3-^pyrimidin-4-yl)-5- methylpiperidin-3-ol"
181,181,"(2R,3R)-1-(7-(8-ethyl-7-fluoro-3-hydroxynaphthalen-1-yl)-8-fluoro-2-(((2R,7aS)-2- fluorohexahydro- 1H-pyrrolizin-7a-yl)methoxy)pyrido[4,3-d]pyrimidin-4-yl)-2- methylpiperidin-3-ol"
182,182,"(3R,6R)-1-(7-(8-ethyl-7-fluoro-3-hydroxynaphthalen-1-yl)-8-fluoro-2-(((2R,7aS)-2- fluorohexahydro-1H-pyrrolizin-7a-yl)methoxy)pyrido[4,3-d]pyrimidin-4-yl)-6- methylpiperidin-3-ol"
183,183,"1-(7-(8-ethyl-7-fluoro-3-hydroxynaphthalen-1-yl)-8-fluoro-2-(((2R,7aS)-2-fluorohexahydro- 1H-pyrrolizin-7<2-yl)methoxy)pyrido[4,3-d]pyrimidin-4-yl)-3-(trifluoromethyl)piperidin-3-ol"
184,184,"3-(difluoromethyl)-1-(7-(8-ethyl-7-fluoro-3-hydroxynaphthalen-1-yl)-8-fluoro-2-(((2R,7aS)- 2-fluorohexahydro-1H-pyrrolizin-7a-yl)methoxy)pyrido[4,3-d]pyrimidin-4-yl)piperidin-3-ol"
185,185,"(2S,3R)-1-(7-(8-ethyl-7-fluoro-3-hydroxynaphthalen-1-yl)-8-fluoro-2-(((2R,7aS)-2- fluoro hexahydro- 1H-pyrrolizin-7a-yl)methoxy)pyrido[1,3 d]pyrimidin-4-yl)-2- methylpiperidin-3-ol"
186,186,"(3R,6S)-1-(7-(8-ethyl-7-fluoro-3-hydroxynaphthalen-1-yl)-8-fluoro-2-(((2R,7aS)-2- fluorohexahydro-1H-pyrrolizin-7a-yl)methoxy)pyrido[4,3-d]pyrimidin-4-yl)-6-methylpiperidin- 3-ol"
187,187,"(3R,5R)-1-(7-(8-ethyl-7-fluoro-3-hydroxynaphthalen-1-yl)-8-fluoro-2-(((2R,7aS)-2- fluorohexahydro-1H-pyrrolizin-7a-yl)methoxy)pyrido[4,3-d]pyrimidin-4-yl)-5- methylpiperidin-3-ol"
188,188,"(3R,4S)-1-(7-(8-ethyl-7-fluoro-3-hydroxynaphthalen-1-yl)-8-fluoro-2-(((2R,7aS)-2- fluorohexahydro- 1H-pyrrolizin-7a-yl)methoxy)pyrido[4,3-d]pyrimidin-4-yl)-4- methylpiperidin-3-ol"
189,189,"(3R,4R)-1-(7-(8-ethyl-7-fluoro-3-hydroxynaphthalen-1-yl)-8-fluoro-2-(((2R,7aS)-2-fluorohexahydro- .1H-pyrrolizin-7a-yl)methoxy)pyrido[4,3-d]pyrimidin-4-yl)-4-methylpiperidin- 3-ol"
190,190,"1-(7-(8-ethyl-7-fluoro-3-hydroxynaphthalen-1-yl)-8-fluoro-2-(((2R,7aS)-2-fluorohexahydro-1H- pyrrolizin-7a-yl)methoxy)pyrido[4,3-d]pyrimidin-4-yl)-5,5-difluoropiperidin-3-ol"
191,191,"1-(7-(8-ethyl-7-fluoro-3-hydroxynaphthalen-1-yl)-8-fluoro-2-(((2R,7aS)-2-fluorohexahydro-1H-pyrrolizin-7a-yl)methoxy)pyrido[4,3-d]pyrimidin-4-yl)-4,4-difluoropiperidin-3-ol"
192,192,"(3R,5S)-1-(7-(8-ethyl-7-fluoro-3-hydroxynaphthalen-1-yl)-8-fluoro-2-(((2R,7aS)-2- fluorohexahydro-1H-pyrrolizin-7a-yl)methoxy)pyrido[4,3-d]pyrimidin-4-yl)-5- fluoropiperidin-3-ol"
193,193,"(R) - 1 -(7-(8-ethy l-7-fluoro-3-hydroxynaphthalen- 1 -yl)-8-fluoro-2-(((2R,7aS)-2- fluorotetrahydro-1H-pyrrolizin-7a(5H)-yl)methoxy)pyrido[4,3-d]pyrimidin-4-yl)piperidin-3- ol"
194,194,"(S)-6-(7-(8-ethyl-7-fluoro-3-hydroxynaphthalen-1-yl)-8-fluoro-2-(((2R,7aS)-2-fluorotetrahydro- 1H-pyrrolizin-7a(5H)-yl)methoxy)pyrido[4,3-d]pyrimidin-4-yl)-1,6-diazaspiro[3.5]nonan-2-one"
195,195,"(S)-4-(8-fluoro-2-((l-methylpyrrolidin-2-yl)methoxy)-4-morpholinopyrido[4,3-d]pyrimidin- 7-yl)naphthalen-2-ol"
196,196,"7-(7-(8-ethyl-7-fluoro-3-hydroxynaphthalen-1-yl)-8-fluoro-2-(((2R, 7aS))-2-fluorohexahydro- 127-pyrrolizin-7a-yl)methoxy)pyrido[4,3-d]pyrimidin-4-yl)-1,3,7-triazaspiro[4.5]decane-2,4- dione"
197,197,"5-(7-(8-ethyl-7-fluoro-3-hydroxynaphthalen-1-yl)-8-fluoro-2-(((2R,7aS)-2-fluorotetrahydro- 1H-pyrrolizin-7a(5H)-yl)methoxy)pyrido[4,3-d]pyrimidin-4-yl)tetrahydropyrrolo[3,4- c]pyrrole-1,3(2H,3aH)-dione"
198,198,"5-ethyl-6-fluoro-4-(8-fluoro-2-(((2R, 7aS))-2-fluorohexahydro-1H -pyrrolizin-7a-yl)methoxy)- 4-((3-(pyridin-3-yl)propyl)amino)pyrido[4,3-d]pyrimidin-7-yl)naphthalen-2-ol"
199,199,"5-(((7-(8-ethyl-7-fluoro-3-hydroxynaphthalen-1-yl)-8-fluoro-2-(((2R,7aS)-2- fluorohexahydro-1H-pyrrolizin-7a-yl)methoxy)pyrido[4,3-d]pyrimidin-4-yl)amino)niethyl)- l-methylpyridin-2(177)-one"
200,200,"(S)-4-(7-(8-ethyl-7-fluoro-3-hydroxynaphthalen-1-yl)-8-fluoro-2-(((2R,7aS)-2-fluorohexahydro- 1H-pyrrolizin-7a-yl)methoxy)pyrido[4,3-d]pyrimidin-4-yl)-6-methyl-1,4-oxazepan-6-ol"
201,201,"(S)-4-(7-(8-ethynyl-7-fluoio-3-hydroxynaphthalen-1-yl)-8-fluoi?€?0-2-(((2R,7aS)-2- fluorohexahydro-1H-pyrrolizin-7a-yl)methoxy)pyrido[4,3-d]pyrimidin-4-yl)-6-methyl-l ,4- oxazepan-6-ol"
202,202,"(3R)-1-[7-(8-ethyl-7-fluoro-3-hydroxy-1-naphthyl)-8-fluoro-2-[[1-(pyrrolidin-1- ylmethy l)cyclopropy l]methoxy] pyrido [4 ,3 -d] pyrimidin-4-y l]-3 -methy l-piperidin-3 -ol"
203,203,"1-( 1-(7-(7,8-difluoro-3-hydroxynaphthalen-1-yl)-8-fluoro-2-(((2R,7aS)-2-fluorotetrahydro- 1H-pyrrolizin-7a(5H)-yl)methoxy)pyrido[4,3-d]pyrimidin-4-yl)piperidin-3- yl)methanesulfonamide"
204,204,"N-((2-aminopyridin-3-yl)methyl)-7-(8-ethylnaphthalen-1-yl)-8-fluoro-2-((hexahydro-1H- pyrrolizin-7a-yl)methoxy)pyrido[ 1,3 d]pyrimidin 4-aminc"
205,205,"N-((1H-pyrrolo[2,3-b]pyridin-3-yl)methyl)-7-(8-ethylnaphthalen-1-yl)-8-fluoro-2- ((hexahydro-1H-pyrrolizin-7a-yl)methoxy)pyrido[4,3-d]pyrimidin-4-amine"
206,206,"(S)-7-(7-(8-ethyl-7-fluoro-3-hydroxynaphthalen-1-yl)-8-fluoro-2-(((2S,7aR)-2- hydroxyhexahydro- 1H-pyrrolizin-7a-yl)methoxy)pyrido[4, 3-d]pyrimidin-4-yl)-2, 7- diazaspiro[4.5]decan-3-one"
207,207,"8-fluoro-7-(8-fluoronaphthalen-1-yl)-4-(3-(pyridin-3-yl)propoxy)-2-((tetrahydro-l.H-pyrrolizin- 7a(5H)-yl)methoxy)pyrido[4,3-d]pyrimidine"
208,208,"-fluoro-7-(8-fluoronaphthalen-1-yl)-N-(imidazo[l,2-a]pyridin-6-ylmethyl)-2-((tetrahydro- 1H-pyrrolizin-7a(5H)-yl)methoxy)pyrido[4,3-d]pyrimidin-4-amine"
209,209,"2-(4-(8-fluoro-7-(8-fluoronaphthalen-1-yl)-2-((tetrahydro-1H-pyrrolizin-7a(5H)- yl)methoxy)pyrido[4,3-d]pyrimidin-4-yl)piperazin-1-yl)nicotinonitrile"
210,210,"8-fluoro-7-(8-fluoronaphthalen-1-yl)-N-(1-(pyridin-4-yl)-1H-pyrazol-4-yl)-2-((tetrahydro-1H- pyrrol izin-7a(5H)-yl)mer.hoxy)pyrido[4,3-d]pyrimidin-4-amine"
211,211,"N 1 -(8-fluoro-7-(8-fluoronaphthalen- 1 -y l)-2-((tetrahydro- 1 H-pyrrol izin-7a(5H)- yl)methoxy)pyrido[4,3-d]pyrimidin-4-yl)-N2-(pyridin-3-yl)ethane-1,2-diamine"
212,212,"N-(2-(1H-pyrrolo[2,3-b]pyridin-3-yl)ethyl)-8-fluoro-7-(8-fluoronaphthalen-1-yl)-2-((tetrahydro- 1 H-pyrro 1 izin-7a(5H)-y l)methoxy)py rido [4,3 -d]pyrimidin-4-amine"
213,213,"8-fluoro-7-(8-fluoronaphthalen-1-yl)-4-(3-(pyridin-4-yl)azetidin-1-yl)-2-((tetrahydro-1H- pyrrol izin-7a(5H)-yl)methoxy)pyrido [4,3 -d]pyrimidine"
214,214,"8-fluoro-7-(8-fluoronaphthalen-1-yl)-N-(pyrazolo[l,5-a]pyriniidin-3-ylmethyl)-2-((tetrahydro- 1H-pyrrolizin-7a(5H)-yl)methoxy)pyrido[4,3-d]pyrimidin-4-amine"
215,215,"N-(2-( 1 H-pyrazol-5-yl)ethyl)-8-fluoro-7-(8-fluoronaphthalen- 1 -yl)-2-((tetrahydro- 1 H-pyrrol izin- 7a(5H)-yl)methoxy)pyrido[4,3-d]pyrimidin-4-amine"
216,216,"2-(4-(8-fluoro-7-(8-fluoronaphthalen-1-yl)-2-((tetrahydro-1H-pyrrolizin-7a(5H)- yl)methoxy)pyrido[4,3-d]pyrimidin-1 yl)piperazin-1-yl)bcnzonitrilc"
217,217,"8-(8-fluoro-7-(8-fluoronaphthalen-1-yl)-2-((tetrahydro-1H-pyrrolizin-7a(5H)- yl)methoxy)pyrido[4,3-d]pyrimidin-4-yl)-l ,3>8-triazaspiro[4.5]decan-2-one"
218,218,"-fluoro-7-(8-fluoronaphthalen-1-yl)-N-(1H-indazol-6-yl)-2-((tetrahydro-1H-pyrrolizin-7a(5H)- yl)methoxy)pyrido[4,3-d]pyrimidin-4-amine"
219,219,"-fluoro-7-(8-fluoronaphthalen-1-yl)-N-(2-(isoxazol-4-yl)ethyl)-2-((tetrahydro-1H-pyrrolizin- 7a(5H)-yl)methoxy)pyrido[4,3-d]pyrimidin-4-amine"
220,220,"6-(8-fluoro-7-(8-fluoronaphthalen-1-yl)-2-((tetrahydro-1H-pyrrolizin-7a(5H)- yl)methoxy)pyrido[4,3-d]pyrimidin-4-yl)-2-oxa-6-azaspiro[3.5]nonane"
221,221,"1 -( 1 -(8-fluoro-7-(8-fluoronaphthalen- 1 -y l)-2-((tetrahydro- 1H-pyrrolizin-7a(5H)- yl)methoxy)pyrido[4,3-d]pyrimidin-4-yl)piperidin-3-yl)methanesulfonamide"
222,222,"N-((6,7-dihydro-5H-pyrazolo[5,l-b][l,3]oxazin-3-yl)methyl)-8-fluoro-7-(8-fluoronaphthalen-1- yl)-2-((tetrahydro-1H-pyrrolizin-7a(5H) yl)methoxy)pyrido[4,3-d]pyrimidin-4-aminc"
223,223,"N-((1H-pyrrolo[2,3-b]pyridin-3-yl)methyl)-8-fluoro-7-(8-fluoronaphthalen-1-yl)-]-N-methyl-2- ((tetrahydro-1H-pyrrolizin-7a(5H)-yl)methoxy)pyrido[4,3-d]pyrimidin-4-amine"
224,224,"8-(8-fluoro-7-(8-fluoronaphthalen-1-yl)-2-((tetrahydro-1H-pyrrolizin-7a(5H)- yl)methoxy)pyrido[4,3-d]pyrimidin-4-yl)-3-oxa-1,8-diazaspiro[4.5]decan-2-one"
225,225,"3-((8-fluoro-7-(8-fluoronaphthalen-1-yl)-2-((hexahydro-1H-pyrrolizin-7a- yl)methoxy)pyrido[4,3-d]pyrimidin-4-yl)amino)propanamide"
226,226,"3-((8-fluoro-7-(8-fluoronaphthalen-1-yl)-2-((hexahydro-1H-pyrrolizin-7a- yl)methoxy)pyrido[4,3-d]pyrimidin-4-yl)(methyl)amino)propanamide"
227,227,"7-(8-fluoro-7-(8-fluoronaphthalen-1-yl)-2-((hexahydro-1H-pyrrolizin-7a- yl)methoxy)pyrido[4,3-d]pyrim.idin-4-yl)=3-oxa-1,7-diazaspiro[ 1.5]decan 2 one"
228,228,"5-(8-fluoro-7-(8-fluoronaphthalen-1-yl)-2-((hexahydro-1H-pyrrolizin-7a- yl)methoxy)pyrido[4,3-d]pyrimidin-4-yl)tetrahydropyrrolo[3,4-c]pyrrole-l ,3(2H,3aH)-dione"
229,229,"N-( 1-(1H-pyrrolo[2,3-b]pyridin-3-yl)ethyl)-8-fluoro-7-(8-fluoronaphthalen-1-yl)-2- ((tetrahydro-1H-pyrrolizin-7a(5H)-yl)methoxy)pyrido[4,3-d]pyrimidin-4-amine"
230,230,"4-(((8-fluoro-7-(8-fluoronaphthalen-1-yl)-2-((hexahydro-1H-pyrrolizin-7a- yl)methoxy)pyrido[4,3-d]pyrimidin-4-yl)amino)methyl)-1H-pyrazol-3(2H)-one"
231,231,"5-(((8-fluoro-7-(8-fluoronaphthalen-1-yl)-2-((hexahydro-1H-pyrrolizin-7a- yl)methoxy)pyrido[4,3-d]pyrimidin-4-yl)amino)methyl)-1H-pyrazol-3(2H)-one"
232,232,"8-fluoro-7-(8-fluoronaphthalen-1-yl)-2-((hexahydro-1H-pyrrolizin-7a-yl)methoxy)-4-(6- azaspiro[3.5]nonan-6-yl)pyrido[4,3-d]pyrimidine"
233,233,"6-(8-fluoro-7-(8-fluoronaphthalen-1-yl)-2-((tetrahydro-1H-pyrrolizin-7a(5H)- yl)methoxy)pyrido[4,3-d]pyrimidin-4-yl)-6-azaspiro[3.5]nonan-1-ol"
234,234,"8-fluoro-4-(2-fluoro-6-azaspiro[3.5]nonan-6-yl)-7-(8-fluoronaphthalen-1-yl)-2-((hexahydro- 1H-pyrrolizin-7a-yl)methoxy)pyrido[4,3-d]pyrimidine"
235,235,"6-(8-fluoro-7-(8-fluoronaphthalen-1-yl)-2-((hexahydro-1H-pyrrolizin-7a- yl)methoxy)pyrido[4,3-d]pyrimidin-4-yl)-6-azaspiro[3.5]nonan-2-ol"
236,236,"3-(((8-fluoro-7-(8-fluoronaphthalen-1-yl)-2-((hexahydro-1H-pyrrolizin-7a- yl)methoxy)pyrido[4,3-d]pyrimidin-4-yl)amino)methyl)pyrrolidine-2,5-dione"
237,237,"1-(8-fluoro-7-(8-fluoronaphthalen-1-yl)-2-((hexahydro-1H-pyrrolizin-7a- yl)methoxy)pyrido[4,3-d]pyrimidin-4-yl)-N-methylpiperidine-3-sulfonamide"
238,238,"N-(2-(3-amino-1H-1,2,4-triazol-5-yl)ethyl)-8-fluoro-7-(8-fluoronaphthalen-1-yl)-2- ((hexahydro-1H-pyrrolizin-7a-yl)methoxy)pyrido[4,3-d]dpyrimidin-4-amine"
239,239,"2-( 1-(8-fluoro-7-(8-fluoronaphthalen-1-yl)-2-((hexahydro-1H-pyrrolizin-7a- yl)methoxy)pyrido[4,3-d]pyrimidin-4-yl)piperidin-3-yl)isothiazolidine 1,1 -dioxide"
240,240,"8-fluoro-7-(8-fluoronaphthalen-1-yl)-2-(l,2,3,5,6,7-hexahydropyrrolizin-8-ylmethoxy)-4-[3- (sulfamoylamino)piperidin-1-yl]pyrido[4,3-d]pyrimidine"
241,241,"1 -(1-(8-fluoro-7-(8-fluoronaphthalen-1-yl)-2-((hexahydro-1H-pyrrolizin-7a- yl)methoxy)pyrido[4,3-d]pyrimidin-4-yl)piperidin-3-yl)urea"
242,242,"N-( 1-(8-fluoro-7-(8-fluoronaphthalen-1-yl)-2-((hexahydro-1H-pyrrolizin-7a- yl)methoxy)pyrido[4,3-d]pyrimidin-4-yl)piperidin-3-yl)formamide"
243,243,"1-(1-(8-fluoro-7-(8-fluoronaphthalen-1-yl)-2-((hexahydro-1H-pyrrolizin-7a- yl)methoxy)pyrido[4,3-d]pyrimidin-4-yl)piperidin-4-yl)urea"
244,244,"N-( 1-(8-fluoro-7-(8-fluoronaphthalen-1-yl)-2-((hexahydro-1H-pyrrolizin-7a- yl)methoxy)pyrido[4,3-d]pyrimidin-4-yl)piperidin-4-yl)formamide"
245,245,"4-(7,8-dihydro-4H-pyrazolo[1,5-a][1,4]diazepin-5(6H)-yl)-8-fluoro-7-(8-fluoronaphthalen-1- yl)-2-((hexahydro-1H-pyrrolizin-7a-yl)methoxy)pyrido[4,3-d]pyrimidine"
246,246,"6-(8-fluoro-7-(8-fluoronaphthalen-1-yl)-2-((hexahydro-1H-pyrrolizin-7a- yl)methoxy)pyrido[4,3-d]pyrimidin-4-yl)-6,7,8,9-tetrahydro-5H-pyrido[3,2-c]azepine"
247,247,"8-(8-fluoro-7-(8-fluoronaphthalen-1-yl)-2-((hexahydro-1H-pyrrolizin-7a-yl)methoxy) pyrido[4,3-d]pyrimidin-4-yl)-2-thia-1,3,8-triazaspiro[5.5]undecane 2,2-dioxide"
248,248,"1-(8-fluoro-7-(8-fluoronaphthalen-1-yl)-2-((tetrahydro-1H-pyrrolizin-7a(5H)- yl)methoxy)pyrido[4,3-d]pyrimidin-4-yl)piperidin 3 yl sulfamate"
249,249,"1-(4-(8-fluoro-7-(8-fluoronaphthalen-1-yl)-2-((tetrahydro-1H-pyrrolizin-7a(5H)- yl)methoxy)pyrido[4,3-d]pyrimidin-4-yl)morpholin-2-yl)methanesulfonamide"
250,250,"8-fluoro-7-(8-fluoronaphthalen-]-yl)-2-((hexahydro-1H-pyrrolizin-7a-yl)methoxy)-4-(3- (methylsulfonyl)azepan-1-yl)pyrido[4,3-d]pyrimidine"
251,251,"8-fluoro-7-(8-fluoronaphthalen-1-yl)-2-((hexahydro-1H-pyrrolizin-7a-yl)methoxy)-4-(3- (methylsulfonyl)azocan-1-yl)pyrido[1,3d]pyrimidinc"
252,252,"7-(8-fluoro-7-(8-fluoronaphthalen-1-yl)-2-((tetrahydro-1H-pyrrolizin-7a(5H)- yl)methoxy)pyrido[4,3-d]pyrimidin-4-yl)-2-thia-1,3,7-triazaspiro[4.5]decane 2,2-dioxide"
253,253,"4-(3-(1H-1,2,4-triazol-1-yl)azetidin-1-yl)-8-fluoro-7-(8-fluoronaphthalen-1-yl)-2- ((hexahydro-1H-pyrrolizin-7a-yl)methoxy)pyrido[4,3-d]pyrimidine"
254,254,"8-fluoro-7-(8-fluoronaphthalen-1-yl)-2-((hexahydro-1H-pyrrolizin-7a-yl)methoxy)-4-(2-methyl- 7,8-dihydro-4H-pyrazolo[1,5-a][1,4]diazepin-5(6H)-yl)pyrido[4,3-d]pyrimidine"
255,255,"5-(8-fluoro-7-(8-fluoronaphthalen-1-yl)-2-((hexahydro-1H-pyrrolizin-7a- yl)methoxy)pyrido[4,3-d]pyrimidin-4-yl)-5,6,7,8-tetrahydro-4H-pyrazolo[1,5- a] [1,4]diazepin-7-ol"
256,256,"1-(2-(( 1-((dimethylamino)methyl)cyclopropyl)methoxy)-8-fluoro-7-(8-fluoronaphthalen-1- yl)pyrido[4,3-d]pyrimidin-4-yl)-3-methylpiperidin-3-ol"
257,257,"1-(8-fluoro-7-(8-fluoronaphthalen-1-yl)-2-((1-(pyrrolidin-1- ylmethyl)cyclopropyl)methoxy)pyrido[1,3-d]pyrimidin-4-yl)-3-mcthylpipcridin-3-ol"
258,258,"5-(8-fluoro-7-(8-fluoronaphthalen-1-yl)-2-((hexahydro-1H-pyrrolizin-7a- yl)methoxy)pyrido[4,3-d]pyrimidin-4-yl)-5,6,7,8-tetrahydro-4H-pyrazolo[1,5- a] [1,4]diazepine-2-carboxamide"
259,259,"5-(8-fluoro-7-(8-fluoronaphthalen-1-yl)-2-((hexahydro-1H-pyrrolizin-7a- yl)methoxy)pyrido[4,3-d]pyrimidin-4-yl)-N-methyl-5,6,7,8-tetrahydro-4H-pyrazolo[1,5- a][1,4]diazepine-2-carboxamide"
260,260,"1 5-(8-fluoro-7-(8-fluoronaphthalen-1-yl)-2-((hexahydro-1H-pyrrolizin-7a- yl)methoxy)pyrido[4,3-d]pyrimidin-4-yl)-N,N-dimethyl-5,6,7,8-tetrahydro-4H-pyrazolo[1,5- a][1,4]diazepine-2-carboxamide"
261,261,"(5-(8-fluoro-7-(8-fluoronaphthalen-1-yl)-2-((hexahydro-1H-pyrrolizin-7a- yl)melhoxy)pyrido[4,3-d]pyrimidin-4-yl)-5,6,7,8-tetrahydro-4H-pyrazolo[1,5- a] [1,4]diazepin-2-y l)methanol"
262,262,"6-(8-fluoro-7-(8-fluoronaphthalen-1-yl)-2-((hexahydro-1H-pyrrblizin-7a- yl)methoxy)pyrido[4,3-d]pyrimidin-4-yl)-2-thia-6-azaspiro[3.5]nonane"
263,263,"5-(8-fluoro-7-(8-fluoronaphthalen-1-yl)-2-((tetrahydro-1H-pyrrolizin-7a(5H)- yl)methoxy)pyrido[4,3-d]pyrimidin-4-yl)-N-methyl-5,6,7,8-tetrahydro-4H-pyrazolo[1,5- a][1,4] diazepin-2-amine"
264,264,"5-(8-fluoro-7-(8-fluoronaphthalen-1-yl)-2-((hexahydro-1H-pyrrolizin-7a- yl)methoxy)pyrido[4,3-d]pyrimidin-4-yl)-N,N-dimethyl-5,6,7,8-tetrahydro-4H-pyrazolo[1,5- a] [1,4]diazepin-2-am ine"
265,265,"7-(8-fluoro-7-(8-fluoronaphthalen-1-yl)-2-((hexahydro-1H-pyrrolizin-7a- yl)methoxy)pyrido[1,3d]pyrimidin-4-yl)-2,7-diazaspiro[4.5]decane-1,3-dione"
266,266,"6-(8-fluoro-7-(8-fluoronaphthalen-1-yl)-2-((hexahydro-1H-pyrrolizin-7a- yl)methoxy)pyrido[4,3-d]pyrimidin-4-yl)-1,6-diazaspiro[3.6]decan-2-one"
267,267,"7-(8-fluoro-7-(8-fluoronaphthalen-1-yl)-2-((hexahydro-1H-pyrrolizin-7a- yl)methoxy)pyrido[4, 3-d]pyrimidin-4-yl)-1, 3, 7-triazaspiro[4.6]undecane-2, 4-dione"
268,268,"(R)-( 1-(8-fluoro-7-(8-fluoronaphthalen-1-yl)-2-((hexahydro-1H-pyrrolizin-7a- yl)methoxy)pyrido[4,3-d]pyrimidin-4-yl)piperidin-3-yl)methanol"
269,269,"(4-(8-fluoro-7-(8-fluoronaphthalen-1-yl)-2-((hexahydro-1H-pyrrolizin-7a- yl)methoxy)pyrido[4,3-d]pyrimidin-4-yl)-1,4-oxazepan-2-yl)methanol"
270,270,"4-(8-fluoro-7-(8-fluoronaphthalen-1-yl)-2-((hexahydro-1H-pyrrolizin-7a- yl)methoxy)pyrido[4,3-d]pyrimidin-4-yl)-1,4-oxazepane-6-carboxamide"
271,271,"4-(8-fluoro-7-(8-fluoronaphthalen-1-yl)-2-((hexahydro-1H-pyrrolizin-7a- yl)methoxy)pyrido[4,3-d]pyrimidin-4-yl)-6-(methylsulfonyl)-1,4-oxazepane"
272,272,"10-(8-fluoro-7-(8-fluoronaphthalen-1-yl)-2-((hexahydro-1H-pyrrolizin-7a- yl)methoxy )pyrido[4,3-d]pyrimidin-4-yl)-7-oxa-1, 3, 10-triazaspiro[4.6]undecane-2, 4-dione"
273,273,"(S)-1-(8-fluoro-7-(8-fluoronaphthalen-1-yl)-2-((hexahydro-1H-pyrrolizin-7a- yl)methoxy)pyrido[4,3-d]pyrimidin-4-yl)piperidine-3-carboxamide"
274,274,"5-(8-fluoro-7-(8-fluoronaphthalen-1-yl)-2-((hexahydro-1H-pyrrolizin-7a- yl)methoxy)pyrido[4,3-d]pyrimidin-4-yl)-N,N-dimethyl-5,6,7,8-tetrahydropyrazolo[4,3- c]azepine-2(4H)-carboxamide"
275,275,"N-(5-(8-fluoro-7-(8-fluoronaphthalen-1-yl)-2-((hexahydro-1H-pyrrolizin-7a- yl)methoxy)pyrido[4,3-d]pyrimidin-4-yl)-5,6,7,8-tetrahydro-4H-pyrazolo[1,5- a][.l,4]diazepin-2-yl)acetamide"
276,276,"(5-(8-fluoro-7-(8-fluoronaphthalen-1-yl)-2-((hexahydro-1H-pyrrolizin-7a- yl)methoxy)pyrido[4,3-d]pyrimidin-4-yl)-5,6,7,8-tetrahydro-4H-pyrazolo[1,5- a][1,4]diazepin-2-yl)(morpholino)methanone"
277,277,"azetidin-1-yl(5-(8-fluoro-7-(8-fluoronaphthalen-1-yl)-2-((hexahydro-1H-pyrrolizin-7a- yl)methoxy)pyrido[4,3-d]pyrimidin-4-yl)-5,6,7,8-tetrahydro-4H-pyrazolo[1,5- a][1,4]diazepin-2-yl)methanone"
278,278,"5-(8-fluoro-7-(8-fluoronaphthalen-1-yl)-2-((hexahydro-1H-pyrrolizin-7a- yl)methoxy)pyrido[4,3-d]pyrimidin-4-yl)-3-methyl-5,6,7,8-tetrahydro-4H-pyrazolo[1,5- a][1,4]diazepin-2-amine"
279,279,"3 -((8-fluoro-7-(8-fluoronaphthalen- 1 -y l)-2-((hexahydro- 1H-pyrrolizin-7a- yl)methoxy)pyrido[4,3-d]pyrimidin-4-yl)amino)tetrahydrothiophene 1,1-dioxide"
280,280,"(S)-7-(8-fluoro-7-(8-fluoronaphthalen-1-yl)-2-((hexahydro-1H-pyrrolizin-7a- yl)methoxy)pyrido[4,3-d]pyrimidin-4-yl)-2,7-diazaspiro[4.4]nonan-3-one"
281,281,"1-( 1-(7-(8-chloronaphthalen-1-yl)-8-fluoro-2-((tetrahydro-1H-pyrrolizin-7a(5H)- yl)methoxy)pyrido[4,3-d]pyrimidin-4-yl)piperidin-3-yl)methanesulfonamide"
282,282,"7-(7-(8-chloronaphthalen-1-yl)-8-fluoro-2-((hexahydro-1H-pyrrolizin-7a-yl)methoxy)pyrido[4,3- d]pyrimidin-4-yl)-1,3,7-triazaspiro[4.5]decane-2,4-dione"
283,283,"6-(7-(8-chloronaphthalen-1-yl)-8-fluoro-2-((tetrahydro-1H-pyrrolizin-7a(5H)- yl)methoxy)pyrido[4,3-d]pyrimidin-4-yl)-1,6-diazaspiro[3.5]nonan-2-one"
284,284,"7-(7-(8-chloronaphthalen-1-yl)-8-fluoro-2-((hexahydro-1H-pyrrolizin-7a-yl)methoxy)pyrido[4,3- d]pyrimidin-4-yl)-1,3,7-triazaspiro[4.5]decan-2-one"
285,285,"1-( 1-(7-(8-ethylnaphthalen-1-yl)-8-fluoro-2-((tetrahydro-1H-pyrrolizin-7a(5H)- yl)methoxy)pyrido[4,3-d]pyrimidin-4-yl)piperidin-3-yl)methanesulfonamide"
286,286,"7-(7-(8-ethylnaphthalen-1-yl)-8-fluoro-2-((hexahydro-1H-pyrrolizin-7a-yl)methoxy)pyrido[4,3- d]pyrimidin-4-yl)-2,7-diazaspiro[4.5]decan-3-one"
287,287,"N-((1H-pyrazol-4-yl)methyl)-7-(8-ethylnaphthalen-1-yl)-8-fluoro-2-((hexahydro-1H-pyrrolizin- 7a-yl)methoxy)pyrido[4,3-d]pyrimidin-4-amine"
288,288,"6-(7-(8-ethylnaphthalen-1-yl)-8-fluoro-2-((hexahydro-1H-pyrrolizin-7a-yl)methoxy)pyrido[4,3- d]pyrimidin-4-yl)-1,6-diazaspiro[3.5]nonan-2-one"
289,289,"(4-(7-(8-ethylnaphthalen-1-yl)-8-fluoro-2-((hexahydro-1H-pyrrolizin-7a- yl)methoxy)pyrido[4,3-d]pyrimidin-4-yl)-1,4-oxazepan-6-yl)methanol"
290,290,"3-(7-(8-ethylnaphthalen-1-yl)-8-fluoro-2-((hexahydro-1H-pyrrolizin-7a-yl)methoxy)pyrido[4,3- d]pyrimidin-4-yl)-3-azabicyclo[3.2.1]octan-6-ol"
291,291,"4-(7-(8-ethylnaphthalen-1-yl)-8-fluoro-2-((hexahydro-1H-pyrrolizin-7a- yl)methoxy)pyrido[4,3-d]pyrimidin-4-yl)-6-methyl-1,4-oxazepan-6-ol"
292,292,"5-(7-(8-ethylnaphthalen-1-yl)-8-fluoro-2-((hexahydro-1H-pyrrolizin-7a- yl)methoxy)pyrido[4,3-d]pyrimidin-4-yl)tetrahydropyrrolo[3,4-c]pyrrole-1,3(2H,3aH)-dione"
293,293,"7-(7-(8-ethylnaphthalen-1-yl)-8-fluoro-2-((hexahydro-1H-pyrrolizin-7a- yl)methoxy)pyrido[4,3-d]pyrimidin-4-yl)-1,3,7-triazaspiro[4.5]decane-2,4-dione"
294,294,"7-(7-(8-ethylnaphthalen-1-yl)-8-fluoro-2-((hexahydro-1H-pyrrolizin-7a- yl)methoxy)pyrido[4,3-d]pyrimidin-4-yl)-1,3,7-triazaspiro[4.5]decan-2-one"
295,295,"4-(3-(l H.-.1 ,2,4-triazol-3-yl)piperidin-1-yl)-7-(8-ethylnaphthalen-1-yl)-8-fluoro-2- ((hexahydro-1H-pyrrolizin-7a-yl)methoxy)pyrido[4,3-d]pyrimidine"
296,296,"(3R,5R)-1-(7-(8-ethyl-7-fluoro-3-hydroxynaphthalen-1-yl)-8-fluoro-2-(((2R,7aS)-2- fluorohexahydro-1H-pyrrolizin-7a-yl)methoxy)pyrido[4,3-d]pyrimidin-4-yl)piperidine-3,5- diol"
297,297,"5-ethyl-6-fluoro-4-(8-fluoro-2-(((2R,7aS)-2-fluorohexahydro-1H-pyrrolizin-7a-yl)methoxy)- 4-(( 1-(pyridin-4-yl)-1H-pyrazol-4-yl)amino)pyrido[4,3-d]pyrimidin-7-yl)naphthalen-2-ol"
298,298,"5-ethyl-6-fluoro-4-(8-fluoro-2-(((2R,7aS)-2-fluorohexahydro-1H-pyrrolizin-7a-yl)methoxy)- 4-(3-(pyridin-3-yl)propoxy)pyrido[4,3-d]pyrimidin-7-yl)naphthalen-2-ol"
299,299,"1-(7-(8-ethyl-7-fluoro-3-hydroxynaphthalen-1-yl)-8-fluoro-2-(((2R,7aS)-2-fluorohexahydro-1H- pyrrolizin-7a-yl)methoxy)pyrido[4,3-d]pyrimidin-4-yl)piperidin-3-ol"
300,300,"(R)-7-(7-(8-ethyl-7-fluoro-3-hydroxynaphthalen-1-yl)-8-fluoro-2-(((2R,7aS)-2-fluorohexahydro- 1H-pyrrolizin-7a-yl)methoxy)pyrido[4,3-d]pyrimidin-4-yl)-1,3,7triazaspiro[4.5]decan-2-one"
301,301,"(R)-1-(7-(8-ethyl-7-fluoro-3-hydroxynaphthalen-1-yl)-8-fluoro-2-(((3R,7aS)-3- (hydroxymethyl)tetrahydro-1H-pyrrolizin-7a(5H)-yl)methoxy)pyrido[4,3-d]pyrimidin-4-yl)-3- methylpiperidin-3-ol"
302,302,"(R)-1-(7-(8-ethyl-7-fluoro-3-hydroxynaphthalen-1-yl)-8-fluoro-2-(((3S,7aR)-3- (hydroxymethyl)tetrahydro-1H-pyrrolizin-7a(5H)-yl)methoxy)pyrido[4,3-d]pyrimidin-4-yl)-3- methyIpiperidin-3-oI"
303,303,"(R)-1-(7-(8-ethyl-7-fluoro-3-hydroxynaphthalen-1-yl)-8-fluoro-2-(((3R,7aR)-3- (hydroxymethyl)hexahydro-1H-pyrrolizin-7a-yl)methoxy)pyrido[4,3-d]pyrimidin-4-yl)-3- methylpiperidin-3-ol"
304,304,"(R)-1-(7-(8-ethyl-7-fluoro-3-hydroxynaphthalen-1-yl)-8-fluoro-2-(((3S,7aS)-3- (hydroxymethyl)hexahydro-1H-pyrrolizin-7a-yl)methoxy)pyrido[4,3-d]pyrimidin-4-yl)-3- methylpiperidin-3-ol"
305,305,"(R)-7-(7-(8-ethyl-7-fluoro-3-hydroxynaphthalen-1-yl)-8-fluoro-2-(((2S,7aR)-2- hydroxytetrahydro-1H-pyrrolizin-7a(5H)-yl)methoxy)pyrido[4,3-d]pyrimidin-4-yl)-2,7- diazaspiro[4.5]decan-3-one"
306,306,"5-ethyl-6-fluoro-4-(8-fluoro-2-(((2R,7aS)-2-fluorohexahydro-1H-pyrrolizin-7a-yl)methoxy)- 4-(3-(hydroxymethyl)piperidin-1-yl)pyrido[4,3-d]pyrimidin-7-yl)naphthalen-2-ol"
307,307,"(R)-7-(7-(8-ethyl-7-fluoro-3-hydroxynaphthalen-1-yl)-8-fluoro-2-(((2R,7aS)-2-fluorohexahydro- 1H-pyrrolizin-7a-yl)methoxy)pyrido[4,3-d]pyrimidin-4-yl)-1,3,7-triazaspiro[4.5]decane-2,4- dione"
308,308,"5-ethyl-6-fluoro-4-(8-fluoro-2-(((2R,7aS)-2-fluorohexahydro-1H-pyrrolizin-7a-yl)methoxy)-4- (3-(methylsulfonyl)azepan-.l-yl)pyrido[4,3-d]pyrimidin-7-yl)naphthalen-2-ol"
309,309,"5-ethyl-6-fluoro-4-(8-fluoro-2-(((2R,7aS)-2-fluorohexahydro-1H-pyrrolizin-7a-yl)methoxy)-4- (3-(methylsulfonyl)azocan-1-yl)pyrido[4,3-d]pyrimidin-7-yl)naphthalen-2-ol"
310,310,"3-((7-(8-ethyl-7-fluoro-3-hydroxynaphthalen-1-yl)-8-fluoro-2-(((2R,7aS)-2-fluorohexahydro- 1H-pyrrolizin-7a-yl)methoxy)pyrido[4,3-d]pyrimidin-4-yl)amino)azetidine-1-carboxamide"
311,311,"(2R,7aS)-7a-(((7-(8-ethyl-7-fluoro-3-hydroxynaphthalen-1-yl)-8-fluoro-4-((R)-3-hydroxy-3- methylpiperidin-1-yl)pyrido[4,3-d]pyrimidin-2-yl)oxy)methyl)hexahydro-1H-pyrrolizin-2-ol"
312,312,"N-( 1-(dimethylamino)propan-2-yl)-7-(8-ethyl-7-fluoro-3-hydroxynaphthalen-1-yl)-8-fluoro- 1-((R)-3-hydroxy-3-methylpiperidin-1-yl)pyrido[1,3-d]pyrimidine-2-carboxamide"
313,313,"((3S,7aR)-7a-(((7-(8-ethyl-7-fluoro-3-hydroxynaphthalen-1-yl)-8-fluoro-4-((R)-3-hydroxy-3- methylpiperidin-1-yl)pyrido[4,3-d]pyrimidin-2-yl)oxy)methyl)hexahydro-1H-pyrrolizin-3- yl)methyl dimethylcarbamate"
314,314,"((3S,7aS)-7a-(((7-(8-ethyl-7-fluoro-3-hydroxynaphthalen-1-yl)-8-fluoro-4-((R)-3-hydroxy-3- methylpiperidin-1-yl)pyrido[4,3-d]pyrimidin-2-yl)oxy)methyl)hexahydro-1H-pyrrolizin-3- yl)methyl dimethylcarbamate"
315,315,"5-ethyI-6-fluoro-4-(8-fluoro-2-(((2R,7aS)-2-fluorohexahydro-1H-pyrrolizin-7a-yl)methoxy)-4- (l,4-oxazepan-4-yl)pyrido[4,3-d]pyrimidin-7-yl)naphthalen-2-ol"
316,316,"(R)-1-(2-(( 1-((dimethylamino)methyl)cyclopropyl)methoxy)-7-(8-ethyl-7-fluoro-3- hydroxynaphthalen-1-yl)-8-fluoropyrido[4,3-d]pyrimidin-4-yl)-3-methylpiperidin-3-ol"
317,317,"4-(4-(azepan-1-yl)-8-fluoro-2-(((2R,7aS)-2-fluorohexahydro-1H-pyrrolizin-7a- yl)methoxy)pyrido[4,3-d]pyrimidin-7-yl)-5-ethyl-6-fluoronaphthalen-2-ol"
318,318,"7-(7-(8-ethyl-7-fluoro-3-hydroxynaphthalen-1-yl)-8-fluoro-2-(((2R,7aS)-2-fluorohexahydro-1H- pyrrolizin-7a-yl)methoxy)pyrido[4,3-d]pyrimidin-4-yl)-2,7-diazaspiro[4.5]decane-1, 3-dione"
319,319,"(S)-6-(7-(8-ethyl-7-fluoro-3-hydroxynaphthalen-1-yl)-8-fluoro-2-(( 1-(pyrrolidin-1- ylmethyl)cyclopropyl)methoxy)pyrido[4,3-d]pyrimidin-4-yl)-1,6-diazaspiro[3.5]nonan-2-one"
320,320,"(1R,5R,6R)-3-(7-(8-ethyl-7-fluoro-3-hydroxynaphthalen-1-yl)-8-fluoro-2-(( 1-(pyrrolidin-1- ylmethyl)cyclopropyl)methoxy)pyrido[4,3-d]pyrimidin-4-yl)-3-azabicyclo[3.2.1]octan-6-ol"
321,321,"(S)-4-(7-(8-ethyl-7-fluoro-3-hydroxynaphthalen-1-yl)-8-fluoro-2-(( 1-(pyrrolidin-1- ylmethyl)cyclopropyl)methoxy)pyrido[4,3-d]pyrimidin-4-yl)-6-methyl-1,4-oxazepan-6-ol"
322,322,"(R)-7-(7-(8-ethyl-7-fluoro-3-hydroxynaphthalen-1-yl)-8-fluoro-2-(( 1-(pyrrolidin-1- ylmethyl)cyclopropyl)methoxy)pyrido[4,3-d]pyrimidin-4-yl)-1,3,7-triazaspiro[4.5]decane-2,4- dione"
323,323,"trans-(2R,4r)-6-(7-(8-ethyl-7-fluoro-3-hydroxynaphthalen-1-yl)-8-fluoro-2-(((2R,7aS)-2- fluorohexahydro-1H-pyrrolizin-7a-yl)methoxy)pyrido[4,3-d]pyrimidin-4-yl)-6- azaspiro[3.5]nonan-2-ol"
324,324,"cis-(2S,4s)-6-(7-(8-ethyl-7-fluoro-3-hydroxynaphthalen-1-yl)-8-fluoro-2-(((2R,7aS)-2- fluorohexahydro-1H-pyrrolizin-7a-yl)methoxy)pyrido[4,3-d]pyrimidin-4-yl)-6- azaspiro[3.5]nonan-2-ol"
325,325,"4-(4-(azocan-1-yl)-8-fluoro-2-(((2R,7aS)-2-fluorohexahydro-1H-pyrrolizin-7a- yl)methoxy)pyrido[4,3-d]pyrimidin-7-yl)-5-ethyl-6-fluoronaphthalen-2-ol"
326,326,"5-(7-(8-ethyl-7-fluoro-3-hydroxynaphthalen-1-yl)-8-fluoro-2-(((2R,7aS)-2-fluorohexahydro-1H- pyrrolizin-7a-yl)methoxy)pyrido[4,3-d]pyrimidin-4-yl)-N,N-dimethyl-5,6,7,8-tetrahydro-4H- pyrazolo[1,5-a][1,4]diazepine-2-carboxamide"
327,327,"(3RS,5RS)-1-(7-(8-ethyl-7-fluoro-3-hydroxynaphthalen-1-yl)-8-fluoro-2-(((2R,7aS)-2- fluorotetrahydro-1H-pyrrolizin-7a(5H)-yl)methoxy)pyrido[4,3-d]pyrimidin-4-yl)-5- (hydroxymethyl)-3-methylpiperidin-3-ol"
328,328,"/rans-6-(7-(8-ethyl-7-fluoro-3-hydroxynaphthalen-1-yl)-8-fluoro-2-((hexahydro-1H-pyrrolizin- 7a-yl)methoxy)pyrido[4,3-d]pyrimidin-4-yl)-2-methyl-6-azaspiro[3.5]nonan-2-ol"
329,329,"cis-6-(7-(8-ethyl-7-fluoro-3-hydroxynaphthalen-1-yl)-8-fluoro-2-((hexahydro-1H-pyrrolizin-7a- yl)methoxy)pyrido[4,3-d]pyrimidin-4-yl)-2-methyl-6-azaspiro[3.5]nonan-2-ol"
330,330,"7-(7-(8-ethyl-7-fluoro-3-hydroxynaphthalen-1-yl)-8-fluoro-2-(((2R,7aS)-2-fluorohexahydro-1H- pyrrolizin-7a-yl)methoxy)pyrido[4,3-d]pyrimidin-4-yl)-2-thia-1,3,7-triazaspiro[4.5]decane 2,2- dioxide"
331,331,"(R)-1-(7-(8-ethyl-7-fluoro-3-hydroxynaphthalen-1-yl)-8-fluoro-2-((1-(piperidin-1- ylmethyl)cyclopropyl)methoxy)pyrido[4,3-d]pyrimidin-4-yl)-3-methylpiperidin-3-ol"
332,332,"(R)-1-(7-(8-ethyl-7-fluoro-3-hydroxynaphthalen-1-yl)-8-fluoro-2-((1- (morpholinomethyl)cyclopropyl)methoxy)pyrido[4,3-d]pyrimidin-4-yl)-3-methylpiperidin-3-ol"
333,333,"5-(2-(( 1-((dimethylamino)methyl)cyclopropyl)methoxy)-7-(8-ethyl-7-fluoro-3-hydroxynaphthalen-1-yl)-8-fluoropyrido[4,3-d]pyrimidin-4-yl)-N,N-dimethyl-5,6,7,8-tetrahydro- 4H-pyrazolo[1,5-a][1,4]diazepine-2-carboxamide"
334,334,"4-(7-(8-ethylnaphthalen-1-yl)-8-fluoro-2-((hexahydro-1H-pyrrolizin-7a-yl)methoxy)pyrido[4,3- d]pyrimidin-4-yl)-1,4-oxazepane"
335,335,"7-(8-fluoro-7-(8-fluoronaphthalen-1-yl)-2-((hexahydro-1H-pyrrolizin-7a-yl)methoxy)pyrido[4,3- d]pyrimidin-4-yl)hexahydro-2,7-naphthyridine-1,3(2H,4H)-dione"
336,336,"(R)-1-(7-(8-ethyl-7-fluoro-3-hydroxynaphthalen-1-yl)-8-fluoro-2-(( 1-((4-mcthylpiperazin-1- yl)methyl)cyclopropyl)methoxy)pyrido[4,3-d]pyrimidin-4-yl)-3-methylpiperidin-3-ol"
337,337,"10-(7-(8-ethyl-7-fluoro-3-hydroxynaphthalen-1-yl)-8-fluoro-2-(((2R,7aS)-2-fluorohexahydro- 1H-pyrrolizin-7a-yl)methoxy)pyrido[4,3-d]pyrimidin-4-yl)-7-oxa-1,3,10- triazaspiro[4.6]undecane-2,4-dione"
338,338,"7-(7-(8-ethyl-7-fluoro-3-hydroxycnaphthalen-1-yl)-8-fluoro-2-(((2R,7aS)-2-fluorotetrahydro- 1H-pyrrolizin-7a(5H)-yl)methoxy)pyrido[4,3-d]pyrimidin-4-yl)-1,3,7-triazaspiro[4.6]undecane- 2,4-dione"
339,339,"5-(7-(8-ethyl-7-fluoro-3-hydroxynaphthalen-1-yl)-8-fluoro-2-(((2R,7aS)-2-fluorotetrahydro-1H- pyrrolizin-7a(5H)-yl)methoxy)pyrido[4,3-d]pyrimidin-4-yl)-N-methyl-5,6,7,8-tetrahydro-4H- pyrazolo[1,5-a][1,4]diazepine-2-carboxamide"
340,340,"5-etliyl-6-fluoro-4-(8-fluoro-2-(((2R,7aS)-2-fluorohexahydro-1H-pyrrolizin-7a-yl)methoxy)-4- (2-(methylamino) 7,8-dihydro-4II-pyrazolo[1,5-a][1,4]diazepin-5(6H)-yl)pyrido[4,3- d]pyrimidin-7-yl)naphthalen-2-ol"
341,341,"5-ethyl-6-fluoro-4-(8-fluoro-2-(((2R,7aS)-2-fluorohexahydro-1H-pyrrolizin-7a-yl)methoxy)-4- (2-(hydroxymethyl)-7,8-dihydro-4H-pyrazolo[1,5-a][1,4]diazepin-5(6H)-yl)pyrido[4,3- d]pyrimidin-7-yl)naphthalen-2-ol"
342,342,"5-ethyl-6-fluoro-4-(8-fluoro-2-(((2R,7aS)-2-fluorohexahydro-1H-pyrrolizin-7a-yl)methoxy)-4- (l,4-thiazepan-4-yl)pyrido[4,3-d]pyrimidin-7-yl)naphthalen-2-ol"
343,343,"5-ethyl-6-fluoro-4-(8-fluoro-2-(((2R,7aS)-2-fluorotetrahydro-1H-pyrrolizin-7a(5H)-yl)methoxy)- 4-(2-(hydroxymethyl)-1,4-oxazepan-4-yl)pyrido[1,3d]pyrimidin-7-yl)naphthalen-2-ol"
344,344,"5 -ethy l-6-fluoro-4-(8-fluoro-4-(2-fluoro-6-azasp i ro [3.5] nonan-6-y l)-2-(((2R, 7aS)-2- fluorohexahydro-1H-pyrrolizin-7a-yl)methoxy)pyrido[4,3-d]pyrimidin-7-yl)naphthalen-2-ol"
345,345,"4-(7-(8-ethyl-7-fluoro-3-hydroxynaphthalen-1-yl)-8-fluoro-2-(((2R,7aS)-2-fluorotetrahydro-1H- pyrrolizin-7a(5H)-yl)methoxy)pyrido[4,3-d]pyrimidin-4-yl)-1,4-oxazepan-6-ol"
346,346,"1-(7-(8-ethyl-7-fluoro-3-hydroxynaphthalen-1-yl)-8-fluoro-2-(((2R,7aS)-2-fluorohexahydro-1H- pyrrolizin-7a-yl)methoxy)pyrido[4,3-d]pyrimidin-4-yl)azepan-4-ol"
347,347,"1-(7-(8-ethyl-7-fluoro-3-hydroxynaphthalen-1-yl)-8-fluoro-2-(((2R,7aS)-2-fluorohexahydro-1H- pyrrolizin-7a-yl)methoxy)pyrido[4,3-d]pyrimidin-4-yl)azepan-3-ol"
348,348,"2-( 1-(7-(8-ethyl-7-fluoro-3-hydroxynaphthalen-1-yl)-8-fluoro-2-(((2R,7aS)-2-fluorotetrahydro- 1H-pyrrolizin-7a(5H)-yl)methoxy)pyrido[4,3-d]pyrimidin-4-yl)piperidin-3-yl)isothiazolidine 1,1 -dioxide"
349,349,"3-((7-(8-ethyl-7-fluoro-3-hydroxynaphthalen-1-yl)-8-fluoro-2-(((2R,7aS)-2-fluorotetrahydro-1H- pyrrolizin-7a(5H)-yl)methoxy)pyrido[4,3-d]pyrimidin-4-yl)amino)tetrahydrothiophene 1,1 - dioxide"
350,350,"4-(4-(3-azabicyclo[3.2.1]octan-3-yl)-8-fluoro-2-(((2R,7aS)-2-fluorohexahydro-1H-pyrrolizin-7a- yl)methoxy)pyrido[4,3-d]pyrimidin-7-yl)-5-ethyl-6-fluoronaphthalen-2-ol"
351,351,"6-(7-(8-ethyl-7-fluoro-3-hydroxynaphthalen-1-yl)-8-fluoro-2-(((2R,7aS)-2-fluorohexahydro-1H- pyrrolizin-7a-yl)methoxy)pyrido[4,3-d]pyrimidin-4-yl)-6-azaspiro[3.5]nonan-1-ol"
352,352,"7-(8-ethyl-7-fluoro-3-hydroxy-1-naphthyl)-8-fluoro-2-(((2R,7aS)- 2-fluorohexahydro-1H- pyrrolizin-7a-yl)methoxy)-4-[3-(sulfamoylamino)-1-piperidyl]pyrido[4,3-d]pyrimidine"
353,353,"5-(7-(8-ethyl-7-fluoro-3-hydroxynaphthalen-1-yl)-8-fluoro-2-(((2R,7aS)-2-fluorohexahydro-1H- pyrrolizin-7a-yl)methoxy)pyrido[4,3-d]pyrimidin-4-yl)-N,N-dimethyl-5,6,7,8- tetrahydropyrazolo[4,3-c]azepine-2(4H)-carboxamide"
354,354,"(5-(7-(8-ethyl-7-fluoro-3-hydroxynaphthalen-1-yl)-8-fluoro-2-(((2R,7aS)-2-fluorohexahydro- 1H-pyrrolizin-7a-yl)methoxy)pyrido[4,3-d]pyrimidin-4-yl)-5,6,7,8-tetrahydro-4H-pyrazolo[1,5- a][1,4]diazepin-2-yl)(morpholino)methanone"
355,355,"(5-(7-(8-ethyl-7-fluoro-3-hydroxynaphthalen-1-yl)-8-fluoro-2-(((2R,7aS)-2-fluorohexahydro-1H- pyrrolizin-7a-yl)methoxy)pyrido[4,3-d]pyrimidin-4-yl)-5,6,7,8-tetrahydro-4H-pyrazolo[1,5- a][1,4]diazepin-2-yl)(pyrrolidin-1-yl)methanone"
356,356,"N-ethyl-5-(7-(8-ethyl-7-fluoro-3-hydroxynaphthalen-1-yl)-8-fluoro-2-(((27?,7aS')-2-fluorohexahydro-1H-pyrrolizin-7a-yl)methoxy)pyrido[4,3-d]pyrimidin-4-yl)-5,6,7,8-tetrahydro- 4H-pyrazolo[l ,5-a] [1,4]diazepine-2-carboxamide"
357,357,"5-(7-(8-ethyl-7-fluoro-3-hydroxynaphthalen-1-yl)-8-fluoro-2-(((2R,7aS))-2-fluorohexahydro-1H- pyrrolizin-7a-yl)methoxy)pyrido[4,3-d]pyrimidin-4-yl)-7V-isopropyl-5,6,7,8-tetrahydro-4H- pyrazolo[1,5-zz][1,4]diazepine-2-carboxamide"
358,358,"N-ethyl-5-(7-(8-ethyl-7-fluoro-3-hydroxynaphthalen-1-yl)-8-fluoro-2-(((2R,7aS)-2- fluorotetrahydro-1H-pyrrolizin-7a(5H)-yl)methoxy)pyrido[4,3-d]pyrimidin-4-yl)-N-methyl- 5,6,7,8-tetrahydro-4H-pyrazolo[1,5-a][1,4]diazepine-2-carboxamide"
359,359,"7-(2-(( 1-((dimethylamino)methyl)cyclopropyl)methoxy)-7-(8-ethyl-7-fluoro-3-hydroxynaphthalen-1-yl)-8-fluoropyrido[4,3-d]pyrimidin-4-yl)-1,3,7-triazaspiro[4.5]decane-2,4- dione"
360,360,"(lR,5R,6R)-3-(2-(( 1-((dimethylarnino)methyl)cyclopropyl)methoxy)-7-(8-ethyl-7-fluoro-3- hydroxynaphthalen-1-yl)-8-fluoropyrido[4,3-d]pyrimidin-4-yl)-3-azabicyclo[3.2.1]octan-6-ol"
361,361,"(S)-4-(2-(( 1-((dimethylamino)methyl)cyclopropyl)methoxy)-7-(8-ethyl-7-fluoro-3- hydroxynaphthalen-1-yl)-8-fluoropyrido[4,3-d]pyrimidin-4-yl)-6-methyl-1,4-oxazepan-6-ol"
362,362,"((3R,7aR)-7a-(((7-(8-ethyl-7-fluoro-3-hydroxynaphthalen-1-yl)-8-fluoro-4-((R)-3-hydroxy-3- methylpiperidin-1-yl)pyrido[4,3-d]pyrimidin-2-yl)oxy)methyl)hexahydro-1H-pyrrolizin-3- yl)methyl dimethylcarbamate"
363,363,"(4aR,7aS)-6-(7-(8-ethyl-7-fluoro-3-hydroxynaphthalen-1-yl)-8-fluoro-2-(((2R,7aS)-2-f]uorotetrahydro-1H-pyrrolizin-7a(5H)-yl)methoxy)pyrido[4,3-d]pyrimidin-4-yl)hexahydro-1H- pyrrolo[3,4-d]pyridazine-1,4(4aH)-dione"
364,364,"7-(2-(( 1-((dimethylamino)methyl)cyclopropyl)methoxy)-7-(8-ethyl-7-fluoro-3- hydroxynaphthalen-1-yl)-8-fluoropyrido[4,3-d]pyrimidin-4-yl)-2-thia-l ,3,7- triazaspiro[4.5]decane 2,2-dioxide"
365,365,"5-ethyl-6--fluoro-4-(8-fluoro-2-(((2R,7aS)-2-fluorohexahydro-1H-pyrrolizin-7a-yl)methoxy)-4- (2-thia-6-azaspiro[3.5]nonan-6-yl)pyrido[4,3-d]pyrimidin-7-yl)naphthalen-2-ol"
366,366,"(R)-1-(2-(3-(dimethylamino)-2,2-dimethylpropoxy)-7-(8-ethyl-7-fluoro-3-hydroxynaphthalen-1- yl)-8-fluoropyrido[4,3-d]pyrimidin-4-yl)-3-methylpiperidin-3-ol"
367,367,"3-(((7-(8-ethyl-7-fluoro-3-hydroxynaphthalen-1-yl)-8-fluoro-2-(((2R,7aS)-2-fluorohexahydro- 1H-pyrrolizin-7a-yl)methoxy)pyrido[4,3-d]pyrimidin-4-yl)amino)methyl)pyrrolidine-2, 5-dione"
368,368,"3-(((7-(8-ethyl-7-fluoro-3-hydroxynaphthalen-1-yl)-8-fluoro-2-(((2R,7aS)-2-fluorotetrahydro- 1H-pyrrolizin-7a(5H)-yl)methoxy)pyrido[4,3-d]pyrimidin-4-yl)amino)methyl)pyrrolidin-2-one"
369,369,"5-(((7-(8-ethyl-7-fluoro-3-hydroxynaphthalen-1-yl)-8-fluoro-2-(((2R,7aS)-2-.fluorohexahydro- 1H-pyrrolizin-7a-yl)methoxy)pyrido[4,3-d]pyrimidin-4-yl)amino)methyl)imidazolidine-2,4- dione"
370,370,"4-(((7-(8-ethyl-7-fluoro-3-hydroxynaphthalen-1-yl)-8-fluoro-2-(((2R,7aS)-2-fluorohexahydro- 1H-pyrrolizin-7a-yl)methoxy)pyrido[4,3-d]pyrimidin-4-yl)amino)methyl)imidazolidin-2-one"
371,371,"5-(((7-(8-ethyl-7-fluoro-3-hydroxynaphthalen-1-yl)-8-fluoro-2-(((2R,7aS)-2-fluorohexahydro- 1H-pyrrolizin-7a-yl)methoxy)pyrido[4,3-d]pyrimidin-4-yl)amino)methyl)pyrrolidin-2-one"
372,372,"1-(2-((7-(8-ethyl-7-fluoro-3-hydroxynaphthalen-1-yl)-8-fluoro-2-(((2R,7aS)-2-fluorotetrahydro- 1H-pyrrolizin-7a(5H)-yl)methoxy)pyrido[4,3-d]pyrimidin-4-yl)amino)ethyl)imidazolidin-2-one"
373,373,"4-(((7-(8-ethyl-7-fluoro-3-hydroxynaphthalen-1-yl)-8-fluoro-2-(((2R,7aS)-2- fluorohexahydro-1H-pyrrolizin-7a-yl)methoxy)pyrido[4,3-d]pyrimidin-4- yl)amino)methyl)azetidin-2-one"
374,374,"3-amino-4-((7-(8-ethyl-7-fluoro-3-hydroxynaphthalen-1-yl)-8-fluoro-2-(((2R,7aS)-2-fluorohexahydro-1H-pyrrolizin-7a-yl)methoxy)pyrido[4,3-d]pyrimidin-4-yl)amino)butanoic acid"
375,375,"3-(2-((7-(8-ethyl-7-fluoro-3-hydroxynaphthalen-1-yl)-8-fluoro-2-(((2R,7aS)-2-fluorohexahydro- 1H-pyrrolizin-7a-yl)methoxy)pyrido[4,3-d]pyrimidin-4-yl)amino)ethyl)pyrrolidin-2-one"
376,376,"4-(2-((7-(8-ethyl-7-fluoro-3-hydroxynaphthalen-1-yl)-8-fluoro-2-(((2R,7aS)-2-fluorotetrahydro- 1H-pyrrolizin-7a(5H)-yl)methoxy)pyrido[4,3-d]pyrimidin-4-yl)amino)ethyl)pyrrolidin-2-one"
377,377,"5-(2-((7-(8-ethyl-7-fluoro-3-hydroxynaphthalen-1-yl)-8-fluoro-2-(((2R,7aS)-2-fluorotetrahydro- 1H-pyrrolizin-7a(5H)-yl)methoxy)pyrido[4,3-d]pyrimidin-4-yl)amino)ethyl)pyrrolidin-2-one"
378,378,"1-(2-((7-(8-ethyl-7-fluoro-3-hydroxynaphthalen-1-yl)-8-fluoro-2-(((2R,7aS)-2-fluorohexahydro- 1H-pyrrolizin-7a-yl)methoxy)pyrido[4,3-d]pyrimidin-4-yl)amino)ethyl)imidazolidine-2, 4-dione"
379,379,"3-(2-((7-(8-ethyl-7-fluoro-3-hydroxynaphthalen-1-yl)-8-fluoro-2-(((2R,7aS))-2-fluorohexahydro-1H-pyrrolizin-7a-yl)methoxy)pyrido[4,3-d]pyrimidin-4-yl)amino)ethyl)imidazolidine-2,4-dione"
380,380,"7-(7-(8-ethyl-7-fluoro-3-hydroxynaphthalen-1-yl)-8-fluoro-2-(((2R,7aS)-2-fluorohexahydro-1H- pyrrol izin-7a-yl)methoxy)pyrido[4,3-d]pyrimidin-4-yl)hexahydroimidazo[1,5-a]pyrazin-3(2H)- one"
381,381,"7-(7-(8-ethyl-7-fluoro-3-hydroxynaphthalen-1-yl)-8-fluoro-2-(((2R,7aS)-2-fluorohexahydro-1H- pyrrolizin-7a-yl)methoxy)pyrido[4,3-d]pyrimidin-4-yl) tetrahydroimidazo[1,5-a]pyrazinee- 1,3(2H,5H -dione"
382,382,"4-(2-((7-(8-ethyl-7-fluoro-3-hydroxynaphthalen-1-yl)-8-fluoro-2-(((2R,7aS)-2-fluorohexahydro- 1H-pyrrolizin-7a-yI)methoxy)pyrido[4,3-d]pyrimidin-4-yl)amino)ethyl) imidazolidin-2-one"
383,383,"5-(2-((7-(8-ethyl-7-fluoro-3-hydroxynaphthalen-1-yl)-8-fluoro-2-(((2R,7aS)-2-fluorohexahydro-1H -pyrrolizin-7a-yl)methoxy)pyrido[4,3-d]pyrimidin-4-yl)amino)ethyl) imidazolidine-2, 4-dione"
384,384,"4-(((7-(8-ethyl-7-fluoro-3-hydroxynaphthalen-1-yl)-8-fluoro-2-(((2R,7aS)-2- fluorohexahydro-1H-pyrrolizin-7a-yl)methoxy)pyrido[4,3-d]pyrimidin-4- yl)(methyl)amino)methyl)azetidin-2-one"
385,385,"5-(((7-(8-ethyl-7-fluoro-3-hydroxynaphthalen-1-yl)-8-fluoro-2-(((2R,7aS)-2-fluorohexahydro- 1H-pyrrolizin-7a-yl)methoxy)pyrido[4,3-d]pyrimidin-4-yl)amino)methyl)-1-methyl-1H- pyrazole-3-carboxamide"
386,386,"(R)-4-(7-(8-ethynyl-7-fluoro-3-hydroxynaphthalen-1-yl)-8-fluoro-2-(((2R,7aS)-2- fluorotetrahydro-1H-pyrrolizin-7a(5H)-yl)methoxy)pyrido[4,3-d]pyrimidin-4-yl)-6-methyl-1,4- oxazepan-6-ol"
387,387,"1-(2-(2-(dimethylamino)ethoxy)-7-(8-ethynyl-7-fluoro-3-hydroxynaphthalen-1-yl)-8- fluoropyrido[4,3-d]pyrimidin-4-yl)piperidin-3-ol"
388,388,"(lR,5R,6R)-3-(7-(8-ethynyl-7-fluoro-3-hydroxynaphthalen-1-yl)-8-fluoro-2-(((2R,7aS)-2- fluorohexahydro-1H-pyrrolizin-7a-yl)methoxy)pyrido[4,3-d]pyrimidin-4-yl)-3- azabicyclo[3.2.1]octan-6-ol"
389,389,"5-(7-(8-ethynyl-7-fluoro-3-hydroxynaphthalen-1-yl)-8-fluoro-2-(((2R,7aS)-2-fluorohexahydro- 1H-pyrrolizin-7a-yl)methoxy)pyrido[4,3-d]pyrimidin-4-yl)tetrahydropyrrolo[3,4-c]pyrrole- l,3(2H,3aH)-dione"
390,390,"6-(7-(8-ethynyl-7-fluoro-3-hydroxynaphthalen-1-yl)-8-fluoro-2-(((2R,7aS)-2-fluorohexahydro- 1H-pyrrolizin-7a-yl)methoxy)pyrido[4,3-d]pyrimidin-4-yl)-6-azabicyclo[3.2.1]octan-3-ol"
391,391,"5-ethynyl-6-fluoro-4-(8-fluoro-2-(((2R,7aS)-2-fluorohexahydro-1H-pyrrolizin-7a- yl)methoxy)-4-(6-(hydroxymethyl)-1,4-oxazepan-4-yl)pyrido[4,3-d]pyrimidin-7- yl)naphthalen-2-ol"
392,392,"6-(7-(8-cthynyl-7-fluoro-3-hydroxynaphthalen-1-yl)-8-fluoro-2-(((2R,7aS)-2-fluorohexahydro- 1H-pyrrolizin-7a-yl)methoxy)pyrido[4,3-d]pyrimidin-4-yl)-2,6-diazaspiro[3.5]nonan-1-one"
393,393,"6-(7-(8-ethynyl-7-fluoro-3-hydroxynaphthalen-1-yl)-8-fluoro-2-(((2R,7aS)-2-fluorohexahydro- 1H-pyrrolizin-7a-yl)methoxy)pyrido[4,3-d]pyrimidin-4-yl)-6-azaspiro[3.5]nonan-2-ol"
394,394,"4-(4-(2-amino-7,8-dihydro-4H-pyrazolo[1,5-a][1,4]diazepin-5(6H)-yl)-8-fluoro-2-(((2R,7aS)-2- fluorohexahydro-1H-pyrrolizin-7a-yl)methoxy)pyrido[4,3-d]pyrimidin-7-yl)-5-ethynyl-6- fluoronaphthalen-2-ol"
395,395,"7-(7-(8-ethynyl-7-fluoro-3-hydroxynaphthalen-1-yl)-8-fluoro-2-(((2R,7aS)-2-fluorohexahydro- 1H-pyrrolizin-7a-yl)methoxy)pyrido[4,3-d]pyrimidin-4-yl)-1,3,7-triazaspiro[4.5]decan-2-onc"
396,396,"7-(7-(8-ethynyl-7-fluoro-3-hydroxynaphthalen-1-yl)-8-fluoro-2-(((2R,7aS)-2-fluorohexahydro- 1H-pyrrolizin-7a-yl)methoxy)pyrido[4,3-d]pyrimidin-4-yl)-2-thia-l ,3,7-triazaspiro[4.5]decane 2,2-dioxide"
397,397,"7-(7-(8-ethynyl-7-fluoro-3-hydroxynaphthalen-1-yl)-8-fluoro-2-(((2R,7aS)-2- fluorohexahydro-1H-pyrrolizin-7a-yl)methoxy)pyrido[4,3-d]pyrimidin-4-yl)- 1,3,7- triazaspiro[4.5]decane-2, 4-dione"
398,398,"5-(7-(8-ethynyl-7-fluoro-3-hydroxynaphthalen-1-yl)-8-fluoro-2-(((2R,7aS)-2-fluorohexahydro-lH-pyrrolizin-7a-yl)methoxy)pyrido[4,3-d]pyrimidin-4-yl)-N,N-dimethyl-5,6,7,8-tetrahydro-4H- pyrazolo[1,5-a][1,4]diazepine-2-carboxamide"
399,399,"(R)-. 1-(7-(8-bromo-7-fluoro-3-hydroxynaphthalen-1-yl)-8-fluoro-2-(((2R,7aS)-2- fluorohexahydro-1H-pyrrolizin-7a-yl)methoxy)pyrido[4,3-d]pyrimidin-4-yl)-3-methylpiperidin- 3-ol"
400,400,"4-(7-(8-bromo-7-fluoro-3-hydroxynaphthalen-1-yl)-8-fluoro-2-(((2R,7aS)-2- fluorohexahydro-1H-pyrrolizin-7a-yl)methoxy )pyrido[4,3-d]pyrimidin-4-yl)-6-methyl- 1,4- oxazepan-6-ol"
401,401,"5-bromo-6-fluoro-4-(8-fluoro-2-(((2R,7aS)-2-fluorohexahydro-1H-pyrrolizin-7a- yl)methoxy)-4-(6-(hydroxymethyl)-l ,4-oxazepan-4-yl)pyrido[4,3-d]pyrimidin-7- yl)naphthalen-2-ol"
402,402,"3-(7-(8-bromo-7-fluoro-3-hydroxynaphthalen-1-yl)-8-fluoro-2-(((2R,7aS)-2-fluorohexahydro- 1H-pyrrolizin-7a-yl)methoxy)pyrido[4,3-d]pyrimidin-4-yl)-3-azabicyclo[3.2.1]octan-6-ol"
403,403,"6-(7-(8-bromo-7-fluoro-3-hydroxynaphthalen-1-yl)-8-fluoro-2-(((2R,7aS)-2- fluorohexahydro-1H-pyrrolizin-7a-yl)methoxy)pyrido[4,3-d]pyrimidin-4-yl)-6- azabicyclo[3.2.1]octan-3-ol"
404,404,"5-(7-(8-bromo-7-fluoro-3-hydroxynaphthalen-1-yl)-8-fluoro-2-(((2R,7aS)-2-fluorohexahydro- 1H-pyrrolizin-7a-yl)methoxy)pyrido[4,3-d]pyrimidin-4-yl)tetrahydropyrrolo[3,4-c]pyrrole- 1,3(2H,3aH)-dione"
405,405,"6-(7-(8-bromo-7-fluoro-3-hydroxynaphthalen-1-yl)-8-fluoro-2-(((2R,7aS)-2-fluorohexahydro- 1H-pyrrolizin-7a-yl)methoxy)pyrido[4,3-d]pyrimidin-4-yl)-1,6-diazaspiro[3.5]nonan-2-one"
406,406,"6-(7-(8-bromo-7-fluoro-3-hydroxynaphthalen-1-yl)-8-fluoro-2-(((2R,7aS)-2-fluorohexahydro- 1H -pyrrolizin-7a-yl)methoxy)pyrido[4,3-d]pyrimidin-4-yl)-2,6-diazaspiro[3.5]nonan-1-one"
407,407,"6-(7-(8-bromo-7-fluoro-3-hydroxynaphthalen-1-yl)-8-fluoro-2-(((2R,7aS)-2-fluorohexahydro-1H-pyrrolizin-7a-yl)methoxy)pyrido[4,3-d]pyrimidin-4-yl)-6-azaspiro[3.5]nonan-2-ol"
408,408,"4-(4-(2-amino-7,8-dihydro-4H-pyrazolo[1,5-a][1,4]diazepin-5(6H)-yl)-8-fluoro-2-(((2R,7aS)-2- fluorohexahydro-1H-pyrrolizin-7a-yl)methoxy)pyrido[4,3-d]pyrimidin-7-yl)-5-bromo-6- fluoronaphthalen-2-ol"
409,409,"7-(7-(8-bromo-7-fluoro-3-hydroxynaphthalcn-1-yl)-8-fluoro-2-(((2R,7aS)-2-fluorohcxahydro- 1H-pyrrolizin-7a-yl)methoxy)pyrido[4,3-d]pyrimidin-4-yl)-1,3,7-triazaspiro[4.5]decan-2-one"
410,410,"7-(7-(8-bromo-7-fluoro-3-hydroxynaphthalen-1-yl)-8-fluoro-2-(((2.R,7aS)-2-fluorohexahydro- 1H-pyrrolizin-7a-yl)methoxy)pyrido[4,3-d]pyrimidin-4-yl)-1,3,7-triazaspiro[4.5]decane-2,4- dione"
411,411,"7-(7-(8-bromo-7-fluoro-3-hydroxynaphthalen-1-yl)-8-fluoro-2-(((2R,7aS)-2-fluorohexahydro- 1H-pyrrolizin-7a-yl)methoxy)pyrido[4,3-d]pyrimidin-4-yl)-2-thia-1,3,7-triazaspiro[4.5]decane"
412,412,"5-(7-(8-bromo-7-fluoro-3-hydroxynaphthalen-1-yl)-8-fluoro-2-(((2R,7aS)-2-fluorohexahydro-1H-pyrrolizin-7a-yl)methoxy)pyrido[4,3-d]pyrimidin-4-yl)-N,N-dimethyl-5,6,7,8-tetrahydro-4H- pyrazolo [ 1 ,5 -a] [1,4] diazepine-2-carboxamide"
413,413,"(R)-7-(7-(8-chloro-7-fluoro-3-hydroxynaphthalen-1-yl)-8-fluoro-2-(((2R,7aS)-2- fluorohexahydro-1H-pyrrolizin-7a-yl)methoxy)pyrido[4,3-d]pyrimidin-4-yl)-1, 3, 7- triazaspiro[4.5]decane-2, 4-dione"
414,414,"1-( 1-(7-(8-chloro-7-fluoro-3-hydroxynaphthalen-1-yl)-8-fluoro-2-(((2R,7aS)-2- fluorotetrahydro-1H-pyrrolizin-7a(5H)-yl)methoxy)pyrido[4,3-d]pyrimidin-4-yl)piperidin-3- yl)methanesulfonamide"
415,415,"(S)-7-(7-(8-chloro-7-fluoro-3-hydroxynaphthalen-1-yl)-8-fluoro-2-(((2R,7aS)-2- fluorohexahydro-1H-pyrrolizin-7a-yl)methoxy)pyrido[4,3-d]pyrimidin-4-yI)-1,3,7- triazaspiro[4.5]decan-2-one"
416,416,"(S)-6-(7-(8-chloro-7-fluoro-3-hydroxynaphthalen-1-yl)-8-fluoro-2-(((2R,7aS)-2- fluorohexahydro-1H-pyrrolizin-7a-yl)methoxy)pyrido[4,3-d]pyrimidin-4-yl)-1,6- diazaspiro[3.5]nonan-2-one"
417,417,"7-(7-(8-chloro-7-fluoro-3-hydroxynaphthalen-1-yl)-8-fluoro-2-(((2R,7aS)-2- fluorohexahydro-1H-pyrrolizin-7a-yl)methoxy)pyrido[4,3-d]pyrimidin-4-yl)-2-thia-1,3,7- lriazaspiro[4.5]decane 2,2-dioxide"
418,418,"(R)-1-(7-(8-chloro-7-fluoro-3-hydroxynaphthalen-1-yl)-8-fluoro-2-(((2R,7aS)-2- fluorohexahydro-1H-pyrrolizin-7a-yl)methoxy)pyrido[4,3-d]pyrimidin-4-yl)-3-methylpiperidin- 3-ol"
419,419,"4-(7-(8-chloro-7-fluoro-3-hydroxynaphthalen-1-yl)-8-fluoro-2-(((2R,7aS)-2-fluorohexahydro- 1H-pyrrolizin-7a-yl)methoxy)pyrido[4,3-d]pyrimidin-4-yl)-6-methyl-1,4-oxazepan-6-ol"
420,420,"5-chloro-6-fluoro-4-(8-fluoro-2-(((2R,7aS)-2-fluorohexahydro-1H-pyrrolizin-7a-yl)methoxy)-4- (6-(hydroxymethyl)-1,4-oxazepan-4-yl)pyrido[4,3-d]pyrimidin-7-yl)naphthalen-2-ol"
421,421,"3-(7-(8-chloro-7-fluoro-3-hydroxynaphthalen-1-yl)-8-fluoro-2-(((2R,7aS)-2-fluorotetrahydro- 1H-pyrrolizin-7a(5H)-yl)methoxy)pyrido[4,3-d]pyrimidin-4-yl)-3-azabicyclo[3.2.1]octan-6-ol"
422,422,"6-(7-(8-chloro-7-fluoro-3-hydroxynaphthalen-1-yl)-8-fluoro-2-(((2R,7aS)-2-fluorohexahydro- 1H-pyrrolizin-7a-yl)methoxy)pyrido[4,3-d]pyrimidin-4-yl)-6-azabicyclo[3.2.1]octan-3-ol"
423,423,"5-(7-(8-chloro-7-fluoro-3-hydroxynaphthalen-1-yl)-8-fluoro-2-(((2R,7aS)-2- fluorohexahydro-1H-pyrrolizin-7a-yl)methoxy)pyrido[4,3-d]pyrimidin-4- yl)tetrahydropyrrolo[3,4-c]pyrrole-1,3(2H,3aH)-dione"
424,424,"6-(7-(8-chloro-7-fluoro-3-hydroxynaphthalen-1-yl)-8-fluoro-2-(((2R,7aS)-2-fluorohexahydro- 1H-pyrrolizin-7a-yl)methoxy)pyrido[4,3-d]pyrimidin-4-yl)-2,6-diazaspiro[3.5]nonan-1-one"
425,425,"6-(7-(8-chloro-7-fluoro-3-hydroxynaphthalen-1-yl)-8-fluoro-2-(((2R,7aS)-2- fluorohexahydro- 1H -pyrrolizin-7a-yl)methoxy)pyrido[4,3-d]pyrimidin-4-yl)-6- azaspiro[3.5]nonan-2-ol"
426,426,"4-(4-(2-amino-7,8-dihydro-4H-pyrazolo[1,5-a][1,4]diazepin-5(6H)-yl)-8-fluoro-2-(((2R,7aS)-2- fluorohexahydro-1H-pyrrolizin-7a-yl)methoxy)pyrido[4,3-d]pyrimidin-7-yl)-5-chloro-6- fluoronaphthalen-2-ol"
427,427,"5-(7-(8-chloro-7-fluoro-3-hydroxynaphthalen-1-yl)-8-fluoro-2-(((2R,7aS)-2-fluorohexahydro-1H-pyrrolizin-7a-yl)methoxy)pyrido[4,3-d]pyrimidin-4-yl)-N,N-dimethyl-5,6,7,8-tetrahydro-4H- pyrazolof 1 ,5-a] [1,4]diazepine-2-carboxamide"
428,428,"7-(7-(8-chloro-7-fluoro-3-hydroxynaphthalen-1-yl)-2-((l- ((dimethylamino)methyl)cyclopropyl)methoxy)-8-fluoropyrido[4,3-d]pyrimidin-4-yl)-2-thia- l,3,7-triazaspiro[4.5]decane 2,2-dioxide"
429,429,"1-(8-fluoro-7-(2-fluoro-5-hydroxyphenyl)-2-((tetrahydro-1H-pyrrolizin-7a(5H)- yl)methoxy)pyrido[4,3-d]pyrimidin-4-yl)-3-methylpiperidin-3-ol"
430,430,"1-(8-fluoro-2-((hexahydro-1H -pyrrolizin-7a-yl)methoxy)-7-(5-methyl-1H -indazol-4- yl)pyrido[4,3-d]pyrimidin-4-yl)-3-methylpiperidin-3-ol"
431,431,"1-(8-fluoro-7-(6-methyl-1H-indazol-4-yl)-2-((tetrahydro-1H-pyrrolizin-7a(5H)- yl)methoxy)pyrido[4,3-d]pyrimidin-4-yl)-3-methylpiperidin-3-ol"
432,432,"1-(8-fluoro-2-((hexahydro-1H-pyrrolizin-7a-yl)methoxy)-7-(5-hydroxy-2- methylphenyl)pyrido[4,3-d]pyrimidin-4-yl)-3-methylpiperidin-3-ol"
433,433,"6-(8-fluoro-2-((hexahydro-1H -pyrrolizin-7a-yl)methoxy)-7-(8-(hydroxymethyl)naphthalen- 1 -yl)pyrido[4,3-d|pyrimidin-4-yl)-1,6-diazaspiro[3.5]nonan-2-one"
434,434,"2-(8-(8-fluoro-2-((hexahydro- 1H'-pyrrolizin-7a-yl)methoxy)-4-(2-oxo- 1 ,6- diazaspiro[3.5]nonan-6-yl)pyrido[4,3-d]pyrimidin-7-yl)naphthalen-1-yl)acetonitrile"
435,435,"(R)-1-(7-(6-amino-4-methyl-3-(trifluoromethyl)pyridin-2-yl)-8-fluoro-2-(((S)-1- methylpyrrolidin-2-yl)methoxy)pyrido[4,3-d]pyrimidin-4-yl)-3-methylpiperidin-3-ol"
436,436,"( 1-(8-fluoro-7-(naphthalen-1-yl)-2-((tetrahydro-1H-pyrrolizin-7a(5H)-yl)methoxy)pyrido[4,3- d]pyrimidin-4-yl)piperidin-3-yl)methanesulfonamide"
437,437,"1-( 1-(7-(8-ethynylnaphthalen-1-yl)-8-fluoro-2-((hexahydro-1H-pyrrolizin-7a- yl)methoxy)pyrido[4,3-d]pyrimidin-4-yl)piperidin-3-yl)methanesulfonamide"
438,438,"1-( 1-(8-fluoro-2-((hexahydro-1H-pyrrolizin-7a-yl)methoxy)-7-(8-methylnaphthalen-1- yl)pyrido[4,3-d]pyrimidin-4-yl)piperidin-3-yl)methanesulfonamide"
439,439,"1-( 1-(8-fluoro-2-((hexahydro-1H-pyrrolizin-7a-yl)methoxy)-7-(8-(hydroxymethyl)naphthalen-1- yl)pyrido[4,3-d]pyrimidin-4-yl)piperidin-3-yl)methanesulfonamide"
440,440,"1-(7-(8-cyclopropylnaphthalen-1-yl)-8-fluoro-2-((hexahydro-1H-pyrrolizin-7a- yl)methoxy)pyridn[4,3-d]pyrimidin-4-yl)-3-methylpiperidin-3-ol"
441,441,"trans-6-(7-(7,8-difluoro-3-hydroxynaphthalen-1-yl)-8-fluoro-2-(((2R,7aS)-2- fluorohexahydro-1H-pyrrolizin-7a-yl)methoxy)pyrido[4,3-d]pyrimidin-4-yl)-6- azaspiro[3.5]nonan-2-ol"
442,442,"cis-6-(7-(7,8-difluoro-3-hydroxynaphthalen-1-yl)-8-fluoro-2-(((2R,7aS)-2-fluorohexahydro- 1H-pyrrolizin-7a-yl)methoxy)pyrido[4,3-d]pyrirnidin-4-yl)-6-azaspiro[3.5]nonan-2-ol"
443,443,"3-(((8-fluoro-2-((hexahydro-1H-pyrrolizin-7a-yl)methoxy)-7-(8-(hydroxymethyl)naphthalen-1- yl)pyrido[4,3-d]pyrimidin-4-yl)amino)methyl)thietane1,1-dioxide"
444,444,"7-(7-(7,8-difluoro-3-hydroxynaphthalen-1-yl)-8-fluoro-2-(((2R,7aS)-2-fluorohexahydro-1H- pyrrolizin-7a-yl)methoxy)pyrido[4,3-d]pyrimidin-4-yl)-1, 3, 7-triazaspiro[4.5]decane-2, 4-dione"
445,445,"7-(7-(7,8-difluoro-3-hydroxynaphthalen-1-yl)-8-fluoro-2-(((2R,7aS)-2-fluorohexahydro-1H- pyrrolizin-7a-yl)methoxy)pyrido[4,3-d]pyrimidin-4-yl)-1,3,7-triazaspiro[4.5]decan-2-one"
446,446,"7-(7-(7,8-difluoro-3-hydroxynaphthalen-1-yl)-8-fluoro-2-(((2R,7aS)-2 -fluorohexahydro-1H- pyrrolizin-7a-yl)methoxy)pyrido[4,3-d]pyrimidin-4-yl)-2,7-diazaspiro[4.5]decan-3-one"
447,447,"7-(8-fluoro-2-((hexahydro-1H-pyrrolizin-7a-yl)methoxy)-7-(8-(hydroxymethyl)naphthalen-1- yl)pyrido[4,3-d]pyrimidin-4-yl)-1,3,7-triazaspiro[4.5]decanc-2,4-dionc"
448,448,"7-(8-fluoro-2-((hexahydro-1H-pyrrolizin-7a-yl)methoxy)-7-(8-methylnaphthalen-1- yl)pyrido[4,3-d]pyrimidin-4-yl)-1, 3, 7-triazaspiro[4.5]decane-2, 4-dione"
449,449,"8-(4-(2,4-dioxo-1,3,7-triazaspiro[4.5]decan-7-yl)-8-fluoro-2-((hexahydro-1H-pyrrolizin-7a- yl)methoxy)pyrido[4,3-d]pyrimidin-7-yl)-1-naphthonitrile"
450,450,"6-(8-fluoro-2-((hexahydro-1H-pyrrolizin-7a-yl)methoxy)-7-(8-methylnaphthalen-1- yl)pyrido[4,3-d]pyrimidin-4-yl)-1,6-diazaspiro[3.5]nonan-2-one"
451,451,"8-(8-fluoro-2-((hexahydro-1H-pyrrolizin-7a-yl)methoxy)-4-(2-oxo-1,6-diazaspiro[3.5]nonan-6- yl)pyrido[4,3-d]pyrimidin-7-yl)-1-naphthonitrile"
452,452,"6-(7-(7,8-difluoro-3-hydroxynaphthalen-1-yl)-8-fluoro-2-(((2R,7aS))-2-fluorohexahydro-1H- pyrrolizin-7a-yl)methoxy)pyrido[4,3-d]pyrimidin-4-yl)-1,6-diazaspiro[3.5]nonan-2-one"
453,453,"7-(8-fluoro-2-((hexahydro-1H-pyrrolizin-7a-yl)methoxy)-7-(8-(hydroxymethyl)naphthalen-1- yl)pyrido[4,3-d]pyrimidin-4-yl)-1,3,7-triazaspiro[4.5]decan-2-one"
454,454,"7-(8-fluoro-2-((hexahydro-1H-pyrrolizin-7a-yl)methoxy)-7-(8-methylnaphthalen-1- yl)pyrido[4,3-d]pyrimidin-4-yl)-1,3,7-triazaspiro[4.5]decan-2-one"
455,455,"4-(3-(1H-1,2,4-triazol-3-yl)piperidin-1-yl)-8-fluoro-2-((hexahydro-1H-pyrrolizin-7a- yl)methoxy)-7-(8-methylnaphthalen-1-yl)pyrido[4,3-d]pyrimidine"
456,456,"8-(4-(3-(1H-1,2,4-triazol-3-yl)piperidin-1-yl)-8-fluoro-2-((hexahydro-1H-pyrrolizin-7a- yl)methoxy)pyrido[4,3-d]pyrimidin-7-yl)-1-naphthonitrile"
457,457,"5,6-difluoro-4-(8-fluoro-2-((hexahydro-1H-pyrrolizin-7a-yl)methoxy)-4-(6-(hydroxymethyl)-1 ,4-oxazepan-4-yl)pyrido[4,3-d]pyrimidin-7-yl)naphthalen-2-ol"
458,458,"(3aR,6aS)-5-(7-(8-ethynylnaphthalen-1-yl)-8-fluoro-2-((hexahydro-1H-pyrrolizin-7a- yl)methoxy)pyrido[4,3-d]pyrimidin-4-yl)tetrahydropyrrolo[3,4-c]pyrrole-l ,3(2H,3aH)-dione"
459,459,"1-(7-(6-amino-4-methyl-3-(trifluoromethyl)pyridin-2-yl)-8-fluoro-2-(((2R,7aS)-2-fluorohexahydro-1H-pyrrolizin-7a-yl)methoxy)pyrido[4,3-d]pyrimidin-4-yl)-3-methylpiperidin- 3-ol"
460,460,"1-( 1-(8-fluoro-7-(8-(fluoromethyl)naphthalen-1-yl)-2-((hexahydro-1H-pyrrolizin-7a- yl)methoxy)pyrido[4,3-d]pyrimidin-4-yl)piperidin-3-yl)methanesulfonamide"
461,461,"l -( 1-(8-fluoro-7-(7-fluoro-3-hydroxy-8-methylnaphthalen-1-yl)-2-(((2R,7aS)-2- fluorohexahydro-1H-pyrrolizin-7a-yl)methoxy)pyrido[4,3-d]pyrimidin-4-yl)piperidin-3- yl)methanesulfonamide"
462,462,"7-(8-fluoro-7-(8-(fluoromethyl)naphthalen-1-yl)-2-((hexahydro-1H-pyrrolizin-7a- yl)methoxy)pyrido[4,3-d]pyrimidin-4-yl)-1, 3, 7-triazaspiro[4.5]decane-2, 4-dione"
463,463,"1-(1-(7-(8-(difluoromethyl)naphthalen-1-yl)-8-fluoro-2-((hexahydro-1H-pyrrolizin-7a- yl)methoxy)pyrido[4,3-d]pyrimidin-4-yl)piperidin-3-yl)methanesulfonamide"
464,464,"7-(7-(8-(difluoromethyl)naphthalen-1-yl)-8-fluoro-2-((hexahydro-1H-pyrrolizin-7a- yl)methoxy)pyrido[4,3-d]pyrimidin-4-yl)-1, 3, 7-triazaspiro[4.5]decane-2, 4-dione"
465,465,"1-( 1-(8-fluoro-2-((hexahydro-1H-pyrrolizin-7a-yl)methoxy)-7-(8- (trifluoromethyl)naphthalen-1-yl)pyrido[4,3-d]pyrimidin-4-yl)piperidin-3- yl)methanesulfonamide"
466,466,"6-(7-(8-(difluoromethyl)naphthalen-1-yl)-8-fluoro-2-((hexahydro-1H-pyrrolizin-7a- yl)methoxy)pyrido[4,3-d]pyrimidin-4-yl)-1,6-diazaspiro[3.5]nonan-2-one"
467,467,"6-(8-fluoro-2-((hexahydro-1H-pyrrolizin-7a-yl)methoxy)-7-(8-(trifluoromethyl)naphthalen-1- yl)pyrido[4,3-d]pyrimidin-4-yl)-1,6-diazaspiro[3.5]nonan-2-one"
468,468,"6-(8-fluoro-7-(8-(fluoromethyl)naphthalen-1-yl)-2-((hexahydro-1H-pyrrolizin-7a- yl)methoxy)pyrido[4,3-d]pyrimidin-4-yl)-1,6-diazaspiro[3.5]nonan-2-one"
469,469,"6-(8-fluoro-2-((hexahydro-1H-pyrrolizin-7a-yl)methoxy)-7-(8-(methylthio)naphthalen-1- yl)pyrido[4,3-d]pyrimidin-4-yl)-1,6-diazaspiro[3.5]nonan-2-one"
470,470,"6-(8-fluoro-7-(8-(2-fluoroethyl)naphthalen-1-yl)-2-((hexahydro-1H-pyrrolizin-7a- yl)methoxy)pyrido[4,3-d]pyrimidin-4-yl)-1,6-diazaspiro[3.5]nonan-2-one"
471,471,"1-(7-(5,6-dimethyl-1H-indazol-4-yl)-8-fluoro-2-(((2R,7aS)-2-fluorohexahydro-1H-pyrrolizin-7a- yl)methoxy)pyrido[4,3-d]pyrimidin-4-yl)-3-methylpiperidin-3-ol"
472,472,"(3R)-1-(7-(8-ethyl-2-fluoro-3-hydroxynaphthalen-1-yl)-8-fluoro-2-(((2R,7aS)-2-fluorohexahydro-1H-pyrrolizin-7a-yl)methoxy)pyrido[4,3-d]pyrimidin-4-yl)-3-methylpiperidin- 3-ol"
473,473,"(3R)-1-(7-(5-ethyl-1H-benzo[f]indazol-4-yl)-8-fluoro-2-(((2R,7aS)-2-fluorohexahydro-1H- pyrrolizin-7a-yl)methoxy)pyrido[4,3-d]pyrimidin-4-yl)-3-methylpiperidin-3-ol"
474,474,"7-(8-chloronaphthalen-1-yl)-N-(3-(difluoromethoxy)propyl)-8-fluoro-2-((tetrahydro-1H- pyrrolizin-7a(5H)-yl)methoxy)pyrido[4,3-d]pyrimidin-4-amine"
475,475,"3-((7-(8-chloronaphthalen-1-yl)-8-fluoro-2-((tetrahydro-1H-pyrrolizin-7a(5H)- yl)methoxy)pyrido[4,3-d]pyrimidin-4-yl)amino)-2-hydroxypropanamide"
476,476,"5-ethyl-6-fluoro-4-(8-fluoro-2-(((2R,7aS)-2-fluorotetrahydro-1H-pyrrolizin-7a(5H)- yl)methoxy)-4-(2-thia-7-azaspiro[4.5]decan-7-yl)pyrido[4,3-d]pyrimidin-7-yl)naphthalen-2- ol"
477,477,"(5-(7-(8-ethyl-7-fluoro-3-hydroxynaphthalen-1-yl)-8-fluoro-2-(((2R,7aS)-2-fluorotetrahydro- 1H-py rro lizin- 7a(5H)-y l)methoxy)pyrido [4,3 -d]pyrimidin-4-y l)-5 ,6,7, 8-tetrahy dro-4H- pyrazolof1,5-a][1,4]diazepin-2-yl)(4-methylpiperazin-1-yl)methanone"
478,478,"7-(7-(8-ethyl-7-fluoro-3-hydroxynaphthalen-1-yl)-8-fluoro-2-(((2R,7aS)-2-fluorohexahydro-1H- pyrrolizin-7a-yl)methoxy)pyrido[4,3-d]pyrimidin-4-yl)-3-oxa-1,7-diazaspiro[4.5]decan-2-one"
479,479,"5-(7-(8-ethyl-7-fluoro-3-hydroxynaphthalen-1-yl)-8-fluoro-2-(((2R,7aS)-2-fluorohexahydro-1H- pyrrolizin-7a-yl)methoxy)pyrido[4,3-d]pyrimidin-4-yl)-N-isopropyl-5, 6,7,8- tetrahydropyrazolo[4,3-c]azepine-2(4H)-carboxamide"
480,480,"5-ethyl-6-fluoro-4-(8-fluoro-2-(((2R,7aS)-2-fluorohexahydro-1H -pyrrolizin-7a-yl)methoxy)-4- (2,6-dioxa-9-azaspiro[3.6]decan-9-yl)pyrido[4,3-d]pyrimidin-7-yl)naphthalen-2-ol"
481,481,"6-(7-(8-ethyl-7-fluoro-3-hydroxynaphthalen-1-yl)-8-fluoro-2-(((2R,7aS)-2-fluorohexahydro- 1H-pyrrolizin-7a-yl)methoxy)pyrido[4,3-d]pyrimidin-4-yl)-2-thia-6-azaspiro[3.5]nonane 2,2- dioxide"
482,482,"5-(7-(8-ethyl-7-fluoro-3-hydroxynaphthalen-1-yl)-8-fluoro-2-(((2R,7aS)-2-fluorohexahydro-1H- pyrrolizin-7a-yl)methoxy)pyrido[4,3-d]pyrimidin-4-yl)-3a-methyltetrahydropyrrolo[3,4- c]pyrrole-1,3(2H,3aH)-dione"
483,483,"5-(((7-(8-ethyl-7-fluoro-3-hydroxynaphthalen-1-yl)-8-fluoro-2-(((2R,7aS)-2-fluorotetrahydro- 1H-pyrrolizin-7a(5H)-yl)methoxy)pyrido[4,3-d]pyrimidin-4-yl)amino)methyl)-N,N,l-trimethyl- 1H-py razol e-3 -carboxam ide"
484,484,"6-(7-(8-ethyl-7-fluoro-3-hydroxynaphthalen-1-yl)-8-fluoro-2-(((2R,7aS)-2-fluorohexahydro-1H- pyrrolizin-7a-yl)methoxy)pyrido[4,3-d]pyrimidin-4-yl)-2-thia-6-azaspiro[3.5]nonane 2-oxide"
485,485,"3-(((7-(8-ethyl-7-fluoro-3-hydroxynaphthalen-1-yl)-8-fluoro-2-(((2R,7aS)-2-fluorotetrahydro- 1H-pyrrolizin-7a(5H)-yl)methoxy)pyrido[4,3-d]pyrimidin-4-yl)amino)methyl)azetidin-2-one"
486,486,"(lR,5R,6S,7R)-3-(7-(8-ethyl-7-fluoro-3-hydroxynaphthalen-1-yl)-8-fluoro-2-(((2R,7aS)-2-fluorohexahydro-1H-pyrrolizin-7a-yl)methoxy)pyrido[4,3-d]pyrimidin-4-yl)-7-(hydroxymethyl)- 3-azabicyclo[3.2.1]octan-6-ol"
487,487,"5-(7-(8-ethyl-7-fluoro-3-hydroxynaphthalen-1-yl)-8-fluoro-2-(((2R,7aS)-2-fluorohexahydro-1H- pyrrolizin-7a-yl)methoxy)pyrido[4,3-d]pyrimidin-4-yl)hexahydro-1H-pyrrolo[3,4-c]pyridine- l,3(2H)-dione"
488,488,"(3R,3aR,6aS)-5-(7-(8-ethyl-7-fluoro-3-hydroxynaphthalen-1-yl)-8-fluoro-2-(((2R,7aS)-2- fluorotetrahydro-1H-pyrrolizin-7a(5H)-yl)methoxy)pyrido[4,3-d]pyrimidin-4-yl)-3- (hydroxymethyl)hexahydropyrrolo[3,4-c]pyrrol-l(2H)-one"
489,489,"7-(7-(8-ethyl-7-fluoro-3-hydroxynaphthalen-1-yl)-8-fluoro-2-(((2R,7aS)-2-fluorohexahydro-1H- pyrrolizin-7a-yl)methoxy)pyrido[4,3-d]pyrimidin-4-yl)-3,3-dimethylhexahydroimidazo[1,5- a]pyrazin- 1 (5H)-one"
490,490,"(3R,6R)-1-(7-(8-ethyl-7-fluoro-3-hydroxynaphthalen-1-yl)-8-fluoro-2-(((2R,7aS)-2- fluorohexahydro-1H-pyrrolizin-7a-yl)methoxy)pyrido[4,3-d]pyrimidin-4-yl)azepane-3,6-diol"
491,491,"(3R,6S)-1-(7-(8-ethyl-7-fluoro-3-hydroxynaphthalen-1-yl)-8-fluoro-2-(((2R,7aS)-2- fluorohexahydro-1H-pyrrolizin-7a-yl)methoxy)pyrido[4,3-d]pyrimidin-4-yl)azepane-3,6-diol"
492,492,"(3S,4S)-4-(((7-(8-ethyl-7-fluoro-3-hydroxynaphthalen-1-yl)-8-fluoro-2-(((2R,7aS)-2- fluorohexahydro-1H-pyrroIizin-7a-yl)methoxy)pyrido[4,3-d]pyrimidin-4- yl)amino)methyl)tetrahydrofuran-3-ol"
493,493,"(3R,4R)-4-(((7-(8-ethyl-7-fluoro-3-hydroxynaphthalen-1-yl)-8-fluoro-2-(((2R,7aS)-2- fluorohexahydro-1H-pyrrolizin-7a-yl)methoxy)pyrido[4,3-d]pyrimidin-4- yl)amino)methyl)tetrahydrofuran-3-ol"
494,494,"3-(((7-(8-ethyl-7-fluoro-3-hydroxynaphthalen-1-yl)-8-fluoro-2-(((2R,7aS)-2-fluorohexahydro- 1H-pyrrolizin-7a-yl)methoxy)pyrido[4,3-d]pyrimidin-4-yl)amino)methyl)-1,2,5-thiadiazolidine"
495,495,"3-(((7-(8-ethyl-7-fluoro-3-hydroxynaphthalen-1-yl)-8-fluord-2-(((2R,7aS)-2-fluorohexahydro- 1H-pyrrolizin-7a-yl)methoxy)pyrido[4,3-d]pyrimidin-4-yl)(methyl)amino)methyl)- 1,2,5- thiadiazolidine 1 ,1 -dioxide"
496,496,"5-ethyl-6-fluoro-4-(8-fluoro-2-(((2R,7aS)-2-fluorotetrahydro-1H-pyrrolizin-7a(5H)-yl)methoxy)-4-(6-(hydroxymethyl)-6-methyl-1,4-oxazepan-4-yl)pyrido[4,3-d]pyrimidin-7-yl)naphthalen-2-ol"
497,497,"(2R,6R)-4-(7-(8-ethyl-7-fluoro-3-hydroxynaphthalen-1-yl)-8-fluoro-2-(((2R,7aS)-2-fluorohexahydro-1H-pyrrolizin-7a-yl)methoxy)pyrido[4, 3-d]pyrimidin-4-yl)-2-(hydroxymethyl)- 6-methy 1- 1 ,4-oxazepan-6-ol"
498,498,"4-(4-((S)-1,l-difluoro-5-oxa-8-azaspiro[2.6]nonan-8-yl)-8-fluoro-2-(((2R,7aS)-2- fluorohexahydro-1H-pyrrolizin-7a-yl)inethoxy)pyrido[4,3-d]pyrimidin-7-yl)-5-ethyl-6- fluoronaphthalen-2-ol"
499,499,"5-ethyl-6-fluoro-4-(8-fluoro-2-(((2R,7aS)-2-fluorotetrahydro-1H-pyrrolizin-7a(5H)- yl)methoxy)-4-(6-methoxy-1,4-oxazepan-4-yl)pyrido[4,3-d]pyrimidin-7-yl)naphthalen-2-ol"
500,500,"5-ethyl-6-fluoro-4-(8-fluoro-2-(((2R,7aS)-2-fluorohexahydro-1H-pyrrolizin-7a-yl)methoxy)-4- (3,8-dioxa-l 1 -azaspiro[5.6]dodecan-11-yl)pyrido[4,3-d]pyrimidin-7-yl)naphthalen-2-ol"
501,501,"4-(4-(2,2-dimethyl-1,4-oxazepan-4-yl)-8-fluoro-2-(((2R,7aS)-2-fluorohexahydro-1H-pyrrolizin- 7a-yl)methoxy)pyrido[4,3-d]pyrimidin-7-yl)-5-ethyl-6-fluoronaphthalen-2-ol"
502,502,"4-(7-(8-ethyl-7-fluoro-3-hydroxynaphthalen-1-yl)-8-fluoro-2-(((2R,7aS)-2-fluorohexahydro- 1H-pyrrolizin-7a-yl)methoxy)pyrido[4,3-d]pyrimidin-4-yl)-1-oxa-9-thia-4- azaspiro[5.5]undecane 9,9-dioxide"
503,503,"4-(7-(8-ethyl-7-fluoro-3-hydroxynaphthalen-1-yl)-8-fluoro-2-(((2R,7aS)-2-fluorohexahydro-1H- pyrrolizin-7a-yl)methoxy)pyrido[4,3-d]pyrimidin-4-yl)-9-imino-1-oxa-9-thia-4- azaspiro[5.5]undecane 9-oxide"
504,504,"3-chloro-5-(7-(8-ethyl-7-fluoro-3-hydroxynaphthalen-1-yl)-8-fluoro-2-(((2R,7aS)-2- fluorohexahydro-1H-pyrrolizin-7a-yl)methoxy)pyrido[4,3-d]pyrimidin-4-yl)-N,N-dimethyl- 5,6,7,8-tetrahydro-4H-pyrazolo[1,5-a][1,4]diazepine-2-carboxamide"
505,505,"5-(7-(8-ethyl-7-fluoro-3-hydroxynaphthalen-1-yl)-8-fluoro-2-(((2R,7aS)-2-fluorohexahydro- 1H-pyrrolizin-7a-yl)methoxy)pyrido[4,3-d]pyrimidin-4-yl)-3-fluoro-N,N-dimethyl-5,6,7,8- tetrahydro-4H-pyrazolo[ 1 ,5-a][1,4]diazepine-2-carboxamide"
506,506,"5-(7-(8-ethyl-7-fluoro-3-hydroxynaphthalen-1-yl)-8-fluoro-2-(((2R,7aS)-2-fluorotetrahydro-1H- pyrrolizin-7a(5H)-yl)methoxy)pyrido[4,3-d]pyrimidin-4-yl)-N-(2-hydroxyethyl)-5,6,7,8- tetrahydro-4H-pyrazolo[1,5-a][1,4]diazepine-2-carboxamide"
507,507,"7-(7-(8-ethyl-7-fluoro-3-hydroxynaphthalen-1-yl)-8-fluoro-2-(((2R,7aS)-2-fluorohexahydro-1H-pyrrolizin-7a-yl)methoxy)pyrido[4,3-d]pyrimidin-4-yl)-2-thia-7-azaspiro[4.5]decane 2,2-dioxide"
508,508,"7-(7-(8-ethyl-7-fluoro-3-hydroxynaphthalen-l-yl)-8-fluoro-2-(((2R,7aS)-2-fluorohexahydro-1H- pyrrolizin-7a-yl)methoxy)pyrido[4,3-d]pyrimidin-4-yl)-2-imino-2-thia-7-azaspiro[4.5]decane 2- oxide"
509,509,"4-(4-(2,2-difluoro-7-azaspiro[4.5]decan-7-yl)-8-fluoro-2-(((2R,7aS)-2-fluorohexahydro-1H- pyrrolizin-7a-yl)methoxy)pyrido[4,3-d]pyrimidin-7-yl)-5-ethyl-6-fluoronaphthalen-2-ol"
510,510,"7-(7-(8-ethyl-7-fluoro-3-hydroxynaphthalen-1-yl)-8-fluoro-2-(((2R,7aS)-2-fluorotetrahydro-1H- pyrrolizin-7a(5H)-yl)methoxy)pyrido[4,3-d]pyrimidin-4-yl)-7-azaspiro[4.5]decan-2-ol"
511,511,"((3S,7aS)-7a-(((7-(8-cthyl-7-fhioro-3-liydroxyiiaphthaleii-1-yl)-8-fluoro-4-((R)-3-hydroxy-3- methylpiperidin-1-yl)pyrido[4,3-d]pyrimidin-2-yl)oxy)methyl)hexahydro-1H-pyrrolizin-3- yl)methyl morpholine-4-carboxylate"
512,512,"((3R,7aS)-7a-(((7-(8-ethyl-7-fluoro-3-hydroxynaphthalen-1-yl)-8-fluoro-4-((R)-3-hydroxy-3- methylpiperidin-1-yl)pyrido[4,3-d]pyrimidin-2-yl)oxy)methyl)hexahydro-1H-pyrrolizin-3- yl)methyl dimethylcarbamate"
513,513,"6-(2-((1-((dimethylamino)methyl)cyclopropyl)methoxy)-7-(8-ethyl-7-fluoro-3- hydroxynaphthalen-1-yl)-8-fluoropyrido[4,3-d]pyrimidin-4-yl)-1,6-diazaspiro[3.5]nonan-2-one"
514,514,"(R)-1-(7-(7,8-difluoro-3-hydroxynaphthalen- 1 -yl)-8-fluoro-2-(((2R,7aS)-2-fluorohexahydro-1H- pyrrolizin-7a-yl)methoxy)pyrido[4,3-d]pyrimidin-4-yl)-3-methylpiperidin-3-ol"
515,515,"(R) -7-(7-(8-chloro-7-fIuoro-3-hydroxynaphthalen-1-yl)-8-fluoro-2-(((2R,7aS)-2-fluorotetrahydro- 1H-pyrrolizin-7a(5H)-yl)methoxy)pyrido[4,3-d]pyrlmidin-4-yl)-2-thia-1,3,7- triazaspiro[4.5]decane2,2-dioxide"
516,516,"(S)-7-(7-(8-chloro-7-fluoro-3-hydroxynaphthalen-1-yl)-8-fluoro-2-(((2R,7aS)-2- fluorotetrahydro-1H-pyrrolizin-7a(5H)-yl)methoxy)pyrido[4,3-d]pyrimidin-4-yl)-2-thia-1,3,7- triazaspiro [4.5]decane2,2-dioxide"
517,517,"(R)-1-(7-(3-chloro-2-cyclopropyl-5-hydroxyphenyl)-2-((l- ((dimethylamino)methyl)cyclopropyl)methoxy)-8-fluoropyrido[4,3-d]pyrimidin-4-yl)-3- methylpiperidin-3-ol"
518,518,"6-(7-(3-chloro-2-cyclopropyl-5-hydroxyphenyl)-8-fluoro-2-((tetrahydro-1H-pyrrolizin- 7a(5H)-yl)methoxy)pyrido[4,3-d]pyrimidin-4-yl)-1,6-diazaspiro[3.5]nonan-2-one"
519,519,"5-(7-(3-chloro-2-cyclopropyl-5-hydroxyphenyl)-8-fluoro-2-((tetrahydro-1H-pyrrolizin-7a(5H)- yl)methoxy)pyrido[4,3-d]pyrimidin-4-yl)tetrahydropyrrolo[3,4-c]pyrrole-1,3(2H,3aH)-dione"
520,520,"(3R)- 1 -(7-(5 ,6-dimethy 1- 1H-indazol-4-y l)-2-(( 1 -((dimethy lamino)methy l)cyclopropy l)methoxy)- 8-fluoropyrido[4,3-d]pyrimidin-4-yl)-3-methylpiperidin-3-ol"
521,521,"7-(7-(5,6-dimethyl-1H-indazol-4-yl)-8-fluoro-2-((hexahydro-1H-pyrrolizin-7a- yl)methoxy)pyrido[4,3-d]pyrimidin-4-yl)-2-thia-1,3,7-triazaspiro[4.5]decane 2,2-dioxide"
522,522,"4-(7-(5,6-dimethyl-1H-indazol-4-yl)-8-fluoro-2-((hexahydro-1H-pyrrolizin-7a- yl)methoxy)pyrido[4,3-d]pyrimidin-4-yl)-6-methyl-1,4-oxazepan-6-ol"
523,523,"6-(7-(5,6-dimethyl-lII-indazol-4-yl)-8-fluoro-2-((hexahydro-lII-pyrrolizin-7a- yl)methoxy)pyrido[4,3-d]pyrimidin-4-yl)-1,6-diazaspiro[3.5]nonan-2-one"