Unnamed: 0,Example,IUPAC,SMILES
1,1,"(R)-1-(7-(8-ethyl-7-fluoro-3-hydroxynaphthalen-1-yl)-2-((hexahydro-1H-pyrrolizin-7a-yl)methoxy)-5,6,7,8-tetrahydropyrido[3,4-d]pyrimidin-4-yl)-3-methylpiperidin-3-ol",CCc1c(F)ccc2cc(O)cc(N3CCc4c(C3)nc(OCC56CCCN5CCC6)nc4N7CCC[C@@](C)(O)C7)c12
2,2,"(R)-1-(7-(8-ethyl-7-fluoro-3-hydroxynaphthalen-1-yl)-2-(((2R,7aS)-2-fluorohexahydro-1H-pyrrolizin-7a-yl)methoxy)-5,6,7,8-tetrahydropyrido[3,4-d]pyrimidin-4-yl)-3-methylpiperidin-3-ol",CCc1c(F)ccc2cc(O)cc(N3CCc4c(C3)nc(OC[C@@]56CCCN5C[C@H](F)C6)nc4N7CCC[C@@](C)(O)C7)c12
3,3,"(R)-1-(7-(8-ethyl-7-fluoronaphthalen-1-yl)-2-((hexahydro-1H-pyrrolizin-7a-yl)methoxy)-5,6,7,8-tetrahydropyrido[3,4-d]pyrimidin-4-yl)-3-methylpiperidin-3-ol",CCc1c(F)ccc2cccc(N3CCc4c(C3)nc(OCC56CCCN5CCC6)nc4N7CCC[C@@](C)(O)C7)c12
4,4,"1-(7-(8-ethylnaphthalen-1-yl)-2-((hexahydro-1H-pyrrolizin-7a-yl)methoxy)-5,6,7,8-tetrahydropyrido[3,4-d]pyrimidin-4-yl)-3-methylpiperidin-3-ol",CCc1cccc2cccc(N3CCc4c(C3)nc(OCC56CCCN5CCC6)nc4N7CCCC(C)(O)C7)c12
5,5,"7-(8-ethylnaphthalen-1-yl)-2-((hexahydro-1H-pyrrolizin-7a-yl)methoxy)-N-(pyridin-3-yl)-5,6,7,8-tetrahydropyrido[3,4-d]pyrimidin-4-amine",CCc1cccc2cccc(N3CCc4c(C3)nc(OCC56CCCN5CCC6)nc4Nc7cccnc7)c12
6,6,"4-(7-(8-ethylnaphthalen-1-yl)-2-((tetrahydro-1H-pyrrolizin-7a(5H)-yl)methoxy)-5,6,7,8-tetrahydropyrido[3,4-d]pyrimidin-4-yl)-1,4-oxazepan-6-ol",CCc1cccc2cccc(N3CCc4c(C3)nc(OCC56CCCN5CCC6)nc4N7CCOCC(O)C7)c12
7,7,"1-(7-(8-ethylnaphthalen-1-yl)-2-((tetrahydro-1H-pyrrolizin-7a(5H)-yl)methoxy)-5,6,7,8-tetrahydropyrido[3,4-d]pyrimidin-4-yl)azepan-4-ol",CCc1cccc2cccc(N3CCc4c(C3)nc(OCC56CCCN5CCC6)nc4N7CCCC(O)CC7)c12
8,8,"(5-(7-(8-ethylnaphthalen-1-yl)-2-((tetrahydro-1H-pyrrolizin-7a(5H)-yl)methoxy)-5,6,7,8-tetrahydropyrido[3,4-d]pyrimidin-4-yl)-5,6,7,8-tetrahydro-4H-pyrazolo[1,5-a][1,4]diazepin-2-yl)methanol",CCc1cccc2cccc(N3CCc4c(C3)nc(OCC56CCCN5CCC6)nc4N7CCCn8nc(CO)cc8C7)c12
9,9,"4-(7-(8-ethylnaphthalen-1-yl)-2-((tetrahydro-1H-pyrrolizin-7a(5H)-yl)methoxy)-5,6,7,8-tetrahydropyrido[3,4-d]pyrimidin-4-yl)-6-(1H-pyrazol-1-yl)-1,4-oxazepane",CCc1cccc2cccc(N3CCc4c(C3)nc(OCC56CCCN5CCC6)nc4N7CCOCC(C7)n8cccn8)c12
10,10,"5-(7-(8-ethylnaphthalen-1-yl)-2-((tetrahydro-1H-pyrrolizin-7a(5H)-yl)methoxy)-5,6,7,8-tetrahydropyrido[3,4-d]pyrimidin-4-yl)-5,6,7,8-tetrahydro-4H-pyrazolo[1,5-a][1,4]diazepin-2-amine",CCc1cccc2cccc(N3CCc4c(C3)nc(OCC56CCCN5CCC6)nc4N7CCCn8nc(N)cc8C7)c12
11,11,"(3aR,6aS)-5-(7-(8-ethylnaphthalen-1-yl)-2-((tetrahydro-1H-pyrrolizin-7a(5H)-yl)methoxy)-5,6,7,8-tetrahydropyrido[3,4-d]pyrimidin-4-yl)tetrahydropyrrolo[3,4-c]pyrrole-1,3(2H,3aH)-dione",CCc1cccc2cccc(N3CCc4c(C3)nc(OCC56CCCN5CCC6)nc4N7C[C@@H]8[C@H](C7)C(=O)NC8=O)c12
12,12,"7-(7-(8-ethylnaphthalen-1-yl)-2-((tetrahydro-1H-pyrrolizin-7a(5H)-yl)methoxy)-5,6,7,8-tetrahydropyrido[3,4-d]pyrimidin-4-yl)-1,3,7-triazaspiro[4.5]decane-2,4-dione",CCc1cccc2cccc(N3CCc4c(C3)nc(OCC56CCCN5CCC6)nc4N7CCCC8(C7)NC(=O)NC8=O)c12
13,13,"1-(7-(8-ethylnaphthalen-1-yl)-2-((tetrahydro-1H-pyrrolizin-7a(5H)-yl)methoxy)-5,6,7,8-tetrahydropyrido[3,4-d]pyrimidin-4-yl)-5-(hydroxymethyl)azepan-4-ol",CCc1cccc2cccc(N3CCc4c(C3)nc(OCC56CCCN5CCC6)nc4N7CCC(O)C(CO)CC7)c12
14,14,"7-(8-ethylnaphthalen-1-yl)-4-(3-(methylsulfonyl)azocan-1-yl)-2-((tetrahydro-1H-pyrrolizin-7a(5H)-yl)methoxy)-5,6,7,8-tetrahydropyrido[3,4-d]pyrimidine",CCc1cccc2cccc(N3CCc4c(C3)nc(OCC56CCCN5CCC6)nc4N7CCCCCC(C7)[S](C)(=O)=O)c12
15,15,"(R)-1-(7-(5,6-dimethyl-1H-indazol-4-yl)-2-((hexahydro-1H-pyrrolizin-7a-yl)methoxy)-5,6,7,8-tetrahydropyrido[3,4-d]pyrimidin-4-yl)-3-methylpiperidin-3-ol",Cc1cc2[nH]ncc2c(N3CCc4c(C3)nc(OCC56CCCN5CCC6)nc4N7CCC[C@@](C)(O)C7)c1C
16,16,"6-(7-(8-ethylnaphthalen-1-yl)-2-((hexahydro-1H-pyrrolizin-7a-yl)methoxy)-5,6,7,8-tetrahydropyrido[3,4-d]pyrimidin-4-yl)-1,6-diazaspiro[3.5]nonan-2-one",CCc1cccc2cccc(N3CCc4c(C3)nc(OCC56CCCN5CCC6)nc4N7CCCC8(C7)CC(=O)N8)c12
17,17,"4-(4-(((2-aminopyridin-3-yl)methyl)amino)-2-(((2R,7aS)-2-fluorohexahydro-1H-pyrrolizin-7a-)yl)methoxy)-5,6-dihydropyrido[3,4-d]pyrimidin-7(8H)-yl)-5-ethyl-6-fluoronaphthalen-2-ol",Did not work
18,18,"4-(4-(2-amino-7,8-dihydro-4H-pyrazolo[1,5-a][1,4]diazepin-5(6H)-yl)-2-(((2R,7aS)-2-fluorohexahydro-1H-pyrrolizin-7a-yl)methoxy)-5,6-dihydropyrido[3,4-d]pyrimidin-7(8H)-yl)-5-ethyl-6-fluoronaphthalen-2-ol",CCc1c(F)ccc2cc(O)cc(N3CCc4c(C3)nc(OC[C@@]56CCCN5C[C@H](F)C6)nc4N7CCCn8nc(N)cc8C7)c12
19,19,"4-(4-(3-(1H-1,2,4-triazol-5-yl)piperidin-1-yl)-2-(((2R,7aS)-2-fluorotetrahydro-1H-pyrrolizin-7a(5H)-yl)methoxy)-5,8-dihydropyrido[3,4-d]pyrimidin-7(6H)-yl)-5-ethyl-6-fluoronaphthalen-2-ol",CCc1c(F)ccc2cc(O)cc(N3CCc4c(C3)nc(OC[C@@]56CCCN5C[C@H](F)C6)nc4N7CCCC(C7)c8[nH]ncn8)c12
20,20,"4-(7-(8-ethyl-7-fluoro-3-hydroxynaphthalen-1-yl)-2-(((2R,7aS)-2-fluorohexahydro-1H-pyrrolizin-7a-yl)methoxy)-5,6,7,8-tetrahydropyrido[3,4-d]pyrimidin-4-yl)-6-methyl-1,4-oxazepan-6-ol",CCc1c(F)ccc2cc(O)cc(N3CCc4c(C3)nc(OC[C@@]56CCCN5C[C@H](F)C6)nc4N7CCOCC(C)(O)C7)c12
21,21,"6-(7-(8-ethyl-7-fluoro-3-hydroxynaphthalen-1-yl)-2-(((2R,7aS)-2-fluorohexahydro-1H-pyrrolizin-7a-yl)methoxy)-5,6,7,8-tetrahydropyrido[3,4-d]pyrimidin-4-yl)-1,6-diazaspiro[3.5]nonan-2-one",CCc1c(F)ccc2cc(O)cc(N3CCc4c(C3)nc(OC[C@@]56CCCN5C[C@H](F)C6)nc4N7CCCC8(C7)CC(=O)N8)c12
22,22,"4-(7-(8-ethylnaphthalen-1-yl)-2-((hexahydro-1H-pyrrolizin-7a-yl)methoxy)-5,6,7,8-tetrahydropyrido[3,4-d]pyrimidin-4-yl)-6-methyl-1,4-oxazepan-6-ol",CCc1cccc2cccc(N3CCc4c(C3)nc(OCC56CCCN5CCC6)nc4N7CCOCC(C)(O)C7)c12
23,23,"4-(4-(((1H-pyrrolo[2,3-b]pyridin-3-yl)methyl)amino)-2-(((2R,7aS)-2-fluorohexahydro-1H-pyrrolizin-7a-yl)methoxy)-5,6-dihydropyrido[3,4-d]pyrimidin-7(8H)-yl)-5-ethyl-6-fluoronaphthalen-2-ol",CCc1c(F)ccc2cc(O)cc(N3CCc4c(C3)nc(OC[C@@]56CCCN5C[C@H](F)C6)nc4NCc7c[nH]c8ncccc78)c12
24,24,"5-(7-(8-ethyl-7-fluoro-3-hydroxynaphthalen-1-yl)-2-(((2R,7aS)-2-fluorohexahydro-1H-pyrrolizin-7a-yl)methoxy)-5,6,7,8-tetrahydropyrido[3,4-d]pyrimidin-4-yl)tetrahydropyrrolo[3,4-c]pyrrole-1,3(2H,3aH)-dione",CCc1c(F)ccc2cc(O)cc(N3CCc4c(C3)nc(OC[C@@]56CCCN5C[C@H](F)C6)nc4N7CC8C(C7)C(=O)NC8=O)c12
25,25,"4-(4-(6-(1H-pyrazol-1-yl)-1,4-oxazepan-4-yl)-2-(((2R,7aS)-2-fluorohexahydro-1H-pyrrolizin-7a-yl)methoxy)-5,6-dihydropyrido[3,4-d]pyrimidin-7(8H)-yl)-5-ethyl-6-fluoronaphthalen-2-ol",CCc1c(F)ccc2cc(O)cc(N3CCc4c(C3)nc(OC[C@@]56CCCN5C[C@H](F)C6)nc4N7CCOCC(C7)n8cccn8)c12
26,26,"4-(4-(3-(4-amino-1H-pyrazol-5-yl)pyrrolidin-1-yl)-2-(((2R,7aS)-2-fluorohexahydro-1H-pyrrolizin-7a-yl)methoxy)-5,6-dihydropyrido[3,4-d]pyrimidin-7(8H)-yl)-5-ethyl-6-fluoronaphthalen-2-ol",CCc1c(F)ccc2cc(O)cc(N3CCc4c(C3)nc(OC[C@@]56CCCN5C[C@H](F)C6)nc4N7CCC(C7)c8[nH]ncc8N)c12
27,27,"1-(7-(8-ethyl-7-fluoro-3-hydroxynaphthalen-1-yl)-2-(((2R,7aS)-2-fluorohexahydro-1H-pyrrolizin-7a-yl)methoxy)-5,6,7,8-tetrahydropyrido[3,4-d]pyrimidin-4-yl)piperidin-3-ol",CCc1c(F)ccc2cc(O)cc(N3CCc4c(C3)nc(OC[C@@]56CCCN5C[C@H](F)C6)nc4N7CCCC(O)C7)c12
28,28,"5-ethyl-6-fluoro-4-(2-(((2R,7aS)-2-fluorohexahydro-1H-pyrrolizin-7a-yl)methoxy)-4-(3-(methylsulfonyl)azepan-1-yl)-5,6-dihydropyrido[3,4-d]pyrimidin-7(8H)-yl)naphthalen-2-ol",CCc1c(F)ccc2cc(O)cc(N3CCc4c(C3)nc(OC[C@@]56CCCN5C[C@H](F)C6)nc4N7CCCCC(C7)[S](C)(=O)=O)c12
29,29,"4-(7-(8-ethyl-7-fluoro-3-hydroxynaphthalen-1-yl)-2-(((2R,7aS)-2-fluorohexahydro-1H-pyrrolizin-7a-yl)methoxy)-5,6,7,8-tetrahydropyrido[3,4-d]pyrimidin-4-yl)-1,4-oxazepan-6-ol",CCc1c(F)ccc2cc(O)cc(N3CCc4c(C3)nc(OC[C@@]56CCCN5C[C@H](F)C6)nc4N7CCOCC(O)C7)c12
30,30,"1-(7-(8-ethyl-7-fluoro-3-hydroxynaphthalen-1-yl)-2-(((2R,7aS)-2-fluorohexahydro-1H-pyrrolizin-7a-yl)methoxy)-5,6,7,8-tetrahydropyrido[3,4-d]pyrimidin-4-yl)azepan-4-ol",CCc1c(F)ccc2cc(O)cc(N3CCc4c(C3)nc(OC[C@@]56CCCN5C[C@H](F)C6)nc4N7CCCC(O)CC7)c12
31,31,"4-(4-(([1,2,4]triazolo[4,3-a]pyridin-6-ylmethyl)amino)-2-(((2R,7aS)-2-fluorohexahydro-1H-pyrrolizin-7a-yl)methoxy)-5,6-dihydropyrido[3,4-d]pyrimidin-7(8H)-yl)-5-ethyl-6-fluoronaphthalen-2-ol",CCc1c(F)ccc2cc(O)cc(N3CCc4c(C3)nc(OC[C@@]56CCCN5C[C@H](F)C6)nc4NCc7ccc8nncn8c7)c12
32,32,"3-(difluoromethyl)-1-(7-(8-ethyl-7-fluoro-3-hydroxynaphthalen-1-yl)-2-(((2R,7aS)-2-fluorohexahydro-1H-pyrrolizin-7a-yl)methoxy)-5,6,7,8-tetrahydropyrido[3,4-d]pyrimidin-4-yl)piperidin-3-ol",CCc1c(F)ccc2cc(O)cc(N3CCc4c(C3)nc(OC[C@@]56CCCN5C[C@H](F)C6)nc4N7CCCC(O)(C7)C(F)F)c12
33,33,"1-(7-(8-ethyl-7-fluoro-3-hydroxynaphthalen-1-yl)-2-(((2R,7aS)-2-fluorohexahydro-1H-pyrrolizin-7a-yl)methoxy)-5,6,7,8-tetrahydropyrido[3,4-d]pyrimidin-4-yl)-5-(hydroxymethyl)azepan-4-ol",CCc1c(F)ccc2cc(O)cc(N3CCc4c(C3)nc(OC[C@@]56CCCN5C[C@H](F)C6)nc4N7CCC(O)C(CO)CC7)c12
34,34,"5-ethyl-6-fluoro-4-(2-(((2R,7aS)-2-fluorohexahydro-1H-pyrrolizin-7a-yl)methoxy)-4-(2-(hydroxymethyl)-7,8-dihydro-4H-pyrazolo[1,5-a][1,4]diazepin-5(6H)-yl)-5,6-dihydropyrido[3,4-d]pyrimidin-7(8H)-yl)naphthalen-2-ol",CCc1c(F)ccc2cc(O)cc(N3CCc4c(C3)nc(OC[C@@]56CCCN5C[C@H](F)C6)nc4N7CCCn8nc(CO)cc8C7)c12
35,35,"6-(7-(8-ethyl-7-fluoro-3-hydroxynaphthalen-1-yl)-2-(((2R,7aS)-2-fluorohexahydro-1H-pyrrolizin-7a-yl)methoxy)-5,6,7,8-tetrahydropyrido[3,4-d]pyrimidin-4-yl)-6-azabicyclo[3.2.1]octan-3-ol",CCc1c(F)ccc2cc(O)cc(N3CCc4c(C3)nc(OC[C@@]56CCCN5C[C@H](F)C6)nc4N7CC8CC(O)CC7C8)c12
36,36,"5-ethyl-6-fluoro-4-(2-(((2R,7aS)-2-fluorotetrahydro-1H-pyrrolizin-7a(5H)-yl)methoxy)-4-(3-(methylsulfonyl)azocan-1-yl)-5,8-dihydropyrido[3,4-d]pyrimidin-7(6H)-yl)naphthalen-2-ol",CCc1c(F)ccc2cc(O)cc(N3CCc4c(C3)nc(OC[C@@]56CCCN5C[C@H](F)C6)nc4N7CCCCCC(C7)[S](C)(=O)=O)c12
37,37,"(4-(7-(8-ethylnaphthalen-1-yl)-2-((hexahydro-1H-pyrrolizin-7a-yl)methoxy)-5,6,7,8-tetrahydropyrido[3,4-d]pyrimidin-4-yl)-1,4-oxazepan-6-yl)methanol",CCc1cccc2cccc(N3CCc4c(C3)nc(OCC56CCCN5CCC6)nc4N7CCOCC(CO)C7)c12
38,38,"(1-(7-(8-ethylnaphthalen-1-yl)-2-((hexahydro-1H-pyrrolizin-7a-yl)methoxy)-5,6,7,8-tetrahydropyrido[3,4-d]pyrimidin-4-yl)azepan-3-yl)methanol",CCc1cccc2cccc(N3CCc4c(C3)nc(OCC56CCCN5CCC6)nc4N7CCCCC(CO)C7)c12
39,39,"N-([1,2,4]triazolo[4,3-a]pyridin-6-ylmethyl)-7-(8-ethylnaphthalen-1-yl)-2-((hexahydro-1H-pyrrolizin-7a-yl)methoxy)-5,6,7,8-tetrahydropyrido[3,4-d]pyrimidin-4-amine",CCc1cccc2cccc(N3CCc4c(C3)nc(OCC56CCCN5CCC6)nc4NCc7ccc8nncn8c7)c12
40,40,"N-((2-aminopyridin-3-yl)methyl)-7-(8-ethylnaphthalen-1-yl)-2-((hexahydro-1H-pyrrolizin-7a-yl)methoxy)-5,6,7,8-tetrahydropyrido[3,4-d]pyrimidin-4-amine",CCc1cccc2cccc(N3CCc4c(C3)nc(OCC56CCCN5CCC6)nc4NCc7cccnc7N)c12
41,41,"6-(7-(8-ethylnaphthalen-1-yl)-2-((hexahydro-1H-pyrrolizin-7a-yl)methoxy)-5,6,7,8-tetrahydropyrido[3,4-d]pyrimidin-4-yl)-6-azabicyclo[3.2.1]octan-3-ol",CCc1cccc2cccc(N3CCc4c(C3)nc(OCC56CCCN5CCC6)nc4N7CC8CC(O)CC7C8)c12
42,42,"7-(8-ethylnaphthalen-1-yl)-2-((hexahydro-1H-pyrrolizin-7a-yl)methoxy)-4-(3-(methylsulfonyl)azepan-1-yl)-5,6,7,8-tetrahydropyrido[3,4-d]pyrimidine",CCc1cccc2cccc(N3CCc4c(C3)nc(OCC56CCCN5CCC6)nc4N7CCCCC(C7)[S](C)(=O)=O)c12
43,43,"1-(7-(8-ethylnaphthalen-1-yl)-2-((hexahydro-1H-pyrrolizin-7a-yl)methoxy)-5,6,7,8-tetrahydropyrido[3,4-d]pyrimidin-4-yl)piperidin-3-ol",CCc1cccc2cccc(N3CCc4c(C3)nc(OCC56CCCN5CCC6)nc4N7CCCC(O)C7)c12
44,44,"3-(difluoromethyl)-1-(7-(8-ethylnaphthalen-1-yl)-2-((hexahydro-1H-pyrrolizin-7a-yl)methoxy)-5,6,7,8-tetrahydropyrido[3,4-d]pyrimidin-4-yl)piperidin-3-ol",CCc1cccc2cccc(N3CCc4c(C3)nc(OCC56CCCN5CCC6)nc4N7CCCC(O)(C7)C(F)F)c12
45,45,"N-((1H-pyrrolo[2,3-b]pyridin-3-yl)methyl)-7-(8-ethylnaphthalen-1-yl)-2-((hexahydro-1H-pyrrolizin-7a-yl)methoxy)-5,6,7,8-tetrahydropyrido[3,4-d]pyrimidin-4-amine",CCc1cccc2cccc(N3CCc4c(C3)nc(OCC56CCCN5CCC6)nc4NCc7c[nH]c8ncccc78)c12
46,46,"5-(1-(7-(8-ethylnaphthalen-1-yl)-2-((hexahydro-1H-pyrrolizin-7a-yl)methoxy)-5,6,7,8-tetrahydropyrido[3,4-d]pyrimidin-4-yl)pyrrolidin-3-yl)-1H-pyrazol-4-amine",CCc1cccc2cccc(N3CCc4c(C3)nc(OCC56CCCN5CCC6)nc4N7CCC(C7)c8[nH]ncc8N)c12
47,47,"4-(7-(8-ethylnaphthalen-1-yl)-2-((hexahydro-1H-pyrrolizin-7a-yl)methoxy)-5,6,7,8-tetrahydropyrido[3,4-d]pyrimidin-4-yl)-1,4-oxazepane",CCc1cccc2cccc(N3CCc4c(C3)nc(OCC56CCCN5CCC6)nc4N7CCCOCC7)c12
48,48,"1-(7-(8-ethylnaphthalen-1-yl)-2-((hexahydro-1H-pyrrolizin-7a-yl)methoxy)-5,6,7,8-tetrahydropyrido[3,4-d]pyrimidin-4-yl)azepan-3-ol",CCc1cccc2cccc(N3CCc4c(C3)nc(OCC56CCCN5CCC6)nc4N7CCCCC(O)C7)c12
49,49,"4-(azepan-1-yl)-7-(8-ethylnaphthalen-1-yl)-2-((hexahydro-1H-pyrrolizin-7a-yl)methoxy)-5,6,7,8-tetrahydropyrido[3,4-d]pyrimidine",CCc1cccc2cccc(N3CCc4c(C3)nc(OCC56CCCN5CCC6)nc4N7CCCCCC7)c12
50,50,"5-(7-(8-ethylnaphthalen-1-yl)-2-((hexahydro-1H-pyrrolizin-7a-yl)methoxy)-5,6,7,8-tetrahydropyrido[3,4-d]pyrimidin-4-yl)-5,6,7,8-tetrahydro-4H-pyrazolo[1,5-a][1,4]diazepin-7-ol",CCc1cccc2cccc(N3CCc4c(C3)nc(OCC56CCCN5CCC6)nc4N7CC(O)Cn8nccc8C7)c12
51,51,"4-(7,8-dihydro-4H-pyrazolo[1,5-a][1,4]diazepin-5(6H)-yl)-7-(8-ethylnaphthalen-1-yl)-2-((hexahydro-1H-pyrrolizin-7a-yl)methoxy)-5,6,7,8-tetrahydropyrido[3,4-d]pyrimidine",CCc1cccc2cccc(N3CCc4c(C3)nc(OCC56CCCN5CCC6)nc4N7CCCn8nccc8C7)c12
52,52,"5-(7-(8-ethylnaphthalen-1-yl)-2-((hexahydro-1H-pyrrolizin-7a-yl)methoxy)-5,6,7,8-tetrahydropyrido[3,4-d]pyrimidin-4-yl)hexahydropyrrolo[3,4-c]pyrrol-1(2H)-one",CCc1cccc2cccc(N3CCc4c(C3)nc(OCC56CCCN5CCC6)nc4N7CC8CNC(=O)C8C7)c12
53,53,"4-(3-(1H-1,2,4-triazol-5-yl)piperidin-1-yl)-7-(8-ethylnaphthalen-1-yl)-2-((hexahydro-1H-pyrrolizin-7a-yl)methoxy)-5,6,7,8-tetrahydropyrido[3,4-d]pyrimidine",CCc1cccc2cccc(N3CCc4c(C3)nc(OCC56CCCN5CCC6)nc4N7CCCC(C7)c8[nH]ncn8)c12
54,54,"4-(azocan-1-yl)-7-(8-ethylnaphthalen-1-yl)-2-((hexahydro-1H-pyrrolizin-7a-yl)methoxy)-5,6,7,8-tetrahydropyrido[3,4-d]pyrimidine",CCc1cccc2cccc(N3CCc4c(C3)nc(OCC56CCCN5CCC6)nc4N7CCCCCCC7)c12
55,55,"6-(7-(8-ethylnaphthalen-1-yl)-2-((hexahydro-1H-pyrrolizin-7a-yl)methoxy)-5,6,7,8-tetrahydropyrido[3,4-d]pyrimidin-4-yl)-6,7,8,9-tetrahydro-5H-pyrido[3,2-c]azepine",CCc1cccc2cccc(N3CCc4c(C3)nc(OCC56CCCN5CCC6)nc4N7CCCc8ncccc8C7)c12
56,56,"7-(8-ethylnaphthalen-1-yl)-2-((hexahydro-1H-pyrrolizin-7a-yl)methoxy)-4-(2-methyl-7,8-dihydro-4H-pyrazolo[1,5-a][1,4]diazepin-5(6H)-yl)-5,6,7,8-tetrahydropyrido[3,4-d]pyrimidine",CCc1cccc2cccc(N3CCc4c(C3)nc(OCC56CCCN5CCC6)nc4N7CCCn8nc(C)cc8C7)c12
57,57,"7-(8-ethylnaphthalen-1-yl)-2-((hexahydro-1H-pyrrolizin-7a-yl)methoxy)-4-(piperidin-1-yl)-5,6,7,8-tetrahydropyrido[3,4-d]pyrimidine",CCc1cccc2cccc(N3CCc4c(C3)nc(OCC56CCCN5CCC6)nc4N7CCCCC7)c12
58,58,"7-(8-ethylnaphthalen-1-yl)-2-((hexahydro-1H-pyrrolizin-7a-yl)methoxy)-4-(4-(pyrimidin-4-yl)piperazin-1-yl)-5,6,7,8-tetrahydropyrido[3,4-d]pyrimidine",CCc1cccc2cccc(N3CCc4c(C3)nc(OCC56CCCN5CCC6)nc4N7CCN(CC7)c8ccncn8)c12
59,59,"7-(7-(8-ethyl-7-fluoro-3-hydroxynaphthalen-1-yl)-2-(((2R,7aS)-2-fluorohexahydro-1H-pyrrolizin-7a-yl)methoxy)-5,6,7,8-tetrahydropyrido[3,4-d]pyrimidin-4-yl)-1,3,7-triazaspiro[4.5]decane-2,4-dione",CCc1c(F)ccc2cc(O)cc(N3CCc4c(C3)nc(OC[C@@]56CCCN5C[C@H](F)C6)nc4N7CCCC8(C7)NC(=O)NC8=O)c12
60,60,"6-(7-(8-ethyl-7-fluoro-3-hydroxynaphthalen-1-yl)-2-(((2R,7aS)-2-fluorohexahydro-1H-pyrrolizin-7a-yl)methoxy)-5,6,7,8-tetrahydropyrido[3,4-d]pyrimidin-4-yl)-6-azaspiro[3.5]nonan-2-ol",CCc1c(F)ccc2cc(O)cc(N3CCc4c(C3)nc(OC[C@@]56CCCN5C[C@H](F)C6)nc4N7CCCC8(CC(O)C8)C7)c12
61,61,"7-(7-(8-ethyl-7-fluoro-3-hydroxynaphthalen-1-yl)-2-(((2R,7aS)-2-fluorohexahydro-1H-pyrrolizin-7a-yl)methoxy)-5,6,7,8-tetrahydropyrido[3,4-d]pyrimidin-4-yl)-2-thia-1,3,7-triazaspiro[4.5]decane 2,2-dioxide",Did not work
62,62,"7-(7-(8-ethyl-7-fluoro-3-hydroxynaphthalen-1-yl)-2-(((2R,7aS)-2-fluorohexahydro-1H-pyrrolizin-7a-yl)methoxy)-5,6,7,8-tetrahydropyrido[3,4-d]pyrimidin-4-yl)-1,3,7-triazaspiro[4.5]decan-2-one",CCc1c(F)ccc2cc(O)cc(N3CCc4c(C3)nc(OC[C@@]56CCCN5C[C@H](F)C6)nc4N7CCCC8(CNC(=O)N8)C7)c12
63,63,"3-(7-(8-ethyl-7-fluoro-3-hydroxynaphthalen-1-yl)-2-(((2R,7aS)-2-fluorohexahydro-1H-pyrrolizin-7a-yl)methoxy)-5,6,7,8-tetrahydropyrido[3,4-d]pyrimidin-4-yl)-3-azabicyclo[3.2.1]octan-6-ol",CCc1c(F)ccc2cc(O)cc(N3CCc4c(C3)nc(OC[C@@]56CCCN5C[C@H](F)C6)nc4N7CC8CC(O)C(C8)C7)c12
64,64,"6-(7-(8-ethyl-7-fluoro-3-hydroxynaphthalen-1-yl)-2-(((2R,7aS)-2-fluorohexahydro-1H-pyrrolizin-7a-yl)methoxy)-5,6,7,8-tetrahydropyrido[3,4-d]pyrimidin-4-yl)-2,6-diazaspiro[3.5]nonan-1-one",CCc1c(F)ccc2cc(O)cc(N3CCc4c(C3)nc(OC[C@@]56CCCN5C[C@H](F)C6)nc4N7CCCC8(CNC8=O)C7)c12
65,65,"5-ethyl-6-fluoro-4-(2-(((2R,7aS)-2-fluorohexahydro-1H-pyrrolizin-7a-yl)methoxy)-4-(6-(hydroxymethyl)-1,4-oxazepan-4-yl)-5,6-dihydropyrido[3,4-d]pyrimidin-7(8H)-yl)naphthalen-2-ol",CCc1c(F)ccc2cc(O)cc(N3CCc4c(C3)nc(OC[C@@]56CCCN5C[C@H](F)C6)nc4N7CCOCC(CO)C7)c12
66,66,"5-(7-(8-ethyl-7-fluoro-3-hydroxynaphthalen-1-yl)-2-(((2R,7aS)-2-fluorohexahydro-1H-pyrrolizin-7a-yl)methoxy)-5,6,7,8-tetrahydropyrido[3,4-d]pyrimidin-4-yl)-N,N-dimethyl-5,6,7,8-tetrahydro-4H-pyrazolo[1,5-a][1,4]diazepine-2-carboxamide",CCc1c(F)ccc2cc(O)cc(N3CCc4c(C3)nc(OC[C@@]56CCCN5C[C@H](F)C6)nc4N7CCCn8nc(cc8C7)C(=O)N(C)C)c12
67,67,"4-(4-(3-(1H-pyrazol-1-yl)piperidin-1-yl)-2-(((2R,7aS)-2-fluorohexahydro-1H-pyrrolizin-7a-yl)methoxy)-5,6-dihydropyrido[3,4-d]pyrimidin-7(8H)-yl)-5-ethyl-6-fluoronaphthalen-2-ol",CCc1c(F)ccc2cc(O)cc(N3CCc4c(C3)nc(OC[C@@]56CCCN5C[C@H](F)C6)nc4N7CCCC(C7)n8cccn8)c12
68,68,"(R)-1-(7-(8-chloro-7-fluoro-3-hydroxynaphthalen-1-yl)-2-(((2R,7aS)-2-fluorohexahydro-1H-pyrrolizin-7a-yl)methoxy)-5,6,7,8-tetrahydropyrido[3,4-d]pyrimidin-4-yl)-3-methylpiperidin-3-ol",C[C@@]1(O)CCCN(C1)c2nc(OC[C@@]34CCCN3C[C@H](F)C4)nc5CN(CCc25)c6cc(O)cc7ccc(F)c(Cl)c67
69,69,"7-(7-(8-chloro-7-fluoro-3-hydroxynaphthalen-1-yl)-2-(((2R,7aS)-2-fluorohexahydro-1H-pyrrolizin-7a-yl)methoxy)-5,6,7,8-tetrahydropyrido[3,4-d]pyrimidin-4-yl)-1,3,7-triazaspiro[4.5]decane-2,4-dione",Oc1cc2ccc(F)c(Cl)c2c(c1)N3CCc4c(C3)nc(OC[C@@]56CCCN5C[C@H](F)C6)nc4N7CCCC8(C7)NC(=O)NC8=O
70,70,"6-(7-(8-chloro-7-fluoro-3-hydroxynaphthalen-1-yl)-2-(((2R,7aS)-2-fluorohexahydro-1H-pyrrolizin-7a-yl)methoxy)-5,6,7,8-tetrahydropyrido[3,4-d]pyrimidin-4-yl)-1,6-diazaspiro[3.5]nonan-2-one",Oc1cc2ccc(F)c(Cl)c2c(c1)N3CCc4c(C3)nc(OC[C@@]56CCCN5C[C@H](F)C6)nc4N7CCCC8(C7)CC(=O)N8
71,71,"6-(7-(8-chloro-7-fluoro-3-hydroxynaphthalen-1-yl)-2-(((2R,7aS)-2-fluorohexahydro-1H-pyrrolizin-7a-yl)methoxy)-5,6,7,8-tetrahydropyrido[3,4-d]pyrimidin-4-yl)-6-azaspiro[3.5]nonan-2-ol",OC1CC2(CCCN(C2)c3nc(OC[C@@]45CCCN4C[C@H](F)C5)nc6CN(CCc36)c7cc(O)cc8ccc(F)c(Cl)c78)C1
72,72,"7-(7-(8-chloro-7-fluoro-3-hydroxynaphthalen-1-yl)-2-(((2R,7aS)-2-fluorohexahydro-1H-pyrrolizin-7a-yl)methoxy)-5,6,7,8-tetrahydropyrido[3,4-d]pyrimidin-4-yl)-2-thia-1,3,7-triazaspiro[4.5]decane 2,2-dioxide",Did not work
73,73,"5-chloro-6-fluoro-4-(2-(((2R,7aS)-2-fluorohexahydro-1H-pyrrolizin-7a-yl)methoxy)-4-(6-(hydroxymethyl)-1,4-oxazepan-4-yl)-5,6-dihydropyrido[3,4-d]pyrimidin-7(8H)-yl)naphthalen-2-ol",OCC1COCCN(C1)c2nc(OC[C@@]34CCCN3C[C@H](F)C4)nc5CN(CCc25)c6cc(O)cc7ccc(F)c(Cl)c67
74,74,"4-(7-(8-chloro-7-fluoro-3-hydroxynaphthalen-1-yl)-2-(((2R,7aS)-2-fluorohexahydro-1H-pyrrolizin-7a-yl)methoxy)-5,6,7,8-tetrahydropyrido[3,4-d]pyrimidin-4-yl)-6-methyl-1,4-oxazepan-6-ol",CC1(O)COCCN(C1)c2nc(OC[C@@]34CCCN3C[C@H](F)C4)nc5CN(CCc25)c6cc(O)cc7ccc(F)c(Cl)c67
75,75,"4-(4-(2-amino-7,8-dihydro-4H-pyrazolo[1,5-a][1,4]diazepin-5(6H)-yl)-2-(((2R,7aS)-2-fluorohexahydro-1H-pyrrolizin-7a-yl)methoxy)-5,6-dihydropyrido[3,4-d]pyrimidin-7(8H)-yl)-5-chloro-6-fluoronaphthalen-2-ol",Nc1cc2CN(CCCn2n1)c3nc(OC[C@@]45CCCN4C[C@H](F)C5)nc6CN(CCc36)c7cc(O)cc8ccc(F)c(Cl)c78
76,76_77,"6-(7-(8-chloro-7-fluoro-3-hydroxynaphthalen-1-yl)-2-(((2R,7aS)-2-fluorohexahydro-1H-pyrrolizin-7a-yl)methoxy)-5,6,7,8-tetrahydropyrido[3,4-d]pyrimidin-4-yl)-6-azabicyclo[3.2.1]octan-3-ol",OC1CC2CC(C1)N(C2)c3nc(OC[C@@]45CCCN4C[C@H](F)C5)nc6CN(CCc36)c7cc(O)cc8ccc(F)c(Cl)c78
77,77,,CC(=O)N[C@@H]1[C@@H](O)C[C@](O)(O[C@H]1[C@H](O)[C@H](O)CO)C(O)=O
78,78,"5-(7-(8-bromonaphthalen-1-yl)-2-((hexahydro-1H-pyrrolizin-7a-yl)methoxy)-5,6,7,8-tetrahydropyrido[3,4-d]pyrimidin-4-yl)tetrahydropyrrolo[3,4-c]pyrrole-1,3(2H,3aH)-dione",Brc1cccc2cccc(N3CCc4c(C3)nc(OCC56CCCN5CCC6)nc4N7CC8C(C7)C(=O)NC8=O)c12
79,79,"5-(7-(8-chloronaphthalen-1-yl)-2-((hexahydro-1H-pyrrolizin-7a-yl)methoxy)-5,6,7,8-tetrahydropyrido[3,4-d]pyrimidin-4-yl)tetrahydropyrrolo[3,4-c]pyrrole-1,3(2H,3aH)-dione",Clc1cccc2cccc(N3CCc4c(C3)nc(OCC56CCCN5CCC6)nc4N7CC8C(C7)C(=O)NC8=O)c12
80,80,"5-(2-((hexahydro-1H-pyrrolizin-7a-yl)methoxy)-7-(8-methylnaphthalen-1-yl)-5,6,7,8-tetrahydropyrido[3,4-d]pyrimidin-4-yl)tetrahydropyrrolo[3,4-c]pyrrole-1,3(2H,3aH)-dione",Cc1cccc2cccc(N3CCc4c(C3)nc(OCC56CCCN5CCC6)nc4N7CC8C(C7)C(=O)NC8=O)c12
81,81,"5-(7-(8-fluoronaphthalen-1-yl)-2-((hexahydro-1H-pyrrolizin-7a-yl)methoxy)-5,6,7,8-tetrahydropyrido[3,4-d]pyrimidin-4-yl)tetrahydropyrrolo[3,4-c]pyrrole-1,3(2H,3aH)-dione",Fc1cccc2cccc(N3CCc4c(C3)nc(OCC56CCCN5CCC6)nc4N7CC8C(C7)C(=O)NC8=O)c12
82,82,,CC(=O)N[C@@H]1[C@@H](O)C[C@](O)(O[C@H]1[C@H](O)[C@H](O)CO)C(O)=O
83,83,,CC(=O)N[C@@H]1[C@@H](O)C[C@](O)(O[C@H]1[C@H](O)[C@H](O)CO)C(O)=O
84,84,,CC(=O)N[C@@H]1[C@@H](O)C[C@](O)(O[C@H]1[C@H](O)[C@H](O)CO)C(O)=O
85,85,,CC(=O)N[C@@H]1[C@@H](O)C[C@](O)(O[C@H]1[C@H](O)[C@H](O)CO)C(O)=O
86,86,,CC(=O)N[C@@H]1[C@@H](O)C[C@](O)(O[C@H]1[C@H](O)[C@H](O)CO)C(O)=O
87,87,,CC(=O)N[C@@H]1[C@@H](O)C[C@](O)(O[C@H]1[C@H](O)[C@H](O)CO)C(O)=O
88,88,,CC(=O)N[C@@H]1[C@@H](O)C[C@](O)(O[C@H]1[C@H](O)[C@H](O)CO)C(O)=O
89,89,,CC(=O)N[C@@H]1[C@@H](O)C[C@](O)(O[C@H]1[C@H](O)[C@H](O)CO)C(O)=O
90,90,,CC(=O)N[C@@H]1[C@@H](O)C[C@](O)(O[C@H]1[C@H](O)[C@H](O)CO)C(O)=O
91,91,,CC(=O)N[C@@H]1[C@@H](O)C[C@](O)(O[C@H]1[C@H](O)[C@H](O)CO)C(O)=O
92,92,,CC(=O)N[C@@H]1[C@@H](O)C[C@](O)(O[C@H]1[C@H](O)[C@H](O)CO)C(O)=O
93,93,,CC(=O)N[C@@H]1[C@@H](O)C[C@](O)(O[C@H]1[C@H](O)[C@H](O)CO)C(O)=O
94,94,,CC(=O)N[C@@H]1[C@@H](O)C[C@](O)(O[C@H]1[C@H](O)[C@H](O)CO)C(O)=O
95,95,,CC(=O)N[C@@H]1[C@@H](O)C[C@](O)(O[C@H]1[C@H](O)[C@H](O)CO)C(O)=O
96,96,,CC(=O)N[C@@H]1[C@@H](O)C[C@](O)(O[C@H]1[C@H](O)[C@H](O)CO)C(O)=O
97,97,,CC(=O)N[C@@H]1[C@@H](O)C[C@](O)(O[C@H]1[C@H](O)[C@H](O)CO)C(O)=O
98,98,,CC(=O)N[C@@H]1[C@@H](O)C[C@](O)(O[C@H]1[C@H](O)[C@H](O)CO)C(O)=O
99,99,,CC(=O)N[C@@H]1[C@@H](O)C[C@](O)(O[C@H]1[C@H](O)[C@H](O)CO)C(O)=O
100,100,,CC(=O)N[C@@H]1[C@@H](O)C[C@](O)(O[C@H]1[C@H](O)[C@H](O)CO)C(O)=O
101,101,,CC(=O)N[C@@H]1[C@@H](O)C[C@](O)(O[C@H]1[C@H](O)[C@H](O)CO)C(O)=O
102,102,,CC(=O)N[C@@H]1[C@@H](O)C[C@](O)(O[C@H]1[C@H](O)[C@H](O)CO)C(O)=O
103,103,,CC(=O)N[C@@H]1[C@@H](O)C[C@](O)(O[C@H]1[C@H](O)[C@H](O)CO)C(O)=O
104,104,,CC(=O)N[C@@H]1[C@@H](O)C[C@](O)(O[C@H]1[C@H](O)[C@H](O)CO)C(O)=O
105,105,,CC(=O)N[C@@H]1[C@@H](O)C[C@](O)(O[C@H]1[C@H](O)[C@H](O)CO)C(O)=O
106,106,,CC(=O)N[C@@H]1[C@@H](O)C[C@](O)(O[C@H]1[C@H](O)[C@H](O)CO)C(O)=O
107,107,,CC(=O)N[C@@H]1[C@@H](O)C[C@](O)(O[C@H]1[C@H](O)[C@H](O)CO)C(O)=O
108,108,,CC(=O)N[C@@H]1[C@@H](O)C[C@](O)(O[C@H]1[C@H](O)[C@H](O)CO)C(O)=O
109,109,,CC(=O)N[C@@H]1[C@@H](O)C[C@](O)(O[C@H]1[C@H](O)[C@H](O)CO)C(O)=O
110,110,,CC(=O)N[C@@H]1[C@@H](O)C[C@](O)(O[C@H]1[C@H](O)[C@H](O)CO)C(O)=O
111,111,,CC(=O)N[C@@H]1[C@@H](O)C[C@](O)(O[C@H]1[C@H](O)[C@H](O)CO)C(O)=O
112,112,,CC(=O)N[C@@H]1[C@@H](O)C[C@](O)(O[C@H]1[C@H](O)[C@H](O)CO)C(O)=O
113,113,,CC(=O)N[C@@H]1[C@@H](O)C[C@](O)(O[C@H]1[C@H](O)[C@H](O)CO)C(O)=O
114,114,,CC(=O)N[C@@H]1[C@@H](O)C[C@](O)(O[C@H]1[C@H](O)[C@H](O)CO)C(O)=O
115,115,,CC(=O)N[C@@H]1[C@@H](O)C[C@](O)(O[C@H]1[C@H](O)[C@H](O)CO)C(O)=O
116,116,,CC(=O)N[C@@H]1[C@@H](O)C[C@](O)(O[C@H]1[C@H](O)[C@H](O)CO)C(O)=O
117,117,,CC(=O)N[C@@H]1[C@@H](O)C[C@](O)(O[C@H]1[C@H](O)[C@H](O)CO)C(O)=O
118,118,,CC(=O)N[C@@H]1[C@@H](O)C[C@](O)(O[C@H]1[C@H](O)[C@H](O)CO)C(O)=O
119,119,,CC(=O)N[C@@H]1[C@@H](O)C[C@](O)(O[C@H]1[C@H](O)[C@H](O)CO)C(O)=O
120,120,,CC(=O)N[C@@H]1[C@@H](O)C[C@](O)(O[C@H]1[C@H](O)[C@H](O)CO)C(O)=O
121,121,,CC(=O)N[C@@H]1[C@@H](O)C[C@](O)(O[C@H]1[C@H](O)[C@H](O)CO)C(O)=O
122,122,,CC(=O)N[C@@H]1[C@@H](O)C[C@](O)(O[C@H]1[C@H](O)[C@H](O)CO)C(O)=O
123,123,,CC(=O)N[C@@H]1[C@@H](O)C[C@](O)(O[C@H]1[C@H](O)[C@H](O)CO)C(O)=O
124,124,,CC(=O)N[C@@H]1[C@@H](O)C[C@](O)(O[C@H]1[C@H](O)[C@H](O)CO)C(O)=O
125,125,,CC(=O)N[C@@H]1[C@@H](O)C[C@](O)(O[C@H]1[C@H](O)[C@H](O)CO)C(O)=O
126,126,,CC(=O)N[C@@H]1[C@@H](O)C[C@](O)(O[C@H]1[C@H](O)[C@H](O)CO)C(O)=O
127,127,,CC(=O)N[C@@H]1[C@@H](O)C[C@](O)(O[C@H]1[C@H](O)[C@H](O)CO)C(O)=O
128,128,,CC(=O)N[C@@H]1[C@@H](O)C[C@](O)(O[C@H]1[C@H](O)[C@H](O)CO)C(O)=O
129,129,,CC(=O)N[C@@H]1[C@@H](O)C[C@](O)(O[C@H]1[C@H](O)[C@H](O)CO)C(O)=O
130,130,,CC(=O)N[C@@H]1[C@@H](O)C[C@](O)(O[C@H]1[C@H](O)[C@H](O)CO)C(O)=O
131,131,,CC(=O)N[C@@H]1[C@@H](O)C[C@](O)(O[C@H]1[C@H](O)[C@H](O)CO)C(O)=O
132,132,,CC(=O)N[C@@H]1[C@@H](O)C[C@](O)(O[C@H]1[C@H](O)[C@H](O)CO)C(O)=O
133,133,,CC(=O)N[C@@H]1[C@@H](O)C[C@](O)(O[C@H]1[C@H](O)[C@H](O)CO)C(O)=O
134,134,,CC(=O)N[C@@H]1[C@@H](O)C[C@](O)(O[C@H]1[C@H](O)[C@H](O)CO)C(O)=O
135,135,,CC(=O)N[C@@H]1[C@@H](O)C[C@](O)(O[C@H]1[C@H](O)[C@H](O)CO)C(O)=O
136,136,,CC(=O)N[C@@H]1[C@@H](O)C[C@](O)(O[C@H]1[C@H](O)[C@H](O)CO)C(O)=O
137,137,,CC(=O)N[C@@H]1[C@@H](O)C[C@](O)(O[C@H]1[C@H](O)[C@H](O)CO)C(O)=O
138,138,,CC(=O)N[C@@H]1[C@@H](O)C[C@](O)(O[C@H]1[C@H](O)[C@H](O)CO)C(O)=O
139,139,,CC(=O)N[C@@H]1[C@@H](O)C[C@](O)(O[C@H]1[C@H](O)[C@H](O)CO)C(O)=O
140,140,,CC(=O)N[C@@H]1[C@@H](O)C[C@](O)(O[C@H]1[C@H](O)[C@H](O)CO)C(O)=O
141,141,,CC(=O)N[C@@H]1[C@@H](O)C[C@](O)(O[C@H]1[C@H](O)[C@H](O)CO)C(O)=O
142,142,,CC(=O)N[C@@H]1[C@@H](O)C[C@](O)(O[C@H]1[C@H](O)[C@H](O)CO)C(O)=O
143,143,,CC(=O)N[C@@H]1[C@@H](O)C[C@](O)(O[C@H]1[C@H](O)[C@H](O)CO)C(O)=O
144,144,,CC(=O)N[C@@H]1[C@@H](O)C[C@](O)(O[C@H]1[C@H](O)[C@H](O)CO)C(O)=O
145,145,,CC(=O)N[C@@H]1[C@@H](O)C[C@](O)(O[C@H]1[C@H](O)[C@H](O)CO)C(O)=O
146,146,,CC(=O)N[C@@H]1[C@@H](O)C[C@](O)(O[C@H]1[C@H](O)[C@H](O)CO)C(O)=O
147,147,,CC(=O)N[C@@H]1[C@@H](O)C[C@](O)(O[C@H]1[C@H](O)[C@H](O)CO)C(O)=O
148,148,,CC(=O)N[C@@H]1[C@@H](O)C[C@](O)(O[C@H]1[C@H](O)[C@H](O)CO)C(O)=O
149,149,,CC(=O)N[C@@H]1[C@@H](O)C[C@](O)(O[C@H]1[C@H](O)[C@H](O)CO)C(O)=O
150,150,,CC(=O)N[C@@H]1[C@@H](O)C[C@](O)(O[C@H]1[C@H](O)[C@H](O)CO)C(O)=O
151,151,,CC(=O)N[C@@H]1[C@@H](O)C[C@](O)(O[C@H]1[C@H](O)[C@H](O)CO)C(O)=O
152,152,,CC(=O)N[C@@H]1[C@@H](O)C[C@](O)(O[C@H]1[C@H](O)[C@H](O)CO)C(O)=O
153,153,,CC(=O)N[C@@H]1[C@@H](O)C[C@](O)(O[C@H]1[C@H](O)[C@H](O)CO)C(O)=O
154,154,,CC(=O)N[C@@H]1[C@@H](O)C[C@](O)(O[C@H]1[C@H](O)[C@H](O)CO)C(O)=O
155,155,,CC(=O)N[C@@H]1[C@@H](O)C[C@](O)(O[C@H]1[C@H](O)[C@H](O)CO)C(O)=O
156,156,,CC(=O)N[C@@H]1[C@@H](O)C[C@](O)(O[C@H]1[C@H](O)[C@H](O)CO)C(O)=O
157,157,,CC(=O)N[C@@H]1[C@@H](O)C[C@](O)(O[C@H]1[C@H](O)[C@H](O)CO)C(O)=O
158,158,,CC(=O)N[C@@H]1[C@@H](O)C[C@](O)(O[C@H]1[C@H](O)[C@H](O)CO)C(O)=O
159,159,,CC(=O)N[C@@H]1[C@@H](O)C[C@](O)(O[C@H]1[C@H](O)[C@H](O)CO)C(O)=O
160,160,,CC(=O)N[C@@H]1[C@@H](O)C[C@](O)(O[C@H]1[C@H](O)[C@H](O)CO)C(O)=O
161,161,,CC(=O)N[C@@H]1[C@@H](O)C[C@](O)(O[C@H]1[C@H](O)[C@H](O)CO)C(O)=O
162,162,,CC(=O)N[C@@H]1[C@@H](O)C[C@](O)(O[C@H]1[C@H](O)[C@H](O)CO)C(O)=O
163,163,,CC(=O)N[C@@H]1[C@@H](O)C[C@](O)(O[C@H]1[C@H](O)[C@H](O)CO)C(O)=O
164,164,,CC(=O)N[C@@H]1[C@@H](O)C[C@](O)(O[C@H]1[C@H](O)[C@H](O)CO)C(O)=O
165,165,,CC(=O)N[C@@H]1[C@@H](O)C[C@](O)(O[C@H]1[C@H](O)[C@H](O)CO)C(O)=O
166,166,,CC(=O)N[C@@H]1[C@@H](O)C[C@](O)(O[C@H]1[C@H](O)[C@H](O)CO)C(O)=O
167,167,,CC(=O)N[C@@H]1[C@@H](O)C[C@](O)(O[C@H]1[C@H](O)[C@H](O)CO)C(O)=O
168,168,,CC(=O)N[C@@H]1[C@@H](O)C[C@](O)(O[C@H]1[C@H](O)[C@H](O)CO)C(O)=O
169,169,,CC(=O)N[C@@H]1[C@@H](O)C[C@](O)(O[C@H]1[C@H](O)[C@H](O)CO)C(O)=O
170,170,,CC(=O)N[C@@H]1[C@@H](O)C[C@](O)(O[C@H]1[C@H](O)[C@H](O)CO)C(O)=O
171,171,,CC(=O)N[C@@H]1[C@@H](O)C[C@](O)(O[C@H]1[C@H](O)[C@H](O)CO)C(O)=O
172,172,"1-(7-(8-ethylnaphthalen-1-yl)-2-((hexahydro-1H-pyrrolizin-7a-yl)methoxy)-5,6,7,8-tetrahydropyrido[3,4-d]pyrimidin-4-yl)-6-(hydroxymethyl)azepan-4-ol",CCc1cccc2cccc(N3CCc4c(C3)nc(OCC56CCCN5CCC6)nc4N7CCC(O)CC(CO)C7)c12
173,173,"1-(7-(8-ethylnaphthalen-1-yl)-2-((hexahydro-1H-pyrrolizin-7a-yl)methoxy)-5,6,7,8-tetrahydropyrido[3,4-d]pyrimidin-4-yl)-6-(hydroxymethyl)azepan-4-ol",CCc1cccc2cccc(N3CCc4c(C3)nc(OCC56CCCN5CCC6)nc4N7CCC(O)CC(CO)C7)c12
174,174,"1-(7-(8-ethylnaphthalen-1-yl)-2-((hexahydro-1H-pyrrolizin-7a-yl)methoxy)-5,6,7,8-tetrahydropyrido[3,4-d]pyrimidin-4-yl)-6-(hydroxymethyl)azepan-4-ol",CCc1cccc2cccc(N3CCc4c(C3)nc(OCC56CCCN5CCC6)nc4N7CCC(O)CC(CO)C7)c12
175,175,"5-[7-(8-ethyl-7-fluoro-3-hydroxy-1-naphthyl)-2-(1,2,3,5,6,7-hexahydropyrrolizin-8-ylmethoxy)-6,8-dihydro-5H-pyrido[3,4-d]pyrimidin-4-yl]-N,N-dimethyl-4,6,7,8-tetrahydropyrazolo[1,5-a][1,4]diazepine-2-carboxamide",Did not work
176,176,"4-(4-(8-oxa-3-azabicyclo[3.2.1]octan-3-yl)-2-(((2R,7aS)-2-fluorotetrahydro-1H-pyrrolizin-7a(5H)-yl)methoxy)-5,8-dihydropyrido[3,4-d]pyrimidin-7(6H)-yl)-5-ethyl-6-fluoronaphthalen-2-ol",CCc1c(F)ccc2cc(O)cc(N3CCc4c(C3)nc(OC[C@@]56CCCN5C[C@H](F)C6)nc4N7CC8CCC(C7)O8)c12
177,177,"3-(7-(8-ethyl-7-fluoro-3-hydroxynaphthalen-1-yl)-2-(((2R,7aS)-2-fluorohexahydro-1H-pyrrolizin-7a-yl)methoxy)-5,6,7,8-tetrahydropyrido[3,4-d]pyrimidin-4-yl)-3-azabicyclo[3.2.0]heptan-6-ol",CCc1c(F)ccc2cc(O)cc(N3CCc4c(C3)nc(OC[C@@]56CCCN5C[C@H](F)C6)nc4N7CC8CC(O)C8C7)c12
178,178,"4-(4-(7,8-dihydro-4H-[1,2,3]triazolo[1,5-a][1,4]diazepin-5(6H)-yl)-2-(((2R,7aS)-2-fluorotetrahydro-1H-pyrrolizin-7a(5H)-yl)methoxy)-5,8-dihydropyrido[3,4-d]pyrimidin-7(6H)-yl)-5-ethyl-6-fluoronaphthalen-2-ol",CCc1c(F)ccc2cc(O)cc(N3CCc4c(C3)nc(OC[C@@]56CCCN5C[C@H](F)C6)nc4N7CCCn8nncc8C7)c12
179,179,"3-(7-(8-ethyl-7-fluoro-3-hydroxynaphthalen-1-yl)-2-(((2R,7aS)-2-fluorohexahydro-1H-pyrrolizin-7a-yl)methoxy)-5,6,7,8-tetrahydropyrido[3,4-d]pyrimidin-4-yl)-3-azabicyclo[3.3.1]nonan-7-ol",CCc1c(F)ccc2cc(O)cc(N3CCc4c(C3)nc(OC[C@@]56CCCN5C[C@H](F)C6)nc4N7CC8CC(O)CC(C8)C7)c12
180,180,"4-(4-(8,9-dihydro-5H-pyrido[3,2-c]azepin-6(7H)-yl)-2-(((2R,7aS)-2-fluorohexahydro-1H-pyrrolizin-7a-yl)methoxy)-5,6-dihydropyrido[3,4-d]pyrimidin-7(8H)-yl)-5-ethyl-6-fluoronaphthalen-2-ol",CCc1c(F)ccc2cc(O)cc(N3CCc4c(C3)nc(OC[C@@]56CCCN5C[C@H](F)C6)nc4N7CCCc8ncccc8C7)c12
181,181,"4-(4-(2-amino-7,8-dihydro-4H-thiazolo[5,4-c]azepin-5(6H)-yl)-2-(((2R,7aS)-2-fluorohexahydro-1H-pyrrolizin-7a-yl)methoxy)-5,6-dihydropyrido[3,4-d]pyrimidin-7(8H)-yl)-5-ethyl-6-fluoronaphthalen-2-ol",CCc1c(F)ccc2cc(O)cc(N3CCc4c(C3)nc(OC[C@@]56CCCN5C[C@H](F)C6)nc4N7CCCc8nc(N)sc8C7)c12
182,182,"(3aR,4S,6aS)-2-(7-(8-ethyl-7-fluoro-3-hydroxynaphthalen-1-yl)-2-(((2R,7aS)-2-fluorohexahydro-1H-pyrrolizin-7a-yl)methoxy)-5,6,7,8-tetrahydropyrido[3,4-d]pyrimidin-4-yl)octahydrocyclopenta[c]pyrrol-4-ol",CCc1c(F)ccc2cc(O)cc(N3CCc4c(C3)nc(OC[C@@]56CCCN5C[C@H](F)C6)nc4N7C[C@H]8CC[C@H](O)[C@H]8C7)c12
183,183,"(3aR,5R,6aS)-2-(7-(8-ethyl-7-fluoro-3-hydroxynaphthalen-1-yl)-2-(((2R,7aS)-2-fluorohexahydro-1H-pyrrolizin-7a-yl)methoxy)-5,6,7,8-tetrahydropyrido[3,4-d]pyrimidin-4-yl)octahydrocyclopenta[c]pyrrol-5-ol",Did not work
184,184,"(3aR,5S,6aS)-2-(7-(8-ethyl-7-fluoro-3-hydroxynaphthalen-1-yl)-2-(((2R,7aS)-2-fluorohexahydro-1H-pyrrolizin-7a-yl)methoxy)-5,6,7,8-tetrahydropyrido[3,4-d]pyrimidin-4-yl)octahydrocyclopenta[c]pyrrol-5-ol",Did not work
185,185,"(3aR,4R,6aS)-2-(7-(8-ethyl-7-fluoro-3-hydroxynaphthalen-1-yl)-2-(((2R,7aS)-2-fluorotetrahydro-1H-pyrrolizin-7a(5H)-yl)methoxy)-5,6,7,8-tetrahydropyrido[3,4-d]pyrimidin-4-yl)octahydrocyclopenta[c]pyrrol-4-ol",CCc1c(F)ccc2cc(O)cc(N3CCc4c(C3)nc(OC[C@@]56CCCN5C[C@H](F)C6)nc4N7C[C@H]8CC[C@@H](O)[C@H]8C7)c12
186,186,"(3R,5R)-1-(7-(8-ethyl-7-fluoro-3-hydroxynaphthalen-1-yl)-2-(((2R,7aS)-2-fluorohexahydro-1H-pyrrolizin-7a-yl)methoxy)-5,6,7,8-tetrahydropyrido[3,4-d]pyrimidin-4-yl)-5-hydroxypiperidine-3-carboxamide",CCc1c(F)ccc2cc(O)cc(N3CCc4c(C3)nc(OC[C@@]56CCCN5C[C@H](F)C6)nc4N7C[C@H](O)C[C@H](C7)C(N)=O)c12
187,187,"(3S,5R)-1-(7-(8-ethyl-7-fluoro-3-hydroxynaphthalen-1-yl)-2-(((2R,7aS)-2-fluorohexahydro-1H-pyrrolizin-7a-yl)methoxy)-5,6,7,8-tetrahydropyrido[3,4-d]pyrimidin-4-yl)-5-hydroxypiperidine-3-carboxamide",CCc1c(F)ccc2cc(O)cc(N3CCc4c(C3)nc(OC[C@@]56CCCN5C[C@H](F)C6)nc4N7C[C@H](O)C[C@@H](C7)C(N)=O)c12
188,188,"5-(7-(8-ethyl-7-fluoro-3-hydroxynaphthalen-1-yl)-2-(((2R,7aS)-2-fluorotetrahydro-1H-pyrrolizin-7a(5H)-yl)methoxy)-5,6,7,8-tetrahydropyrido[3,4-d]pyrimidin-4-yl)-N-isopropyl-5,6,7,8-tetrahydro-4H-pyrazolo[1,5-a][1,4]diazepine-2-carboxamide",CCc1c(F)ccc2cc(O)cc(N3CCc4c(C3)nc(OC[C@@]56CCCN5C[C@H](F)C6)nc4N7CCCn8nc(cc8C7)C(=O)NC(C)C)c12
189,189,"5-(7-(8-ethyl-7-fluoro-3-hydroxynaphthalen-1-yl)-2-(((2R,7aS)-2-fluorotetrahydro-1H-pyrrolizin-7a(5H)-yl)methoxy)-5,6,7,8-tetrahydropyrido[3,4-d]pyrimidin-4-yl)-N,N,3-trimethyl-5,6,7,8-tetrahydro-4H-pyrazolo[1,5-a][1,4]diazepine-2-carboxamide",CCc1c(F)ccc2cc(O)cc(N3CCc4c(C3)nc(OC[C@@]56CCCN5C[C@H](F)C6)nc4N7CCCn8nc(c(C)c8C7)C(=O)N(C)C)c12
190,190,"5-(7-(8-ethyl-7-fluoro-3-hydroxynaphthalen-1-yl)-2-(((2R,7aS)-2-fluorotetrahydro-1H-pyrrolizin-7a(5H)-yl)methoxy)-5,6,7,8-tetrahydropyrido[3,4-d]pyrimidin-4-yl)-3-fluoro-N,N-dimethyl-5,6,7,8-tetrahydro-4H-pyrazolo[1,5-a][1,4]diazepine-2-carboxamide",CCc1c(F)ccc2cc(O)cc(N3CCc4c(C3)nc(OC[C@@]56CCCN5C[C@H](F)C6)nc4N7CCCn8nc(c(F)c8C7)C(=O)N(C)C)c12
191,191,"(5-(7-(8-ethyl-7-fluoro-3-hydroxynaphthalen-1-yl)-2-(((2R,7aS)-2-fluorotetrahydro-1H-pyrrolizin-7a(5H)-yl)methoxy)-5,6,7,8-tetrahydropyrido[3,4-d]pyrimidin-4-yl)-5,6,7,8-tetrahydro-4H-pyrazolo[1,5-a][1,4]diazepin-2-yl)(pyrrolidin-1-yl)methanone",CCc1c(F)ccc2cc(O)cc(N3CCc4c(C3)nc(OC[C@@]56CCCN5C[C@H](F)C6)nc4N7CCCn8nc(cc8C7)C(=O)N9CCCC9)c12
192,192,"3-chloro-5-(7-(8-ethyl-7-fluoro-3-hydroxynaphthalen-1-yl)-2-(((2R,7aS)-2-fluorotetrahydro-1H-pyrrolizin-7a(5H)-yl)methoxy)-5,6,7,8-tetrahydropyrido[3,4-d]pyrimidin-4-yl)-N,N-dimethyl-5,6,7,8-tetrahydro-4H-pyrazolo[1,5-a][1,4]diazepine-2-carboxamide",CCc1c(F)ccc2cc(O)cc(N3CCc4c(C3)nc(OC[C@@]56CCCN5C[C@H](F)C6)nc4N7CCCn8nc(c(Cl)c8C7)C(=O)N(C)C)c12
193,193,"(5-(7-(8-ethyl-7-fluoro-3-hydroxynaphthalen-1-yl)-2-(((2R,7aS)-2-fluorohexahydro-1H-pyrrolizin-7a-yl)methoxy)-5,6,7,8-tetrahydropyrido[3,4-d]pyrimidin-4-yl)-5,6,7,8-tetrahydro-4H-pyrazolo[1,5-a][1,4]diazepin-2-yl)(morpholino)methanone",CCc1c(F)ccc2cc(O)cc(N3CCc4c(C3)nc(OC[C@@]56CCCN5C[C@H](F)C6)nc4N7CCCn8nc(cc8C7)C(=O)N9CCOCC9)c12
194,194,"5-(7-(8-ethyl-7-fluoro-3-hydroxynaphthalen-1-yl)-2-(((2R,7aS)-2-fluorohexahydro-1H-pyrrolizin-7a-yl)methoxy)-5,6,7,8-tetrahydropyrido[3,4-d]pyrimidin-4-yl)-N,N-dimethyl-5,6,7,8-tetrahydropyrazolo[4,3-c]azepine-2(4H)-carboxamide",CCc1c(F)ccc2cc(O)cc(N3CCc4c(C3)nc(OC[C@@]56CCCN5C[C@H](F)C6)nc4N7CCCc8nn(cc8C7)C(=O)N(C)C)c12
195,195,"5-(7-(8-ethyl-7-fluoro-3-hydroxynaphthalen-1-yl)-2-(((2R,7aS)-2-fluorohexahydro-1H-pyrrolizin-7a-yl)methoxy)-5,6,7,8-tetrahydropyrido[3,4-d]pyrimidin-4-yl)-N-isopropyl-5,6,7,8-tetrahydropyrazolo[4,3-c]azepine-2(4H)-carboxamide",CCc1c(F)ccc2cc(O)cc(N3CCc4c(C3)nc(OC[C@@]56CCCN5C[C@H](F)C6)nc4N7CCCc8nn(cc8C7)C(=O)NC(C)C)c12
196,196,"(R)-7-(7-(8-ethyl-7-fluoro-3-hydroxynaphthalen-1-yl)-2-(((2R,7aS)-2-fluorohexahydro-1H-pyrrolizin-7a-yl)methoxy)-5,6,7,8-tetrahydropyrido[3,4-d]pyrimidin-4-yl)-1,3,7-triazaspiro[4.5]decane-2,4-dione",CCc1c(F)ccc2cc(O)cc(N3CCc4c(C3)nc(OC[C@@]56CCCN5C[C@H](F)C6)nc4N7CCC[C@]8(C7)NC(=O)NC8=O)c12
197,197,"7-(7-(8-ethyl-7-fluoro-3-hydroxynaphthalen-1-yl)-2-(((2R,7aS)-2-fluorohexahydro-1H-pyrrolizin-7a-yl)methoxy)-5,6,7,8-tetrahydropyrido[3,4-d]pyrimidin-4-yl)-2,7-diazaspiro[4.5]decan-3-one",CCc1c(F)ccc2cc(O)cc(N3CCc4c(C3)nc(OC[C@@]56CCCN5C[C@H](F)C6)nc4N7CCCC8(CNC(=O)C8)C7)c12
198,198,"5-[7-(8-ethyl-7-fluoro-3-hydroxy-1-naphthyl)-2-[[(2S)-1-methylpyrrolidin-2-yl]methoxy]-6,8-dihydro-5H-pyrido[3,4-d]pyrimidin-4-yl]-N,N-dimethyl-4,6,7,8-tetrahydropyrazolo[1,5-a][1,4]diazepine-2-carboxamide",CCc1c(F)ccc2cc(O)cc(N3CCc4c(C3)nc(OC[C@@H]5CCCN5C)nc4N6CCCn7nc(cc7C6)C(=O)N(C)C)c12
199,199,"(R)-1-(2-((1-((dimethylamino)methyl)cyclopropyl)methoxy)-7-(8-ethyl-7-fluoro-3-hydroxynaphthalen-1-yl)-5,6,7,8-tetrahydropyrido[3,4-d]pyrimidin-4-yl)-3-methylpiperidin-3-ol",CCc1c(F)ccc2cc(O)cc(N3CCc4c(C3)nc(OCC5(CC5)CN(C)C)nc4N6CCC[C@@](C)(O)C6)c12
200,200,"(3aS,6aR)-5-[2-[[1-[(dimethylamino)methyl]cyclopropyl]methoxy]-7-(8-ethyl-7-fluoro-3-hydroxy-1-naphthyl)-6,8-dihydro-5H-pyrido[3,4-d]pyrimidin-4-yl]-3a,4,6,6a-tetrahydropyrrolo[3,4-c]pyrrole-1,3-dione",CCc1c(F)ccc2cc(O)cc(N3CCc4c(C3)nc(OCC5(CC5)CN(C)C)nc4N6C[C@H]7[C@@H](C6)C(=O)NC7=O)c12
201,201,"7-(2-((1-((dimethylamino)methyl)cyclopropyl)methoxy)-7-(8-ethyl-7-fluoro-3-hydroxynaphthalen-1-yl)-5,6,7,8-tetrahydropyrido[3,4-d]pyrimidin-4-yl)-1,3,7-triazaspiro[4.5]decane-2,4-dione",CCc1c(F)ccc2cc(O)cc(N3CCc4c(C3)nc(OCC5(CC5)CN(C)C)nc4N6CCCC7(C6)NC(=O)NC7=O)c12
202,202,"7-(2-((1-((dimethylamino)methyl)cyclopropyl)methoxy)-7-(8-ethyl-7-fluoro-3-hydroxynaphthalen-1-yl)-5,6,7,8-tetrahydropyrido[3,4-d]pyrimidin-4-yl)-2-thia-1,3,7-triazaspiro[4.5]decane 2,2-dioxide",Did not work
203,203,"5-(2-((1-((dimethylamino)methyl)cyclopropyl)methoxy)-7-(8-ethyl-7-fluoro-3-hydroxynaphthalen-1-yl)-5,6,7,8-tetrahydropyrido[3,4-d]pyrimidin-4-yl)-N,N-dimethyl-5,6,7,8-tetrahydro-4H-pyrazolo[1,5-a][1,4]diazepine-2-carboxamide",CCc1c(F)ccc2cc(O)cc(N3CCc4c(C3)nc(OCC5(CC5)CN(C)C)nc4N6CCCn7nc(cc7C6)C(=O)N(C)C)c12
204,204,"(R)-1-(7-(3-chloro-2-cyclopropyl-5-hydroxyphenyl)-2-((hexahydro-1H-pyrrolizin-7a-yl)methoxy)-5,6,7,8-tetrahydropyrido[3,4-d]pyrimidin-4-yl)-3-methylpiperidin-3-ol",C[C@@]1(O)CCCN(C1)c2nc(OCC34CCCN3CCC4)nc5CN(CCc25)c6cc(O)cc(Cl)c6C7CC7
205,205,"4-[7-(8-chloro-1-naphthyl)-2-[[(2S)-1-methylpyrrolidin-2-yl]methoxy]-6,8-dihydro-5H-pyrido[3,4-d]pyrimidin-4-yl]-6-methyl-1,4-oxazepan-6-ol",CN1CCC[C@H]1COc2nc3CN(CCc3c(n2)N4CCOCC(C)(O)C4)c5cccc6cccc(Cl)c56
206,206,"(3aS,6aR)-5-[7-(8-chloro-1-naphthyl)-2-[[(2S)-1-methylpyrrolidin-2-yl]methoxy]-6,8-dihydro-5H-pyrido[3,4-d]pyrimidin-4-yl]-3a,4,6,6a-tetrahydropyrrolo[3,4-c]pyrrole-1,3-dione",CN1CCC[C@H]1COc2nc3CN(CCc3c(n2)N4C[C@H]5[C@@H](C4)C(=O)NC5=O)c6cccc7cccc(Cl)c67
207,207,"8-[7-(8-chloro-1-naphthyl)-2-[[(2S)-1-methylpyrrolidin-2-yl]methoxy]-6,8-dihydro-5H-pyrido[3,4-d]pyrimidin-4-yl]-1,8-diazaspiro[3.5]nonan-2-one",CN1CCC[C@H]1COc2nc3CN(CCc3c(n2)N4CCCC5(C4)CC(=O)N5)c6cccc7cccc(Cl)c67
208,208,"9-[7-(8-chloro-1-naphthyl)-2-[[(2S)-1-methylpyrrolidin-2-yl]methoxy]-6,8-dihydro-5H-pyrido[3,4-d]pyrimidin-4-yl]-2Î»6-thia-1,3,9-triazaspiro[4.5]decane 2,2-dioxide",Did not work
209,209,"(S)-5-(7-(8-chloronaphthalen-1-yl)-2-((1-methylpyrrolidin-2-yl)methoxy)-5,6,7,8-tetrahydropyrido[3,4-d]pyrimidin-4-yl)-N,N-dimethyl-5,6,7,8-tetrahydro-4H-pyrazolo[1,5-a][1,4]diazepine-2-carboxamide",CN(C)C(=O)c1cc2CN(CCCn2n1)c3nc(OC[C@@H]4CCCN4C)nc5CN(CCc35)c6cccc7cccc(Cl)c67
210,210,"7-(7-(8-chloronaphthalen-1-yl)-2-(((S)-1-methylpyrrolidin-2-yl)methoxy)-5,6,7,8-tetrahydropyrido[3,4-d]pyrimidin-4-yl)-1,3,7-triazaspiro[4.5]decan-2-one",CN1CCC[C@H]1COc2nc3CN(CCc3c(n2)N4CCCC5(CNC(=O)N5)C4)c6cccc7cccc(Cl)c67
211,211,"9-[7-(8-chloro-1-naphthyl)-2-[[(2S)-1-methylpyrrolidin-2-yl]methoxy]-6,8-dihydro-5H-pyrido[3,4-d]pyrimidin-4-yl]-1,3,9-triazaspiro[4.5]decane-2,4-dione",CN1CCC[C@H]1COc2nc3CN(CCc3c(n2)N4CCCC5(C4)NC(=O)NC5=O)c6cccc7cccc(Cl)c67
212,212,"4-(4-(2-amino-7,8-dihydro-4H-pyrazolo[1,5-a][1,4]diazepin-5(6H)-yl)-2-(((2R,7aS)-2-fluorohexahydro-1H-pyrrolizin-7a-yl)methoxy)-5,6-dihydropyrido[3,4-d]pyrimidin-7(8H)-yl)-5-bromo-6-fluoronaphthalen-2-ol",Nc1cc2CN(CCCn2n1)c3nc(OC[C@@]45CCCN4C[C@H](F)C5)nc6CN(CCc36)c7cc(O)cc8ccc(F)c(Br)c78
213,213_214,"6-(7-(8-bromo-7-fluoro-3-hydroxynaphthalen-1-yl)-2-(((2R,7aS)-2-fluorotetrahydro-1H-pyrrolizin-7a(5H)-yl)methoxy)-5,6,7,8-tetrahydropyrido[3,4-d]pyrimidin-4-yl)-6-azabicyclo[3.2.1]octan-3-ol",OC1CC2CC(C1)N(C2)c3nc(OC[C@@]45CCCN4C[C@H](F)C5)nc6CN(CCc36)c7cc(O)cc8ccc(F)c(Br)c78
214,214,,CC(=O)N[C@@H]1[C@@H](O)C[C@](O)(O[C@H]1[C@H](O)[C@H](O)CO)C(O)=O
215,215,"3-(7-(8-bromo-7-fluoro-3-hydroxynaphthalen-1-yl)-2-(((2R,7aS)-2-fluorohexahydro-1H-pyrrolizin-7a-yl)methoxy)-5,6,7,8-tetrahydropyrido[3,4-d]pyrimidin-4-yl)-3-azabicyclo[3.2.1]octan-6-ol",OC1CC2CC1CN(C2)c3nc(OC[C@@]45CCCN4C[C@H](F)C5)nc6CN(CCc36)c7cc(O)cc8ccc(F)c(Br)c78
216,216,"7-(7-(8-bromo-7-fluoro-3-hydroxynaphthalen-1-yl)-2-(((2R,7aS)-2-fluorohexahydro-1H-pyrrolizin-7a-yl)methoxy)-5,6,7,8-tetrahydropyrido[3,4-d]pyrimidin-4-yl)-1,3,7-triazaspiro[4.5]decan-2-one",Oc1cc2ccc(F)c(Br)c2c(c1)N3CCc4c(C3)nc(OC[C@@]56CCCN5C[C@H](F)C6)nc4N7CCCC8(CNC(=O)N8)C7
217,217,"7-(7-(8-bromo-7-fluoro-3-hydroxynaphthalen-1-yl)-2-(((2R,7aS)-2-fluorohexahydro-1H-pyrrolizin-7a-yl)methoxy)-5,6,7,8-tetrahydropyrido[3,4-d]pyrimidin-4-yl)-1,3,7-triazaspiro[4.5]decane-2,4-dione",Oc1cc2ccc(F)c(Br)c2c(c1)N3CCc4c(C3)nc(OC[C@@]56CCCN5C[C@H](F)C6)nc4N7CCCC8(C7)NC(=O)NC8=O
218,218,"5-(7-(8-bromo-7-fluoro-3-hydroxynaphthalen-1-yl)-2-(((2R,7aS)-2-fluorohexahydro-1H-pyrrolizin-7a-yl)methoxy)-5,6,7,8-tetrahydropyrido[3,4-d]pyrimidin-4-yl)-N,N-dimethyl-5,6,7,8-tetrahydro-4H-pyrazolo[1,5-a][1,4]diazepine-2-carboxamide",CN(C)C(=O)c1cc2CN(CCCn2n1)c3nc(OC[C@@]45CCCN4C[C@H](F)C5)nc6CN(CCc36)c7cc(O)cc8ccc(F)c(Br)c78
219,219,"4-(7-(8-bromo-7-fluoro-3-hydroxynaphthalen-1-yl)-2-(((2R,7aS)-2-fluorohexahydro-1H-pyrrolizin-7a-yl)methoxy)-5,6,7,8-tetrahydropyrido[3,4-d]pyrimidin-4-yl)-6-methyl-1,4-oxazepan-6-ol",CC1(O)COCCN(C1)c2nc(OC[C@@]34CCCN3C[C@H](F)C4)nc5CN(CCc25)c6cc(O)cc7ccc(F)c(Br)c67
220,220,"5-bromo-6-fluoro-4-(2-(((2R,7aS)-2-fluorohexahydro-1H-pyrrolizin-7a-yl)methoxy)-4-(6-(hydroxymethyl)-1,4-oxazepan-4-yl)-5,6-dihydropyrido[3,4-d]pyrimidin-7(8H)-yl)naphthalen-2-ol",OCC1COCCN(C1)c2nc(OC[C@@]34CCCN3C[C@H](F)C4)nc5CN(CCc25)c6cc(O)cc7ccc(F)c(Br)c67
221,221,"4-(4-(6-(1H-pyrazol-1-yl)-1,4-oxazepan-4-yl)-2-(((2R,7aS)-2-fluorotetrahydro-1H-pyrrolizin-7a(5H)-yl)methoxy)-5,8-dihydropyrido[3,4-d]pyrimidin-7(6H)-yl)-5-bromo-6-fluoronaphthalen-2-ol",Oc1cc2ccc(F)c(Br)c2c(c1)N3CCc4c(C3)nc(OC[C@@]56CCCN5C[C@H](F)C6)nc4N7CCOCC(C7)n8cccn8
222,222,"(R)-1-(7-(8-bromo-7-fluoro-3-hydroxynaphthalen-1-yl)-2-(((2R,7aS)-2-fluorotetrahydro-1H-pyrrolizin-7a(5H)-yl)methoxy)-5,6,7,8-tetrahydropyrido[3,4-d]pyrimidin-4-yl)-3-methylpiperidin-3-ol",C[C@@]1(O)CCCN(C1)c2nc(OC[C@@]34CCCN3C[C@H](F)C4)nc5CN(CCc25)c6cc(O)cc7ccc(F)c(Br)c67
223,223,"6-(7-(8-bromo-7-fluoro-3-hydroxynaphthalen-1-yl)-2-(((2R,7aS)-2-fluorohexahydro-1H-pyrrolizin-7a-yl)methoxy)-5,6,7,8-tetrahydropyrido[3,4-d]pyrimidin-4-yl)-1,6-diazaspiro[3.5]nonan-2-one",Oc1cc2ccc(F)c(Br)c2c(c1)N3CCc4c(C3)nc(OC[C@@]56CCCN5C[C@H](F)C6)nc4N7CCCC8(C7)CC(=O)N8
224,224,"6-(7-(8-bromo-7-fluoro-3-hydroxynaphthalen-1-yl)-2-(((2R,7aS)-2-fluorohexahydro-1H-pyrrolizin-7a-yl)methoxy)-5,6,7,8-tetrahydropyrido[3,4-d]pyrimidin-4-yl)-6-azaspiro[3.5]nonan-2-ol",OC1CC2(CCCN(C2)c3nc(OC[C@@]45CCCN4C[C@H](F)C5)nc6CN(CCc36)c7cc(O)cc8ccc(F)c(Br)c78)C1
225,225,"7-(7-(8-bromo-7-fluoro-3-hydroxynaphthalen-1-yl)-2-(((2R,7aS)-2-fluorohexahydro-1H-pyrrolizin-7a-yl)methoxy)-5,6,7,8-tetrahydropyrido[3,4-d]pyrimidin-4-yl)-2-thia-1,3,7-triazaspiro[4.5]decane 2,2-dioxide",Did not work
226,226,"5-(7-(8-bromo-7-fluoro-3-hydroxynaphthalen-1-yl)-2-(((2R,7aS)-2-fluorohexahydro-1H-pyrrolizin-7a-yl)methoxy)-5,6,7,8-tetrahydropyrido[3,4-d]pyrimidin-4-yl)tetrahydropyrrolo[3,4-c]pyrrole-1,3(2H,3aH)-dione",Oc1cc2ccc(F)c(Br)c2c(c1)N3CCc4c(C3)nc(OC[C@@]56CCCN5C[C@H](F)C6)nc4N7CC8C(C7)C(=O)NC8=O
227,227,"3-(7-(8-chloro-7-fluoro-3-hydroxynaphthalen-1-yl)-2-(((2R,7aS)-2-fluorohexahydro-1H-pyrrolizin-7a-yl)methoxy)-5,6,7,8-tetrahydropyrido[3,4-d]pyrimidin-4-yl)-3-azabicyclo[3.2.1]octan-6-ol",OC1CC2CC1CN(C2)c3nc(OC[C@@]45CCCN4C[C@H](F)C5)nc6CN(CCc36)c7cc(O)cc8ccc(F)c(Cl)c78
228,228,"7-(7-(8-chloro-7-fluoro-3-hydroxynaphthalen-1-yl)-2-(((2R,7aS)-2-fluorohexahydro-1H-pyrrolizin-7a-yl)methoxy)-5,6,7,8-tetrahydropyrido[3,4-d]pyrimidin-4-yl)-1,3,7-triazaspiro[4.5]decan-2-one",Oc1cc2ccc(F)c(Cl)c2c(c1)N3CCc4c(C3)nc(OC[C@@]56CCCN5C[C@H](F)C6)nc4N7CCCC8(CNC(=O)N8)C7
229,229,"5-(7-(8-chloro-7-fluoro-3-hydroxynaphthalen-1-yl)-2-(((2R,7aS)-2-fluorohexahydro-1H-pyrrolizin-7a-yl)methoxy)-5,6,7,8-tetrahydropyrido[3,4-d]pyrimidin-4-yl)-N,N-dimethyl-5,6,7,8-tetrahydro-4H-pyrazolo[1,5-a][1,4]diazepine-2-carboxamide",CN(C)C(=O)c1cc2CN(CCCn2n1)c3nc(OC[C@@]45CCCN4C[C@H](F)C5)nc6CN(CCc36)c7cc(O)cc8ccc(F)c(Cl)c78
230,230,"4-(4-(6-(1H-pyrazol-1-yl)-1,4-oxazepan-4-yl)-2-(((2R,7aS)-2-fluorohexahydro-1H-pyrrolizin-7a-yl)methoxy)-5,6-dihydropyrido[3,4-d]pyrimidin-7(8H)-yl)-5-chloro-6-fluoronaphthalen-2-ol",Oc1cc2ccc(F)c(Cl)c2c(c1)N3CCc4c(C3)nc(OC[C@@]56CCCN5C[C@H](F)C6)nc4N7CCOCC(C7)n8cccn8
231,231,"6-(7-(8-chloro-7-fluoro-3-hydroxynaphthalen-1-yl)-2-(((2R,7aS)-2-fluorotetrahydro-1H-pyrrolizin-7a(5H)-yl)methoxy)-5,6,7,8-tetrahydropyrido[3,4-d]pyrimidin-4-yl)-2,6-diazaspiro[3.5]nonan-1-one",Oc1cc2ccc(F)c(Cl)c2c(c1)N3CCc4c(C3)nc(OC[C@@]56CCCN5C[C@H](F)C6)nc4N7CCCC8(CNC8=O)C7
232,232,"5-(7-(8-chloro-7-fluoro-3-hydroxynaphthalen-1-yl)-2-(((2R,7aS)-2-fluorohexahydro-1H-pyrrolizin-7a-yl)methoxy)-5,6,7,8-tetrahydropyrido[3,4-d]pyrimidin-4-yl)tetrahydropyrrolo[3,4-c]pyrrole-1,3(2H,3aH)-dione",Oc1cc2ccc(F)c(Cl)c2c(c1)N3CCc4c(C3)nc(OC[C@@]56CCCN5C[C@H](F)C6)nc4N7CC8C(C7)C(=O)NC8=O
